ackley,x_0,x_1,x_2,x_3,x_4,x_5,x_6,x_7,x_8,x_9,x_10,x_11,x_12,x_13,x_14,x_15,x_16,x_17,x_18,x_19,x_20,x_21,x_22,x_23,x_24,x_25,x_26,x_27,x_28,x_29,x_30,x_31,x_32,x_33,x_34,x_35,x_36,x_37,x_38,x_39,x_40,x_41,x_42,x_43,x_44,x_45,x_46,x_47,x_48,x_49,x_50,x_51,x_52,x_53,x_54,x_55,x_56,x_57,x_58,x_59
16.94933574,23,32,36,30,24,19,34,32,20,37,26,31,38,45,47,17,27,26,22,26,20,27,31,26,33,33,33,22,42,27,29,42,23,31,27,41,33,43,35,36,33,35,38,26,18,27,34,35,30,45,31,24,53,27,29,20,25,34,40,34
17.21141304,23,32,36,30,43,19,34,32,39,37,34,31,38,45,47,27,27,26,22,26,20,27,31,26,33,33,33,22,42,27,50,42,23,37,27,41,33,30,24,18,33,35,38,34,18,27,34,35,30,45,31,24,53,27,29,16,25,34,40,34
17.25676584,23,32,36,30,43,19,34,32,20,37,26,31,38,45,47,34,27,27,22,26,20,39,31,40,22,33,33,22,42,27,29,42,23,30,27,41,33,42,24,18,33,35,38,34,18,27,36,35,30,45,31,24,53,27,29,16,25,34,40,34
17.32319042,23,32,36,30,43,19,34,32,20,37,26,31,38,45,47,17,27,26,40,26,20,27,31,26,33,33,33,22,42,27,29,43,23,37,27,41,33,42,24,18,33,35,38,34,20,27,34,35,30,45,31,24,53,27,29,16,25,25,40,34
17.33978239,23,32,36,30,43,19,34,32,20,37,26,31,38,45,47,17,27,26,22,26,20,27,31,26,33,33,33,22,42,27,29,42,23,37,27,41,33,42,24,18,33,35,38,34,18,27,34,35,30,45,31,24,53,27,29,16,25,34,40,34
17.35235493,23,32,36,30,43,19,34,32,20,37,26,31,34,45,47,17,27,26,22,26,20,27,31,26,33,25,33,22,42,27,29,42,23,37,27,41,33,42,24,18,33,35,38,34,18,27,34,35,30,45,31,24,53,27,29,16,25,32,40,34
17.3565105,23,32,36,30,43,24,34,32,20,37,27,31,38,45,18,17,27,26,22,26,20,27,31,26,33,33,33,22,42,30,29,42,23,37,27,41,33,51,24,18,33,35,32,34,18,27,34,35,30,45,31,24,53,27,29,16,25,34,25,34
17.35801837,23,32,36,30,43,19,34,32,20,37,39,31,38,45,47,17,27,26,51,26,20,27,31,26,33,33,33,22,42,27,29,36,23,37,27,41,33,29,38,18,33,35,38,34,18,27,34,35,30,45,31,24,53,27,29,18,25,38,40,34
17.36048506,23,32,36,30,43,19,34,32,20,37,26,31,38,45,47,17,27,26,21,26,20,27,31,26,33,33,33,22,42,27,29,42,23,37,27,41,33,42,24,18,33,35,38,34,18,27,34,35,30,45,31,24,53,27,29,16,25,34,40,34
17.39087102,23,32,36,30,43,19,34,32,20,37,26,31,38,45,47,17,27,26,22,26,20,27,31,26,33,25,33,22,42,27,29,42,23,37,27,41,33,42,24,18,33,35,38,34,18,27,34,35,30,45,31,24,53,27,29,16,25,34,40,34
17.40946143,23,32,36,30,43,19,34,32,20,37,26,31,38,45,47,17,27,26,22,26,20,27,31,26,33,33,33,22,42,27,29,42,23,37,27,41,33,45,35,18,33,35,48,34,18,27,34,35,30,45,31,24,53,27,29,25,25,25,40,34
17.44890668,23,32,36,30,43,19,34,32,20,37,26,31,38,45,47,17,27,26,22,26,10,27,31,26,33,33,33,22,42,27,29,42,23,37,27,41,33,42,24,36,33,35,38,34,18,27,34,35,30,45,31,24,53,27,29,16,25,34,40,34
17.45960421,23,32,36,30,43,19,34,32,20,37,26,31,38,39,47,17,27,44,22,26,20,27,31,26,33,33,33,39,42,27,29,42,23,37,27,41,33,42,24,18,33,35,17,34,18,27,34,35,30,45,31,24,53,27,29,16,25,34,40,34
17.47714703,23,32,36,30,43,19,34,32,34,37,39,31,38,45,47,47,27,26,57,26,20,27,31,26,33,33,33,22,42,35,29,42,23,37,27,45,33,42,24,18,33,35,38,34,18,27,34,35,30,45,31,24,53,27,29,28,25,32,40,34
17.4944596,23,32,36,30,43,19,34,32,20,37,26,31,38,30,47,17,27,26,22,26,20,27,31,26,33,33,33,11,42,27,29,42,23,37,27,41,33,42,24,17,33,35,38,34,18,27,34,35,30,45,31,24,53,27,29,16,25,34,40,34
17.50986858,23,32,36,30,43,19,34,32,20,37,26,31,38,45,47,17,27,26,22,26,20,27,31,26,33,33,33,22,42,27,29,15,23,37,27,41,33,42,24,18,33,35,38,34,18,27,34,35,30,45,31,24,53,27,29,16,25,34,40,34
17.53014053,23,32,36,30,43,19,34,32,20,37,26,31,38,45,47,17,27,26,22,26,20,27,31,26,33,33,33,22,42,27,29,42,23,37,27,41,33,42,24,18,33,35,38,34,18,17,34,35,30,45,31,24,53,27,29,16,25,34,40,34
17.53014053,23,32,36,30,43,19,34,32,20,37,26,31,38,45,47,17,27,26,22,26,20,27,31,26,33,33,33,22,42,27,29,42,23,37,27,41,33,42,24,18,33,35,38,34,18,17,34,35,30,45,31,24,53,27,29,16,25,34,40,34
17.53244619,23,32,36,30,43,19,34,32,20,37,38,31,38,45,47,17,27,26,22,26,20,18,31,26,33,33,33,43,42,27,29,42,23,37,27,41,33,42,24,18,33,35,38,34,18,29,34,35,30,45,31,24,53,15,29,27,25,31,40,34
17.53743051,23,32,36,30,43,19,34,32,20,37,26,31,38,45,47,17,27,26,40,26,20,27,31,26,33,33,33,22,42,27,29,42,23,37,27,41,33,21,24,18,33,35,38,34,18,27,34,35,42,45,31,24,53,27,29,16,19,30,40,34
17.53772802,23,32,36,30,43,19,34,32,20,37,33,31,38,45,47,17,27,26,22,26,20,27,31,26,33,33,33,19,42,27,29,42,23,37,24,41,33,42,24,18,33,35,38,34,18,27,34,35,30,45,31,24,53,27,29,16,25,29,46,34
17.55013015,23,32,36,30,43,19,34,32,20,37,26,31,38,45,47,17,27,26,22,26,20,27,31,26,33,33,33,2,42,27,29,38,23,37,27,41,33,42,24,36,33,35,38,34,18,27,34,35,30,31,31,24,53,27,29,16,25,34,40,34
17.55136393,23,32,36,30,43,19,34,32,20,37,26,31,38,34,47,17,27,26,22,26,20,27,31,26,33,33,33,22,42,27,29,42,23,37,27,9,33,42,24,18,33,35,38,34,18,27,34,35,30,45,31,24,53,27,29,16,25,34,40,34
17.55872127,23,32,36,30,43,19,46,32,20,37,39,31,38,49,47,17,27,26,22,26,20,27,31,26,33,33,33,28,42,27,29,42,23,37,27,41,33,42,24,18,33,35,38,34,18,27,34,35,30,45,31,24,53,27,29,16,25,34,40,34
17.55874494,36,32,36,30,43,19,34,32,39,37,38,40,38,39,47,39,27,26,34,26,20,27,42,28,33,14,33,28,38,27,29,42,44,30,44,9,33,42,24,18,39,35,38,34,18,34,39,35,30,45,31,24,48,27,29,16,25,29,40,34
17.56098418,23,32,28,30,43,24,34,32,20,37,26,31,38,45,47,17,27,26,22,26,20,27,31,26,33,33,33,22,42,27,29,42,23,37,27,41,33,29,5,18,33,35,38,34,18,27,34,35,30,45,31,24,53,27,29,27,25,42,40,34
17.56609414,23,32,36,30,43,19,34,32,20,37,26,31,38,45,47,17,27,26,16,26,20,27,31,26,33,33,33,22,42,27,29,42,23,37,27,41,33,42,24,18,33,35,38,34,26,27,34,35,30,45,31,24,53,27,29,16,25,48,40,34
17.57270782,23,32,36,30,43,19,34,32,20,37,39,31,38,45,47,17,27,26,51,26,20,27,31,26,33,33,33,25,42,27,29,42,23,37,27,41,33,42,24,18,33,35,38,34,18,27,39,35,30,45,31,24,53,27,29,16,25,31,40,34
17.57763281,23,32,36,30,43,19,34,32,20,37,26,31,38,45,47,17,27,26,22,26,20,27,31,26,33,33,33,28,42,27,17,42,23,20,27,41,33,42,24,18,33,35,38,34,18,27,34,35,30,45,31,24,53,27,29,16,25,34,40,34
17.58086654,23,32,36,30,43,19,34,32,20,37,39,31,38,45,47,17,27,26,51,26,20,27,31,26,33,33,33,25,42,27,29,42,23,37,27,41,33,42,24,18,33,35,38,34,18,27,39,35,30,45,31,24,53,27,29,16,25,29,40,34
17.58150572,36,32,36,30,43,19,34,28,39,37,39,31,38,45,47,17,27,26,34,26,20,27,8,22,33,33,33,46,25,27,29,42,18,30,44,41,33,42,24,18,33,35,38,34,18,26,39,35,30,45,31,24,31,27,29,16,25,29,40,34
17.58935749,23,32,36,30,43,19,34,32,20,37,26,31,38,45,47,17,27,26,28,26,20,27,31,26,33,33,33,22,42,27,29,42,23,37,27,41,33,42,24,18,47,35,38,34,18,27,34,35,30,45,43,24,53,27,29,16,25,34,40,34
17.59156236,23,25,36,30,43,19,34,32,20,37,26,31,38,45,47,17,27,26,21,26,20,27,31,26,33,33,33,28,42,27,29,42,23,37,44,32,33,42,50,18,33,35,38,34,18,27,34,35,30,45,31,24,53,27,29,16,25,34,40,34
17.596072,23,32,36,30,43,19,34,32,20,37,15,31,38,35,47,47,27,26,22,26,20,27,31,26,33,33,33,22,42,27,29,42,23,37,44,41,40,42,24,18,33,35,38,34,18,27,34,35,30,45,31,24,53,27,29,16,25,34,40,34
17.59658616,23,32,36,30,43,19,34,32,20,37,26,31,38,45,47,17,27,26,22,26,20,27,31,26,33,33,33,22,42,27,29,21,23,37,27,41,33,42,24,18,33,35,38,34,18,27,34,35,30,45,31,24,53,27,29,16,25,48,40,34
17.60140002,23,32,36,30,43,19,34,42,20,37,26,31,38,45,47,17,27,26,22,26,20,27,31,26,33,33,33,22,42,27,29,42,23,37,27,41,33,42,24,18,33,35,38,34,18,27,34,35,30,45,31,24,53,27,29,16,25,34,40,19
17.6014661,23,32,36,30,43,19,34,32,27,37,26,22,38,45,47,17,27,26,22,26,20,27,31,26,33,33,33,22,42,27,29,42,23,37,27,41,33,42,24,18,33,35,38,34,18,27,34,35,30,13,31,24,53,27,29,16,25,43,40,34
17.60425211,23,32,36,30,43,19,34,32,39,37,39,31,38,45,47,17,27,26,51,26,20,27,31,29,33,33,33,25,42,27,29,42,23,42,44,41,33,42,24,18,33,35,38,34,20,27,39,35,30,45,31,24,53,27,29,16,25,29,40,34
17.60688878,23,32,36,30,43,19,34,32,20,37,26,31,38,45,47,17,27,26,22,26,20,27,31,26,33,33,33,22,42,27,29,42,23,37,27,41,33,42,24,18,15,35,38,34,18,27,34,35,30,45,31,24,53,27,29,16,25,34,40,34
17.61351596,23,32,36,30,43,19,34,32,20,37,26,31,38,45,47,17,27,26,50,26,20,27,31,26,33,33,33,22,42,27,29,42,23,37,27,41,33,42,24,18,33,35,38,34,18,27,34,35,30,45,31,24,53,27,29,16,25,23,40,34
17.61650105,23,32,36,30,43,19,34,32,20,37,26,31,38,45,47,17,27,26,22,26,20,27,31,26,33,33,33,22,42,27,29,42,23,37,27,41,33,42,24,18,33,35,38,34,18,27,34,35,30,45,31,24,53,27,29,16,25,43,40,19
17.62457636,23,32,36,30,43,19,34,32,39,37,26,31,38,45,47,47,27,26,34,26,17,27,31,26,23,33,33,22,42,27,29,42,23,37,27,41,33,42,24,18,33,35,38,34,18,23,34,35,30,45,31,24,53,27,29,16,25,49,40,34
17.63647159,23,32,36,30,43,19,34,32,20,37,19,31,38,45,47,17,27,26,50,26,20,27,31,26,33,33,33,22,42,27,29,42,23,37,27,41,33,42,24,18,33,35,38,34,18,33,34,35,30,45,31,24,53,27,29,16,25,34,40,34
17.63853211,23,32,36,30,43,19,34,32,20,37,39,31,38,45,47,17,27,26,46,26,20,27,31,26,33,33,33,25,42,27,29,42,23,37,27,41,33,42,24,18,33,35,38,34,18,33,39,35,30,11,31,24,53,27,29,16,25,29,40,34
17.68171322,23,32,36,30,43,19,34,32,20,37,39,31,38,45,47,17,27,26,19,26,20,27,31,26,33,33,33,25,42,27,29,42,23,37,27,41,33,42,24,18,15,35,38,34,18,27,39,35,30,45,31,24,53,27,29,16,25,29,40,34
17.68631525,23,32,36,30,43,19,34,32,20,37,26,31,38,45,47,17,27,26,55,26,20,27,31,26,33,33,33,22,42,27,29,42,23,37,27,41,33,42,24,18,33,35,38,34,18,27,34,35,30,45,31,24,53,27,29,16,25,34,40,34
17.70448773,23,35,36,30,43,19,34,32,20,37,26,31,38,45,47,17,50,26,22,26,20,27,31,26,33,33,33,33,42,27,29,42,23,37,27,41,33,28,24,18,33,35,23,34,18,44,34,35,31,45,31,24,53,27,29,16,25,43,40,34
17.70505048,36,32,36,30,43,19,34,32,39,37,39,31,38,42,47,17,27,26,34,26,20,27,8,40,33,33,33,46,38,27,29,22,18,30,34,41,33,42,24,18,33,35,38,34,18,25,39,35,30,45,31,24,53,27,29,16,25,29,40,34
17.73411907,23,32,36,30,43,19,34,32,39,37,39,31,38,45,47,17,27,26,51,26,20,27,31,22,33,33,33,25,42,27,29,42,23,42,44,41,33,42,24,18,33,35,38,34,18,27,39,35,30,45,31,24,53,27,29,16,25,29,40,34
17.7445761,23,32,36,30,43,19,34,32,20,37,12,31,38,45,47,17,18,26,22,26,20,27,31,26,33,33,33,46,42,27,29,42,23,37,27,41,33,42,24,18,33,35,38,34,18,27,34,35,30,35,31,24,53,27,29,16,25,34,40,34
17.75026112,23,32,36,30,43,19,34,32,20,37,33,31,12,45,47,17,27,26,22,26,20,27,31,26,33,33,33,44,42,27,29,42,23,37,27,41,33,42,24,18,33,35,38,34,18,27,42,35,30,45,31,24,53,27,29,16,25,34,40,34
17.75065197,23,32,36,30,43,19,34,32,20,37,61,31,38,45,47,17,27,26,22,26,20,27,31,26,33,33,33,40,42,27,29,42,23,37,27,41,33,42,24,18,33,35,38,34,28,27,34,35,30,45,31,24,53,27,29,16,25,30,40,34
17.75873681,23,32,36,30,43,19,34,32,20,37,26,31,38,45,47,4,27,26,38,26,20,27,31,26,33,33,33,22,42,27,29,42,23,37,27,41,33,42,24,51,33,35,38,34,18,27,34,35,30,45,31,24,53,27,29,18,25,32,40,34
17.76143892,23,32,36,30,43,19,34,32,20,37,26,31,42,45,47,17,27,26,22,26,20,27,31,26,33,33,33,22,42,27,29,42,23,37,27,9,33,42,24,18,33,35,38,34,18,27,34,35,30,45,31,24,53,27,29,16,25,34,40,34
17.76455003,23,32,36,30,43,19,34,32,20,37,39,31,38,45,47,17,27,26,51,26,20,27,31,26,33,33,33,25,42,27,29,24,23,37,27,41,33,42,24,18,33,35,38,34,18,27,39,35,30,45,31,24,53,27,29,16,25,48,40,34
17.77380031,23,32,36,30,43,19,34,32,39,37,39,31,38,45,47,17,27,26,34,26,20,27,8,22,33,33,33,25,42,27,29,42,23,30,44,41,33,42,24,18,33,35,38,34,18,30,39,35,30,45,31,24,53,27,29,16,25,29,40,34
17.78414091,23,32,36,30,43,24,34,32,20,37,26,31,38,32,47,17,27,26,22,26,20,27,31,26,33,33,33,22,42,27,29,42,23,8,27,38,33,49,24,18,33,35,16,34,18,27,34,35,30,45,31,24,53,27,29,16,25,32,35,34
17.7905608,23,32,36,30,43,19,34,32,20,37,26,31,38,45,47,17,27,26,24,26,20,27,31,26,33,33,33,22,47,27,29,42,23,37,27,41,33,42,24,18,33,35,38,34,18,27,34,35,30,45,31,24,53,27,29,4,25,34,40,34
17.79488467,23,32,36,30,43,19,34,32,20,37,39,31,38,45,47,17,27,26,51,26,20,27,31,26,33,33,33,25,42,27,29,42,23,37,27,41,33,42,24,18,33,35,38,34,18,48,40,35,30,45,31,24,53,27,29,16,25,29,40,34
17.79722319,23,32,36,30,43,19,34,32,20,37,26,31,38,45,47,17,27,26,22,26,20,27,31,26,33,33,33,22,42,27,29,42,23,37,27,41,43,42,24,18,33,35,38,34,18,27,34,35,30,45,31,24,53,27,29,16,25,12,40,34
17.80074283,36,12,36,30,43,19,34,32,39,37,38,42,33,32,47,17,27,26,34,26,20,18,42,46,33,14,33,19,38,27,29,42,44,30,25,28,33,42,24,18,39,35,38,34,30,30,39,35,30,45,31,24,13,27,29,16,25,29,31,34
17.80082014,23,32,36,30,43,19,34,32,20,37,39,31,38,45,47,34,27,26,51,26,20,27,31,26,33,33,33,25,42,27,29,42,23,37,27,9,33,42,24,18,33,35,38,34,18,27,39,35,30,23,31,24,53,27,29,16,25,29,40,19
17.80504743,23,32,36,30,43,19,34,32,20,37,26,31,38,45,47,17,27,26,22,26,20,27,31,26,33,33,33,22,42,27,29,56,23,37,27,41,33,42,24,18,33,35,38,34,18,27,34,35,30,45,31,24,53,27,29,16,25,22,40,34
17.80527558,23,32,36,30,43,19,34,32,20,37,26,31,38,45,47,17,27,26,11,26,20,27,31,26,33,33,33,22,50,27,29,42,23,37,27,41,33,42,24,18,33,35,38,34,18,27,34,35,30,45,31,24,53,27,29,16,25,34,40,34
17.80637172,23,32,36,30,48,38,34,32,3,37,26,31,38,45,47,17,27,26,22,26,20,27,31,26,33,33,33,22,42,35,29,42,23,37,27,41,33,49,24,18,33,35,38,34,18,27,34,35,30,45,31,24,53,27,29,27,25,38,40,34
17.80855401,36,32,36,30,43,19,34,32,39,37,39,31,38,45,47,49,27,26,34,26,20,27,8,25,23,33,33,46,31,27,29,42,22,30,44,41,33,42,24,18,33,35,31,34,18,30,39,35,30,45,31,24,53,27,29,16,25,29,40,34
17.82306162,23,32,36,30,24,19,34,32,20,37,26,31,38,45,47,17,27,26,22,26,20,27,31,26,33,33,33,22,42,27,29,42,23,37,27,41,33,42,24,18,15,35,38,34,18,27,34,35,30,45,31,24,53,15,29,16,25,25,40,34
17.83140775,23,32,36,30,43,19,34,32,20,37,15,31,38,45,47,17,27,26,22,26,20,27,31,26,33,33,33,22,42,27,29,42,50,37,27,41,33,49,24,23,33,35,38,34,18,27,34,35,30,45,31,24,53,27,29,16,25,35,40,34
17.84748388,23,32,36,30,43,19,34,32,20,37,39,31,38,45,47,17,27,26,51,26,20,27,31,26,22,33,33,25,42,27,29,42,23,37,27,41,33,42,24,18,33,35,38,34,18,27,39,35,30,45,18,24,53,27,29,16,25,29,40,34
17.86112315,23,32,36,30,43,19,34,32,20,37,39,31,38,45,47,17,27,26,22,26,20,27,31,26,33,33,33,22,42,27,29,42,23,59,27,41,33,42,24,18,33,35,38,34,18,27,38,35,30,45,31,32,53,27,29,16,25,34,40,34
17.86132471,23,32,36,30,43,19,34,32,20,37,38,31,38,45,47,17,27,26,22,26,20,27,31,8,33,33,33,22,42,27,29,42,23,37,27,41,33,42,24,18,33,35,38,34,18,27,42,35,30,45,31,24,53,27,29,16,25,34,40,34
17.86620743,23,32,36,30,43,19,34,32,20,37,38,31,38,45,47,17,27,26,22,26,20,27,31,26,33,33,33,25,42,27,29,42,23,37,27,41,33,21,24,18,33,35,38,34,18,27,34,35,30,45,31,24,53,27,59,16,25,34,40,34
17.86881302,23,32,36,30,43,19,34,32,20,37,26,31,38,45,47,17,27,26,22,26,20,27,31,22,22,33,33,22,42,27,29,42,23,37,27,41,33,42,24,18,33,35,15,34,31,27,34,35,30,45,31,24,53,27,52,16,25,34,40,34
17.87259992,23,32,36,30,43,19,34,32,61,37,26,31,38,45,47,17,27,26,22,26,20,27,31,26,33,33,33,43,42,27,29,42,23,37,27,41,33,42,24,18,27,35,38,34,18,27,34,32,30,45,31,24,53,27,29,16,25,34,40,34
17.87529213,23,32,36,30,43,19,34,32,20,37,26,31,38,45,47,17,27,26,22,26,20,27,31,26,33,33,33,42,42,27,29,42,23,37,27,41,33,42,30,18,33,35,38,34,18,60,34,35,30,45,31,24,53,27,29,16,25,34,40,27
17.87596835,36,32,36,30,43,19,34,32,39,37,39,31,38,45,47,17,27,26,34,26,20,27,8,22,33,33,33,46,38,27,29,42,18,30,44,41,33,42,24,18,33,35,38,34,18,30,39,35,30,45,31,24,53,27,29,16,25,29,40,34
17.87630494,23,32,36,30,43,19,34,32,39,37,39,31,38,45,47,17,27,26,23,26,20,27,8,22,40,33,33,25,42,27,29,42,23,30,44,41,33,42,24,18,33,35,35,34,18,30,39,35,30,45,31,24,53,27,29,16,25,29,40,34
17.87705999,23,20,36,30,43,19,34,32,20,37,26,31,38,45,47,17,27,26,10,26,20,27,31,26,33,33,33,22,42,27,29,42,23,37,27,41,33,42,24,18,38,35,38,34,18,27,34,35,30,45,24,24,53,27,29,16,25,34,40,34
17.87715798,36,32,36,30,43,19,34,32,39,37,38,42,38,45,47,17,27,26,34,26,20,27,42,46,33,14,33,19,38,27,29,42,44,30,44,28,33,42,24,18,39,35,38,34,18,30,39,35,30,45,31,24,53,27,29,16,25,29,40,34
17.8798863,36,32,36,30,43,19,34,32,39,37,38,31,38,16,47,17,27,26,34,26,20,27,31,46,33,25,33,19,38,27,29,42,23,30,44,9,33,42,24,18,39,35,38,34,18,30,39,35,30,45,31,24,53,27,29,16,25,29,40,34
17.88079388,36,32,36,30,43,19,34,32,39,37,39,31,38,45,47,17,27,26,34,26,20,27,5,22,33,36,33,46,38,27,34,42,23,30,44,41,33,42,24,18,33,35,38,34,18,31,39,35,30,45,31,24,53,27,29,16,25,29,40,34
17.88990475,23,32,36,30,43,19,34,32,20,37,26,31,38,37,47,17,27,26,22,26,20,27,31,26,33,33,33,22,42,27,29,42,23,37,27,41,33,42,24,18,20,35,38,34,18,39,34,35,30,45,31,24,53,27,29,16,25,6,40,34
17.89398815,23,32,36,30,43,19,34,32,20,37,38,31,38,45,47,17,27,26,21,26,20,27,31,26,33,33,33,22,42,27,29,42,23,37,27,41,33,21,24,51,33,35,38,34,55,17,34,35,30,34,31,24,53,27,29,16,25,43,40,34
17.89570237,36,32,36,30,43,19,34,32,39,37,30,42,38,45,47,17,27,26,33,26,20,27,42,26,33,14,33,19,38,27,29,42,44,30,44,28,33,42,24,18,29,35,38,34,18,30,39,35,30,45,31,24,13,27,29,58,25,29,40,34
17.8990493,23,32,36,30,43,19,34,32,20,37,52,31,38,45,47,17,27,26,48,20,20,27,31,26,17,33,33,22,42,27,29,42,23,37,27,41,33,42,24,18,33,35,38,34,32,27,34,35,30,45,31,24,53,27,29,16,25,34,40,34
17.90905815,23,32,36,30,43,19,34,32,20,37,26,31,18,45,47,17,27,26,22,26,20,27,31,26,33,33,33,22,42,27,29,42,23,37,27,41,33,42,24,18,33,35,38,34,18,27,34,35,30,45,31,24,53,27,29,16,25,9,40,34
17.91066232,36,32,36,30,43,19,34,32,39,37,39,31,38,45,47,17,27,26,34,26,20,27,54,36,33,33,33,36,38,27,29,42,18,30,44,41,33,42,24,18,33,35,38,34,18,23,39,35,30,45,31,24,53,27,29,16,25,23,40,47
17.92025383,23,32,36,30,30,19,34,32,20,37,26,31,38,45,47,24,27,26,22,26,20,27,31,26,33,33,33,25,42,27,29,42,23,37,27,13,33,53,24,18,33,35,38,34,18,18,34,35,30,45,31,24,53,27,29,16,25,48,40,34
17.93859879,23,32,36,30,43,19,34,32,20,37,51,31,38,45,47,17,27,26,51,26,20,27,31,26,33,33,33,43,42,27,29,42,23,37,27,41,22,42,24,18,33,35,38,34,18,27,34,35,30,45,31,24,53,27,29,16,25,34,40,34
17.94083992,23,32,36,30,43,19,34,32,20,37,26,31,38,45,47,17,27,26,22,26,20,27,31,26,33,33,33,20,42,27,29,42,23,37,57,16,33,42,24,36,33,35,38,34,18,27,43,35,30,45,31,24,53,27,29,16,25,34,40,34
17.9498692,23,32,36,30,43,19,34,32,20,37,39,31,38,45,47,17,27,26,50,26,20,27,31,26,28,33,33,19,42,27,29,42,23,37,27,9,33,42,24,18,33,35,38,34,18,27,34,35,30,45,31,39,53,27,29,16,25,29,40,34
17.95137154,23,32,36,30,43,38,34,32,20,37,26,31,2,45,47,17,27,26,22,26,20,27,31,26,33,33,33,22,42,27,29,42,23,37,27,41,33,42,24,18,33,35,38,34,18,27,39,35,30,34,31,24,53,27,29,18,14,38,40,34
17.95390352,23,32,36,30,43,19,34,32,20,37,30,31,38,45,47,28,27,26,22,26,20,27,31,22,32,33,33,22,42,27,29,42,23,37,27,63,33,42,24,18,33,35,38,34,18,27,34,35,30,45,31,24,53,27,29,16,25,45,40,34
17.95719959,23,32,36,30,16,19,34,32,20,37,45,31,38,45,47,17,27,26,51,26,13,27,31,26,33,33,33,22,42,27,29,42,23,37,27,41,33,42,24,18,33,35,38,34,18,27,34,35,30,45,31,24,53,27,29,16,25,34,40,34
17.96528129,23,32,36,30,43,19,34,32,20,37,26,31,38,45,47,17,27,26,21,26,20,30,31,26,33,33,33,28,42,27,29,42,23,37,20,41,33,42,24,18,33,35,38,34,18,2,34,35,30,45,31,27,53,27,29,16,25,34,40,34
17.98574451,23,32,36,30,43,19,34,32,20,37,27,31,38,45,47,17,27,26,22,26,20,27,31,26,26,33,33,22,42,27,29,42,23,37,27,41,33,42,24,18,33,35,62,34,18,27,34,35,30,45,31,24,53,27,29,16,25,34,40,34
17.98707733,23,32,36,30,43,19,34,32,39,37,39,31,38,46,47,17,27,26,34,26,20,27,8,22,22,33,33,25,42,27,29,42,23,30,44,41,33,42,24,18,33,35,38,34,18,30,39,35,30,45,21,24,53,27,29,16,25,29,40,34
17.9892621,23,32,36,30,43,19,34,32,39,37,26,31,38,45,47,57,27,26,34,26,20,27,8,22,33,33,33,25,42,27,29,42,23,30,44,41,33,42,24,18,33,35,32,34,18,30,39,35,30,45,31,24,53,27,29,16,25,29,40,34
17.99185925,23,32,36,30,43,19,34,32,20,37,55,31,38,45,47,17,27,26,26,26,20,27,31,26,33,38,33,22,42,27,29,42,23,37,27,41,33,42,24,18,33,35,14,34,16,27,34,35,30,45,31,24,53,27,29,16,25,34,40,34
18.00092373,23,32,36,30,43,26,34,32,20,37,10,31,38,45,47,17,27,26,22,26,20,27,31,26,33,33,33,22,42,27,29,42,34,33,27,41,33,42,24,18,33,35,17,34,18,27,34,35,30,45,31,24,53,27,29,16,25,11,40,34
18.00284702,23,32,36,30,43,19,34,32,39,37,39,31,38,45,47,17,27,26,51,26,20,27,31,17,22,33,33,25,42,27,29,42,23,44,44,41,33,42,24,18,33,35,38,34,18,27,39,35,30,45,39,24,53,27,29,16,25,29,40,34
18.00407034,23,32,36,30,43,19,34,32,31,37,26,31,38,45,22,17,27,26,22,26,20,27,31,26,33,33,33,22,42,27,29,42,23,37,27,41,33,42,24,18,33,35,38,39,18,13,53,35,30,45,31,24,53,27,29,16,25,16,40,34
18.01007127,23,32,36,30,43,19,34,32,20,37,26,31,38,45,47,17,27,26,21,26,20,27,31,26,33,33,33,22,42,27,29,42,23,37,27,0,33,42,24,18,33,35,38,34,18,27,34,35,30,45,31,24,53,27,29,16,25,34,40,34
18.01372589,23,32,36,30,43,19,34,32,14,37,26,31,38,45,47,27,27,26,22,26,20,27,31,26,39,33,33,22,42,27,29,42,23,37,27,41,60,42,21,18,33,35,40,34,18,27,34,35,30,45,31,24,53,27,29,16,25,34,40,34
18.01504386,23,32,36,30,43,19,34,32,39,37,39,31,38,45,47,17,27,26,51,26,20,27,31,22,33,33,33,25,42,27,29,42,23,42,44,9,33,42,24,18,33,35,38,34,20,27,39,35,30,45,31,24,53,27,29,16,25,29,40,34
18.01504935,23,32,36,30,43,19,34,32,39,37,39,31,38,45,47,17,27,26,34,26,20,27,8,22,33,33,33,25,42,27,29,42,23,30,44,41,33,42,24,18,15,35,38,34,18,27,39,35,30,45,32,24,53,27,29,16,25,32,40,34
18.0213598,23,32,36,30,43,19,34,32,20,37,26,31,38,39,47,17,27,26,22,26,20,27,31,26,10,33,33,43,42,27,29,42,23,37,47,41,33,42,24,18,33,35,38,34,18,27,34,35,30,11,31,24,53,27,29,16,25,34,40,34
18.02435081,23,32,36,30,43,19,34,32,20,37,26,31,38,45,47,17,27,26,32,26,20,27,31,26,33,42,33,22,42,27,29,42,23,37,27,41,33,42,24,18,33,35,38,34,18,27,34,35,30,45,31,24,53,27,29,16,25,1,40,34
18.03041526,23,32,36,30,43,19,34,32,20,37,12,31,38,45,47,17,27,26,25,26,20,27,31,26,33,33,33,22,42,27,29,42,23,37,26,41,33,42,24,18,33,35,38,34,18,13,34,35,30,45,31,24,53,46,29,16,25,34,40,34
18.03172726,23,32,36,30,43,19,34,32,20,37,26,31,38,45,47,17,27,26,22,26,20,27,31,26,33,33,33,13,42,27,29,42,23,37,16,41,33,42,24,18,33,35,38,34,38,27,34,35,30,45,31,24,53,27,29,62,25,34,40,34
18.03392733,23,32,36,30,43,19,34,32,20,37,39,31,38,45,47,17,27,26,51,26,20,27,31,26,33,25,33,25,42,27,29,42,23,37,27,41,33,42,24,18,33,35,38,34,18,56,39,35,30,45,31,24,53,27,29,16,25,29,40,34
18.0385131,23,32,36,30,43,19,34,32,20,37,55,31,38,45,47,17,27,26,22,26,20,27,31,26,33,33,33,22,42,27,29,42,23,37,27,41,33,42,24,18,33,35,19,34,18,27,34,35,30,45,31,24,53,27,29,16,25,17,40,34
18.0413006,23,32,36,30,43,19,34,45,20,37,26,31,38,45,47,17,27,26,18,26,20,27,31,26,33,33,33,22,42,27,29,42,23,37,27,41,33,42,24,7,33,35,38,34,18,19,34,35,30,45,31,24,53,27,29,16,25,38,40,34
18.05658291,23,32,36,30,43,19,34,32,20,37,39,31,38,45,47,26,27,26,22,26,20,27,31,26,33,33,61,22,42,27,29,42,23,37,27,41,33,42,24,18,33,35,38,34,18,16,40,35,30,45,31,24,53,27,29,16,25,34,40,34
18.05981751,23,32,36,30,43,19,34,32,39,37,39,31,38,45,47,17,27,26,46,26,20,27,8,22,33,33,33,25,42,27,29,42,23,30,27,41,33,42,24,18,33,35,38,34,18,30,39,35,30,49,31,24,53,27,29,16,25,29,40,19
18.06060827,23,32,36,30,43,19,34,32,20,37,39,31,38,45,47,17,27,26,8,26,20,27,31,26,33,33,33,25,42,27,29,42,23,37,27,41,33,42,24,18,33,35,38,34,18,27,39,35,30,58,31,24,53,27,29,16,25,29,40,34
18.06147974,23,32,36,30,43,19,34,32,20,37,26,31,38,45,47,17,27,26,22,26,20,27,31,26,33,33,33,22,42,27,29,42,23,37,27,41,33,42,24,61,15,35,24,34,18,27,36,35,30,45,31,24,53,27,29,16,25,34,40,34
18.06620118,23,32,36,30,43,19,24,32,20,37,26,31,38,45,47,32,27,26,34,26,20,27,31,26,33,33,33,22,42,27,29,42,23,37,27,41,33,42,24,40,33,35,38,34,18,27,39,35,30,45,31,32,53,27,29,64,25,61,40,34
18.06669975,23,32,36,30,43,19,34,32,20,37,26,31,38,45,47,17,27,26,22,26,20,27,31,26,33,33,33,20,42,27,29,42,23,37,27,41,33,42,60,18,33,35,38,34,18,27,36,35,30,45,31,16,53,27,29,16,25,34,40,34
18.07687621,23,32,36,30,43,19,34,32,39,37,39,31,38,45,47,17,27,26,51,26,20,27,31,22,33,33,33,25,42,27,29,42,23,42,44,41,33,42,24,18,33,35,38,34,18,27,39,35,30,45,31,24,64,27,29,16,25,29,40,34
18.07963367,23,32,36,30,43,24,34,32,20,37,26,31,38,45,47,17,27,26,22,26,20,27,31,26,33,33,33,22,42,35,29,42,23,37,27,41,33,61,38,18,33,35,38,34,30,27,34,35,30,45,31,6,53,27,29,16,25,42,40,34
18.08746268,23,32,36,30,43,19,34,32,20,37,39,31,38,45,47,36,27,26,22,26,20,27,31,26,63,22,33,22,42,27,29,42,23,37,27,41,33,9,24,18,33,35,38,34,32,27,34,35,30,45,31,24,53,27,29,16,25,29,40,34
18.09388625,23,32,36,30,43,19,34,32,20,37,26,31,38,45,47,17,27,26,22,26,20,17,31,58,33,33,33,22,42,27,29,42,23,37,44,41,33,42,24,18,33,35,38,34,18,27,34,35,30,45,31,24,53,27,29,16,25,34,40,34
18.09825578,36,32,36,23,43,19,34,32,39,37,38,38,38,45,47,17,17,26,34,26,14,27,42,46,33,14,33,19,36,27,29,42,44,30,44,28,38,42,24,20,39,40,38,34,30,30,39,29,30,45,31,24,9,27,29,16,25,29,40,34
18.10157236,23,32,36,30,43,19,34,32,20,37,26,31,38,45,47,17,27,26,42,26,20,27,31,26,33,33,33,22,42,34,29,42,23,37,27,41,33,42,24,18,33,35,38,34,18,27,14,35,30,45,31,24,53,27,29,24,25,63,40,34
18.10654043,36,32,36,30,43,19,34,32,39,37,26,42,38,39,47,17,27,26,34,26,20,27,5,46,33,14,33,19,38,27,29,42,44,30,44,28,33,42,24,18,33,35,38,34,20,30,39,35,30,45,31,24,53,27,29,16,25,29,40,34
18.10752827,23,32,36,30,43,19,34,32,20,37,26,31,38,45,47,17,27,26,22,26,20,27,31,26,33,33,33,22,42,27,29,42,23,37,27,41,33,42,24,18,33,35,38,34,18,27,34,35,30,45,31,24,53,10,29,16,25,55,40,34
18.10763081,23,32,36,30,43,19,34,32,20,37,26,31,38,45,47,17,51,26,22,26,20,27,31,26,33,33,33,22,42,27,29,42,23,37,27,41,33,42,24,18,33,35,38,34,18,25,57,35,30,45,31,24,53,27,29,16,25,34,40,34
18.11382073,23,32,36,30,43,19,34,32,20,37,26,31,38,45,48,17,27,26,22,26,20,27,31,26,33,33,33,22,42,27,34,42,23,20,27,41,33,16,24,18,33,37,38,34,28,27,34,35,30,45,31,24,53,27,29,18,25,34,40,0
18.11671221,23,32,51,30,43,19,34,32,10,37,26,31,38,45,47,17,27,26,22,26,51,27,31,26,23,33,33,22,42,27,29,42,23,37,27,41,33,42,24,18,33,35,38,34,18,37,34,35,30,45,31,24,53,27,29,16,25,34,40,34
18.11890752,23,32,36,30,43,19,34,32,20,37,54,31,38,45,47,17,32,26,22,26,20,27,31,26,33,33,33,22,42,37,49,42,23,37,27,41,33,33,24,18,33,35,38,34,18,18,34,35,30,45,31,24,53,27,29,10,25,34,40,34
18.12224426,23,32,36,30,43,19,34,32,8,37,26,31,38,45,47,17,27,26,3,26,20,27,31,26,33,33,33,22,42,27,29,42,23,37,27,41,33,42,24,18,32,35,38,34,18,33,34,32,30,45,31,24,53,27,29,16,25,34,40,34
18.12302351,36,32,36,30,43,19,34,30,39,37,39,31,38,37,47,17,27,26,34,26,20,27,8,22,33,33,33,46,34,27,29,42,18,37,44,41,33,42,24,18,33,35,38,34,18,9,39,35,30,45,31,24,53,27,29,16,25,29,40,34
18.12383683,23,32,36,30,43,19,34,32,20,37,39,31,38,45,47,17,27,26,19,26,52,27,31,26,33,20,33,22,42,27,53,42,23,37,27,41,33,42,24,18,33,35,38,34,18,27,34,35,30,45,31,24,53,27,29,16,25,39,40,34
18.12409934,36,32,48,30,43,19,34,32,39,37,38,45,18,45,47,17,27,26,34,26,20,27,42,46,33,14,33,19,38,27,29,42,19,30,44,28,33,42,24,18,32,35,38,34,30,30,39,35,30,54,31,24,37,27,29,16,25,29,48,34
18.12449581,23,32,36,30,43,19,34,32,20,37,26,31,38,45,47,17,27,26,22,26,20,27,31,48,33,33,33,22,42,27,29,42,23,37,27,41,33,42,24,18,41,35,38,34,18,27,34,35,30,1,31,24,53,27,29,16,25,34,40,34
18.1263002,52,32,36,30,43,19,34,32,20,37,26,31,38,45,47,17,27,26,22,26,20,27,31,34,33,33,33,22,42,27,29,56,23,37,27,41,33,42,24,18,33,35,38,34,18,27,34,35,30,45,31,24,53,27,29,14,25,18,40,34
18.12718629,23,32,36,30,43,19,34,32,11,37,19,31,38,45,15,17,27,26,51,26,20,27,31,26,33,33,33,22,42,27,29,42,23,37,27,41,31,29,24,18,33,35,38,34,55,27,34,35,30,45,31,24,53,27,29,16,25,34,40,39
18.13796423,23,32,36,30,43,31,34,32,20,37,26,31,38,45,47,17,27,26,22,26,20,27,31,26,33,33,33,22,42,27,29,42,23,37,27,37,33,42,5,18,33,35,38,34,18,41,34,35,30,45,31,24,53,27,29,64,25,31,40,34
18.14599606,36,32,36,30,43,19,34,32,39,37,50,42,38,45,47,17,27,26,34,26,20,27,42,46,37,14,33,19,38,27,29,42,14,30,44,28,29,42,24,18,39,35,38,34,33,30,39,35,30,45,31,24,13,27,29,16,25,29,46,34
18.14630036,23,32,36,30,43,19,34,32,39,37,39,31,38,45,47,17,27,26,48,20,20,27,8,22,33,33,33,25,42,27,29,42,23,42,44,41,33,42,24,18,33,35,38,34,18,30,39,35,30,45,31,24,53,27,29,16,25,29,40,34
18.15434951,23,13,36,30,43,19,34,32,20,37,26,31,38,45,47,17,27,26,22,26,20,27,31,16,33,33,33,22,42,27,29,42,23,37,27,9,33,42,24,18,33,35,38,34,18,27,34,35,30,45,32,24,53,27,29,16,25,34,40,34
18.15485045,23,32,36,30,43,19,34,32,20,37,26,50,38,45,47,17,27,26,51,26,20,27,31,26,33,33,33,10,42,27,29,43,23,37,27,41,33,42,24,18,33,35,38,34,18,40,34,35,30,45,31,24,53,27,29,16,25,34,40,34
18.15503927,23,32,36,30,43,19,34,32,39,37,39,31,38,45,47,17,27,26,7,26,20,27,8,22,33,33,33,25,42,27,29,42,23,30,44,41,33,42,24,18,33,35,38,34,18,30,39,35,30,45,31,24,53,27,29,16,25,29,35,34
18.16130049,23,18,36,30,43,26,34,32,20,37,19,31,38,45,15,17,27,26,22,26,20,58,31,26,23,33,33,22,42,27,29,42,23,37,27,41,33,42,24,18,33,35,38,34,18,27,39,35,30,45,31,24,53,27,29,16,25,29,40,34
18.16131575,23,32,36,30,43,19,34,32,20,37,39,31,38,45,47,17,27,26,11,26,20,27,31,26,33,33,33,25,45,27,29,42,23,37,27,41,33,42,24,18,33,35,38,34,18,27,39,35,30,45,31,24,53,27,29,16,25,6,40,34
18.16193309,23,32,36,30,43,19,34,32,20,37,38,31,38,30,47,17,6,26,22,26,51,27,31,26,33,33,33,22,28,37,29,42,23,37,27,41,33,42,50,18,33,35,38,34,18,27,34,35,30,11,31,24,53,27,29,16,25,34,40,34
18.1707818,23,32,60,30,43,19,34,32,20,49,39,31,38,45,47,17,27,26,22,26,20,27,31,26,33,33,33,22,42,27,29,42,23,37,27,41,33,42,24,18,33,35,17,34,18,33,34,35,30,45,31,24,53,27,29,27,25,43,40,34
18.17507892,23,32,36,30,43,19,34,32,20,37,39,31,38,45,47,17,27,26,51,26,20,27,31,26,33,33,33,25,42,27,29,42,23,37,27,9,33,42,24,18,33,35,38,34,18,27,39,35,30,45,31,24,53,27,29,16,25,13,40,34
18.17922963,36,32,36,30,43,19,34,32,39,37,39,31,38,29,47,17,27,26,34,26,20,27,8,40,33,33,33,46,38,27,29,42,42,30,44,41,33,42,24,18,33,35,38,34,18,3,39,35,30,45,31,24,53,27,29,16,25,29,40,34
18.1822794,23,32,36,30,43,19,34,32,16,37,26,31,38,45,47,17,27,26,21,26,20,27,31,26,33,33,33,21,42,27,29,42,23,37,27,24,33,42,24,18,33,35,38,34,18,27,34,35,30,45,21,24,53,27,62,16,25,34,40,34
18.18731886,36,32,36,23,43,19,34,32,39,24,38,42,38,45,47,17,50,26,34,26,14,27,42,46,33,14,33,19,36,27,29,42,44,30,29,28,38,42,24,18,39,25,38,34,30,30,39,29,30,45,31,24,9,27,29,16,25,38,40,34
18.18978168,23,32,36,30,13,19,34,32,39,37,39,31,38,45,47,7,27,26,34,26,20,27,8,22,33,33,33,25,42,27,29,42,23,31,44,41,33,42,24,18,33,35,38,34,18,30,39,35,30,45,31,24,53,27,29,16,25,29,40,34
18.19082323,23,32,36,30,43,19,34,32,20,37,26,31,38,45,47,28,27,26,5,26,20,27,31,26,33,33,33,22,42,27,29,42,23,37,27,5,33,42,24,18,33,35,38,34,18,27,34,35,22,45,31,24,53,27,29,16,25,40,40,34
18.19162641,36,32,36,30,43,19,34,32,39,37,38,42,38,0,47,17,27,26,34,26,20,38,42,46,33,14,33,19,38,27,29,42,45,30,44,28,33,42,24,18,39,35,38,34,18,26,39,35,30,35,31,24,48,27,29,16,25,29,40,34
18.19679846,23,32,36,30,43,19,34,32,20,37,46,31,38,45,47,17,27,26,22,26,20,38,31,26,33,33,33,22,42,27,29,42,52,37,27,41,33,21,24,18,33,35,38,34,18,37,39,35,30,45,31,24,53,27,29,16,25,34,40,55
18.19837427,23,32,36,30,43,19,34,32,22,37,26,31,38,45,47,18,27,26,22,26,20,27,31,26,33,33,33,22,42,27,29,42,23,37,27,41,33,42,24,18,33,35,38,34,1,27,34,35,30,45,31,24,53,27,29,16,25,56,40,34
18.19851697,23,32,36,30,43,19,34,32,39,37,26,26,38,45,47,17,27,26,22,26,20,27,31,26,33,33,33,22,42,27,29,42,50,37,27,41,33,42,24,18,33,35,9,34,18,27,34,35,30,45,31,24,53,27,29,16,25,53,40,34
18.19907471,23,32,36,30,43,19,34,32,39,37,26,31,38,45,47,17,27,26,22,26,20,27,31,41,22,33,33,22,42,27,29,42,23,37,27,41,33,42,24,18,33,35,38,34,18,60,34,35,30,45,31,24,53,46,29,16,19,27,40,34
18.19999334,60,32,36,30,43,19,34,10,20,37,26,31,38,45,47,17,27,26,22,26,20,27,31,26,33,33,33,22,42,27,29,42,23,37,27,41,33,42,24,18,33,35,38,34,18,27,34,35,30,45,31,24,53,27,29,16,25,34,40,34
18.20364583,23,32,32,30,43,19,34,32,20,37,26,31,38,45,47,17,27,26,22,26,20,27,31,26,33,33,33,22,28,27,29,42,23,47,27,41,33,11,24,18,33,35,38,34,18,23,34,3,30,45,31,24,53,27,29,27,25,42,40,34
18.20426774,36,32,36,23,43,19,34,32,39,37,48,42,38,45,38,17,57,26,34,26,49,27,42,46,33,14,33,19,36,27,29,42,44,30,27,28,38,42,24,18,39,32,38,34,30,30,39,22,45,45,31,24,42,27,29,16,25,29,40,34
18.20708818,23,32,36,30,43,19,34,32,20,37,26,31,38,45,47,0,27,26,34,26,20,27,31,26,33,33,33,22,42,27,29,42,23,37,27,52,33,42,24,18,33,35,38,34,18,27,34,35,30,45,8,24,53,27,29,34,25,32,40,34
18.21168653,36,32,36,30,43,19,34,32,39,37,38,37,38,32,47,17,27,26,34,26,20,27,42,46,33,14,33,19,38,27,29,42,62,30,44,12,33,42,24,18,39,35,38,34,18,34,39,35,30,45,31,24,53,27,29,31,25,29,40,34
18.21303284,23,32,36,30,43,19,34,32,39,37,39,31,38,45,47,19,27,26,34,26,20,27,8,22,33,33,33,25,42,27,29,42,23,30,44,41,33,42,24,18,33,35,38,34,18,25,39,35,30,45,31,24,53,27,29,64,25,29,40,34
18.21363909,55,32,36,30,43,19,34,32,20,37,39,31,38,45,47,17,27,26,62,26,20,27,31,26,33,33,33,25,42,27,29,42,23,37,27,41,33,42,24,18,33,35,38,34,18,27,39,35,30,45,31,24,53,27,29,16,25,29,40,34
18.21534306,23,34,36,30,43,19,34,32,39,37,39,31,38,45,47,17,27,26,21,26,20,27,8,22,33,33,33,25,42,27,29,42,23,30,44,41,33,42,24,18,33,35,38,34,18,30,39,35,30,45,31,24,53,27,29,16,25,54,40,34
18.2169629,36,32,36,30,43,19,34,53,39,37,38,42,38,45,47,17,27,31,34,26,20,27,42,46,33,14,33,19,38,27,29,42,44,30,44,28,33,42,24,18,32,35,38,34,18,30,46,35,30,45,31,24,53,27,29,17,25,29,40,34
18.22073843,23,32,36,30,43,19,34,32,20,37,35,31,38,45,47,46,27,26,22,26,20,27,52,26,33,33,33,22,42,27,29,42,23,37,27,41,33,42,11,18,33,35,38,34,18,27,34,11,30,45,31,24,53,29,29,16,25,34,40,34
18.23090129,23,32,36,30,43,19,34,32,20,37,26,31,38,45,47,17,27,26,6,26,20,27,31,26,33,45,33,22,42,27,29,42,23,37,27,41,33,42,24,18,33,35,38,34,18,27,34,35,30,57,31,24,53,27,29,16,25,26,40,34
18.23888982,23,32,36,30,43,19,34,32,20,37,26,31,38,45,47,17,27,26,22,26,20,27,31,26,33,33,33,39,42,27,29,58,23,37,27,41,33,42,24,18,33,34,3,34,18,27,34,35,30,45,31,24,53,27,29,16,25,34,40,34
18.24495107,23,32,36,30,16,19,34,32,20,37,26,31,38,45,47,17,27,26,29,58,20,27,31,26,33,33,33,22,42,27,29,42,23,37,27,41,33,42,24,18,33,35,7,34,18,27,34,35,30,45,31,24,53,27,29,16,25,34,40,34
18.24673098,36,32,36,30,43,19,34,32,39,37,19,26,38,45,47,17,27,26,34,26,20,27,8,46,33,14,33,20,38,27,29,42,23,30,44,28,33,42,24,18,20,35,38,34,18,33,39,35,30,19,32,24,53,27,29,16,25,29,40,34
18.25808184,23,32,36,30,43,19,34,32,39,37,39,31,38,45,47,17,27,26,21,26,20,27,8,22,33,33,33,25,42,27,29,42,23,59,44,41,33,42,24,18,33,35,38,34,18,30,39,35,30,45,31,24,53,27,29,26,25,22,40,34
18.26337427,36,32,36,30,43,19,34,32,39,37,39,31,38,39,47,17,27,26,31,26,20,27,8,22,33,33,33,46,38,27,29,56,38,30,44,41,33,42,24,18,33,35,38,34,18,20,39,35,30,45,32,24,53,27,29,16,25,16,40,34
18.26371542,36,32,36,30,46,19,34,32,39,37,50,42,38,45,47,17,27,26,34,26,20,27,42,46,23,14,33,19,38,27,29,42,44,30,34,28,33,42,24,18,42,35,38,34,18,30,39,35,30,25,31,24,53,27,29,16,25,29,40,49
18.26414291,36,32,36,30,43,19,34,32,39,37,38,31,38,45,47,17,27,26,34,26,20,27,42,46,33,14,33,19,38,27,29,42,44,30,44,28,33,42,24,18,15,35,38,34,18,30,39,32,30,45,31,24,31,27,5,16,25,29,48,34
18.27137103,23,32,36,30,43,19,34,13,20,37,26,31,38,45,47,17,27,26,22,26,20,27,31,8,33,33,33,22,42,27,29,42,23,37,27,48,31,42,24,18,33,35,38,34,18,44,34,35,30,45,31,24,53,27,29,16,25,34,40,34
18.27561398,23,32,36,30,43,19,34,32,20,37,26,31,38,16,47,17,27,26,37,26,20,27,31,26,33,33,33,55,42,27,29,42,23,37,27,41,33,42,24,18,33,35,38,34,18,33,34,35,30,45,31,24,53,27,29,16,25,43,40,4
18.27608327,36,32,36,30,43,19,34,32,39,37,38,16,38,6,47,17,27,26,34,26,17,27,42,46,33,14,54,19,38,27,29,42,34,30,44,28,33,42,24,18,39,35,38,34,18,30,39,35,30,45,31,24,30,27,29,16,25,29,40,34
18.29115776,36,32,27,23,43,7,34,32,39,37,46,26,38,45,23,17,38,26,34,26,14,27,42,46,33,14,33,19,36,27,29,42,44,30,44,28,38,42,24,18,39,40,38,34,30,30,39,29,30,45,31,24,9,27,29,16,25,29,40,34
18.29286197,36,32,36,30,43,19,34,32,39,37,39,31,38,45,47,17,27,26,34,26,20,27,31,22,33,33,33,46,38,27,29,42,57,30,44,41,33,42,24,18,33,35,38,34,18,26,39,35,30,19,31,24,53,27,29,16,25,38,40,4
18.29326398,23,32,36,30,43,19,34,32,39,37,39,31,38,45,47,17,27,26,51,26,20,27,31,0,33,33,33,25,42,27,29,42,23,42,44,41,33,42,24,18,33,35,38,34,18,27,39,35,30,45,31,24,53,27,29,16,25,29,40,34
18.29360316,36,35,36,23,43,19,34,32,39,37,31,42,38,45,47,17,34,26,50,37,14,27,46,20,33,14,33,19,36,27,29,22,3,30,44,28,38,27,24,18,39,40,38,34,30,30,39,29,30,45,31,24,24,27,29,16,25,29,40,34
18.29537029,23,32,36,30,43,19,34,32,20,37,26,31,38,45,47,17,27,26,22,26,20,27,31,26,33,33,33,2,42,27,29,42,23,37,46,41,33,42,24,18,33,35,38,34,18,27,34,35,13,45,31,24,53,27,29,16,25,34,40,34
18.29688698,23,32,36,30,43,19,34,32,20,37,39,31,38,45,47,17,27,26,22,26,20,27,8,26,33,37,33,20,42,27,29,42,23,37,20,41,33,29,50,18,33,35,23,34,18,31,34,35,30,45,31,24,53,27,29,8,25,34,40,29
18.2989371,23,32,36,30,43,19,34,32,20,37,31,31,38,45,47,17,27,26,22,26,20,27,31,26,33,33,33,22,42,27,29,42,23,37,27,41,33,42,24,18,33,20,38,34,18,59,34,35,39,45,31,9,53,27,29,16,25,34,40,34
18.29971431,23,32,22,30,43,19,22,32,20,37,26,31,38,45,47,4,27,26,26,26,20,27,31,26,33,33,33,22,42,27,29,42,23,37,27,41,33,42,24,18,33,35,38,34,18,27,34,35,13,45,31,24,53,27,29,16,25,48,40,34
18.30791547,23,32,36,30,43,19,34,32,20,37,26,31,38,45,47,17,27,26,22,26,20,27,31,26,33,33,33,31,42,27,29,42,23,37,27,41,33,42,24,18,33,34,3,34,18,60,34,35,30,45,31,24,53,27,29,16,25,34,40,34
18.31066432,36,19,36,30,43,19,34,32,39,37,39,31,38,30,47,17,27,26,34,26,20,27,8,22,33,33,33,39,38,27,29,58,22,30,44,41,33,42,24,18,33,35,38,34,18,51,39,35,30,45,31,24,53,27,29,16,25,29,40,34
18.3108405,23,32,36,30,43,19,34,32,20,37,26,14,38,45,47,17,27,26,50,43,20,27,31,26,33,33,33,22,27,27,29,42,23,37,27,41,56,42,24,18,33,35,38,34,18,20,34,35,30,45,31,24,53,27,29,16,25,34,40,34
18.31297541,23,32,36,30,43,19,34,32,17,37,19,31,38,45,47,17,27,26,22,26,20,24,31,26,33,33,33,22,42,27,29,42,23,37,27,41,33,53,24,39,33,35,23,34,18,27,34,35,30,45,31,60,53,27,29,16,25,43,40,34
18.31319925,23,32,3,30,43,19,34,32,37,54,55,31,38,45,47,34,27,26,38,26,20,27,31,26,33,33,33,22,42,27,29,42,23,37,27,41,33,42,24,18,33,35,38,34,18,27,34,35,24,45,31,24,53,27,29,16,25,34,40,34
18.31407963,36,32,36,23,43,19,34,32,39,37,30,42,38,45,24,17,57,26,34,26,14,27,42,46,33,14,33,19,36,27,29,42,44,30,44,28,38,42,24,18,42,40,38,34,30,30,39,29,30,45,31,24,9,27,29,16,25,29,40,34
18.31586466,23,32,36,30,43,19,34,32,20,37,39,31,38,45,47,34,27,26,22,26,20,27,31,26,33,33,33,22,42,27,29,42,23,37,27,41,33,42,24,11,33,35,38,34,18,20,34,35,30,45,31,24,53,27,29,57,25,63,40,34
18.31762812,23,32,36,30,43,19,34,62,22,37,48,31,38,45,47,37,27,26,22,26,20,27,31,26,14,44,33,22,42,27,29,42,23,37,27,41,33,42,24,18,33,35,38,34,18,27,34,35,30,45,31,24,53,27,29,16,25,34,40,34
18.32194025,23,32,36,30,43,19,34,32,20,37,26,31,38,45,47,17,27,26,15,26,20,27,31,26,33,33,33,22,42,27,29,42,23,15,27,41,33,42,24,18,33,35,38,34,18,27,34,35,30,12,31,24,53,27,29,16,25,34,59,34
18.32720661,23,32,36,30,43,19,34,32,44,37,26,31,38,39,47,34,27,26,51,26,20,27,31,26,33,33,33,22,42,27,7,42,23,37,27,41,33,42,24,18,33,35,38,34,18,27,1,35,30,45,31,24,53,27,29,16,25,34,40,34
18.33402765,23,32,36,30,43,19,34,32,20,37,26,31,38,45,47,17,27,26,9,26,20,27,31,26,22,33,33,22,42,27,29,42,23,37,27,41,33,42,24,18,33,35,38,34,18,27,14,25,30,57,31,24,53,27,29,16,25,34,40,34
18.34049029,23,32,36,30,43,19,34,32,20,37,26,31,38,45,47,4,27,26,22,26,20,27,31,26,33,33,33,19,42,27,29,42,23,37,27,41,33,42,50,18,33,35,38,34,18,56,34,35,30,45,31,24,53,36,29,16,25,34,40,34
18.34349278,36,32,36,23,43,19,34,32,39,37,38,42,38,45,47,17,57,26,34,26,14,27,12,46,51,38,33,19,36,27,29,42,44,30,44,28,38,42,24,18,39,40,38,34,36,27,39,29,30,45,31,24,31,27,29,16,25,29,40,34
18.35431389,23,32,36,30,43,19,34,32,20,37,21,31,38,45,47,17,27,26,22,26,20,27,31,26,33,33,33,4,41,27,29,42,23,37,27,41,33,42,24,18,33,35,38,34,18,27,34,35,30,45,31,24,53,27,29,16,25,54,40,19
18.36047884,23,32,36,30,43,19,34,32,20,37,26,31,38,45,47,17,27,26,22,26,20,27,31,26,33,33,33,22,42,27,29,63,23,37,27,41,33,42,24,18,33,35,38,34,18,27,34,35,30,45,31,24,53,27,29,16,25,58,40,34
18.36494087,36,32,36,30,43,19,34,32,39,37,46,42,38,45,47,17,27,26,7,27,20,27,42,46,33,14,33,19,38,27,29,42,25,30,25,28,33,42,24,18,46,35,38,34,18,30,39,35,30,45,31,24,53,27,29,16,25,29,40,34
18.37112928,23,32,36,30,43,19,34,32,39,37,39,31,38,45,47,17,27,26,40,26,20,27,8,22,33,33,33,25,42,27,29,42,23,30,44,41,33,42,24,18,33,35,38,34,18,2,39,32,30,45,31,24,53,27,29,16,25,29,40,34
18.37193833,23,32,36,30,43,19,34,32,39,37,29,39,38,45,47,19,27,26,22,26,20,27,31,26,33,33,33,22,42,27,29,42,23,37,27,41,33,4,63,51,33,35,38,34,18,27,34,35,30,45,31,24,53,27,29,16,25,34,40,34
18.37723739,36,32,36,30,43,19,34,32,39,37,39,31,38,45,47,17,27,26,34,26,20,27,8,22,33,33,33,19,38,27,29,42,60,30,44,41,33,42,24,36,33,35,40,34,18,30,39,35,30,45,31,24,36,27,29,16,25,0,40,34
18.38009695,23,32,36,30,43,19,34,32,20,37,50,31,38,45,47,17,27,26,22,26,20,27,31,26,33,33,33,22,42,53,29,42,23,37,27,41,33,63,24,18,33,35,38,34,18,27,34,35,30,42,31,24,53,27,29,16,25,36,40,34
18.3838306,23,32,32,30,43,19,34,32,20,54,48,31,38,45,47,17,27,26,22,26,20,17,31,26,33,33,33,22,42,27,29,42,23,37,27,41,33,33,24,18,33,56,31,34,18,27,34,35,30,45,31,24,53,27,29,16,25,42,40,34
18.38716228,36,32,36,30,43,19,34,32,39,37,38,15,38,45,47,17,27,26,34,26,20,27,19,46,33,14,33,19,38,35,29,42,44,30,44,28,33,42,24,18,39,35,38,34,18,48,39,35,30,24,39,24,53,27,29,16,25,48,40,34
18.38905107,23,32,36,30,43,19,34,32,20,37,30,31,38,16,47,17,27,26,22,26,20,27,31,26,33,33,33,22,42,27,29,56,23,37,27,41,33,42,60,18,33,35,38,34,18,27,34,35,30,45,31,24,53,27,29,16,25,16,40,34
18.39147093,23,6,47,30,43,38,34,32,20,37,26,31,38,45,22,17,27,26,22,26,20,27,31,26,33,33,33,22,42,37,29,42,23,37,27,41,33,42,24,18,33,35,23,34,18,27,34,35,30,45,31,40,53,27,29,16,25,34,1,34
18.39769715,36,32,36,23,43,19,34,32,39,37,50,42,38,45,47,17,39,26,34,26,14,27,42,40,33,14,44,19,36,18,29,42,44,30,44,28,38,42,24,18,39,40,38,34,30,30,39,29,30,45,31,24,9,27,29,16,25,29,40,34
18.4030417,36,32,60,30,43,28,34,32,11,37,29,42,38,45,47,17,18,26,34,26,14,27,42,40,32,14,33,19,36,27,29,40,44,30,44,28,38,42,24,18,39,40,38,34,30,30,39,29,30,37,31,24,9,27,29,16,25,29,35,34
18.40355695,23,32,36,30,43,10,34,32,20,37,39,45,38,61,47,17,27,26,51,26,20,27,31,26,33,33,33,22,42,23,29,42,23,37,27,41,33,31,24,51,33,35,38,34,18,27,34,35,30,45,31,24,53,27,29,16,25,34,40,34
18.41024465,36,32,36,30,43,19,34,32,39,37,38,31,38,45,47,17,27,26,34,47,20,27,8,7,33,33,41,46,38,27,29,42,23,30,44,41,33,42,24,18,33,35,38,34,18,30,39,35,30,45,31,24,10,43,29,16,25,29,40,34
18.41093669,36,32,36,23,43,19,34,32,39,37,38,42,38,45,47,17,57,26,34,26,14,27,42,46,33,14,33,19,36,27,29,42,44,30,44,28,38,42,24,18,39,40,38,34,30,30,39,29,30,45,31,24,9,27,29,16,25,29,40,34
18.41256104,36,32,36,30,43,19,34,19,39,37,39,31,38,45,47,17,27,26,34,26,20,27,8,22,33,33,33,46,27,27,29,42,18,30,44,5,33,42,24,18,33,35,38,34,18,30,39,35,30,45,31,24,53,27,29,16,25,38,40,34
18.4152567,36,32,36,30,43,19,34,32,39,37,36,42,38,31,47,17,27,26,34,26,20,31,42,46,23,14,33,31,38,27,29,42,60,30,44,28,33,42,24,18,15,35,38,34,58,30,39,35,30,45,31,24,53,27,29,16,25,29,31,34
18.41598918,23,32,36,30,23,19,34,32,54,37,52,31,38,45,47,17,19,26,21,26,20,27,31,26,33,33,33,22,42,27,29,39,23,37,27,41,33,56,16,18,33,35,38,34,18,27,34,35,30,45,31,24,53,27,29,41,25,18,40,34
18.42337985,23,32,36,30,43,19,34,32,39,37,39,31,30,45,47,17,27,26,51,26,20,27,31,22,33,25,33,25,42,27,29,42,23,42,44,41,33,42,24,18,33,35,38,34,18,11,39,35,30,45,31,24,53,27,29,16,25,56,40,34
18.42395711,36,32,36,30,43,19,34,32,39,37,39,31,38,45,47,34,27,26,34,26,20,27,31,59,33,33,33,46,38,27,29,42,56,30,44,32,33,42,24,18,33,35,64,34,18,30,39,35,30,45,31,24,53,27,29,16,25,29,40,34
18.4263158,23,32,36,30,43,19,34,32,39,37,39,31,7,45,47,17,27,26,51,26,20,27,31,22,33,33,33,25,42,27,29,56,23,42,44,41,33,42,24,18,33,35,38,34,18,27,39,35,30,45,31,24,53,27,29,16,25,29,40,34
18.43465038,36,32,36,30,43,19,34,32,39,37,39,31,38,45,47,17,27,26,34,26,20,27,8,58,33,33,33,2,38,27,29,42,50,37,44,41,33,42,24,18,33,35,38,34,18,30,39,35,30,45,31,24,26,27,29,16,25,29,40,34
18.43469654,36,32,36,30,43,19,34,32,39,37,38,42,38,16,47,17,27,26,21,20,20,27,42,46,22,14,33,19,38,27,29,42,44,30,44,28,33,42,24,18,15,35,38,34,18,30,39,35,30,45,25,24,10,27,29,16,25,29,40,34
18.43526936,36,32,36,30,43,19,14,32,39,37,39,31,38,45,47,17,27,26,34,26,20,27,5,24,33,33,33,9,38,27,29,42,18,30,44,41,33,42,24,18,33,35,38,34,18,42,39,35,30,45,31,24,53,27,29,16,25,29,40,34
18.43669387,23,32,36,30,43,19,34,32,20,37,39,31,2,45,47,17,27,26,15,26,20,27,31,26,33,33,33,25,42,27,29,42,23,37,27,9,33,42,24,18,33,35,38,34,18,27,39,35,30,45,31,24,53,27,29,16,25,23,40,34
18.43750152,23,32,36,30,43,19,34,32,62,37,26,31,38,45,47,61,27,26,51,26,20,27,31,26,33,33,33,22,42,27,30,42,23,37,27,28,33,42,24,18,33,35,38,34,18,39,34,35,30,14,31,24,53,27,29,16,25,34,40,34
18.44405299,23,32,36,30,43,19,34,32,20,37,26,31,38,45,47,17,27,26,22,26,20,27,31,26,33,33,33,22,42,27,29,42,23,37,27,41,33,42,24,18,33,35,62,34,56,27,13,35,30,45,31,24,53,27,29,16,25,37,40,34
18.4474949,36,32,36,23,43,19,34,32,39,32,38,42,38,45,34,17,13,26,34,26,14,38,42,36,61,14,33,19,36,27,29,42,44,30,23,28,38,42,24,18,42,40,38,34,30,30,39,29,30,45,31,24,9,27,29,16,25,29,40,34
18.44848851,36,32,36,30,43,19,34,32,45,37,19,31,38,45,47,17,27,26,34,26,20,27,8,22,33,33,33,46,38,27,29,42,18,30,44,41,33,42,24,62,33,35,38,34,20,30,39,35,30,45,25,24,53,27,29,16,25,29,40,34
18.44986914,36,32,36,30,43,19,34,32,39,37,38,14,38,45,47,17,13,26,34,26,20,27,42,46,33,14,33,19,15,27,29,42,44,30,44,28,33,42,24,18,32,35,38,34,18,30,39,35,30,17,31,24,53,27,29,16,25,29,40,34
18.4512903,36,32,36,30,2,19,34,32,39,37,30,31,38,46,47,17,27,26,34,26,20,27,8,22,33,46,33,46,38,27,29,42,18,30,44,41,33,42,24,18,33,35,38,34,18,35,39,35,30,45,31,24,53,27,29,16,25,29,40,34
18.45673074,23,32,36,30,43,19,34,32,20,37,18,31,38,45,47,13,27,26,22,26,20,27,31,26,33,44,33,22,42,27,29,42,23,37,23,41,33,4,24,16,15,35,38,34,18,27,34,35,30,45,31,24,53,27,29,16,25,34,40,34
18.45964658,36,32,36,30,64,19,34,32,39,37,38,42,38,45,47,17,18,26,34,26,20,27,42,46,33,14,33,19,38,27,29,22,44,30,44,28,33,42,24,18,39,35,38,34,18,30,39,35,30,45,16,24,24,27,29,16,25,35,40,34
18.46144956,36,32,36,30,43,19,34,32,39,37,38,29,38,45,47,17,27,26,34,26,20,27,42,46,33,14,33,19,47,27,29,42,23,30,44,28,33,42,24,18,39,35,38,34,18,60,39,35,30,33,15,24,53,27,29,16,25,29,40,34
18.46459735,36,32,36,23,43,19,34,32,39,37,38,42,38,45,59,26,57,26,34,26,14,27,42,46,33,14,33,19,36,27,29,42,28,30,44,28,38,42,24,18,39,40,38,34,30,30,39,29,27,45,31,24,9,27,29,16,25,29,40,34
18.47143598,36,32,36,30,43,19,34,32,39,37,38,42,38,45,47,17,27,26,34,26,20,27,42,46,33,14,33,19,38,27,29,42,44,30,44,28,33,42,24,18,39,35,38,34,35,30,39,35,62,56,31,24,53,27,29,16,25,29,29,34
18.47451076,23,32,36,30,43,19,34,32,20,37,57,31,38,45,47,17,27,26,22,26,20,27,31,26,33,33,33,22,42,27,9,56,23,37,27,41,33,42,24,36,33,35,38,34,18,27,17,35,30,45,31,24,53,27,29,16,25,34,40,34
18.47750841,36,32,36,30,43,19,34,32,39,37,19,22,38,31,47,17,27,26,34,26,20,27,42,58,33,14,33,19,41,27,29,42,11,30,44,28,33,42,24,18,39,35,38,34,18,30,39,35,30,45,31,24,53,27,45,16,25,29,40,34
18.47924795,36,32,36,23,43,19,34,32,39,37,38,26,38,45,47,17,57,26,34,26,14,27,42,46,33,14,33,18,36,27,47,42,44,30,27,28,38,42,24,18,39,40,38,25,30,30,39,29,30,45,31,24,9,27,29,16,25,29,40,34
18.48312281,23,31,36,30,43,19,34,32,20,37,19,31,38,45,47,1,27,26,14,26,20,27,31,26,33,33,33,22,42,27,29,42,23,37,27,41,33,42,23,18,33,35,38,34,2,27,34,35,30,45,31,24,53,27,29,16,25,34,40,34
18.48868658,23,32,62,30,43,19,34,32,20,37,26,31,38,45,22,17,27,26,22,26,20,27,45,26,33,33,33,22,42,27,29,42,23,37,27,41,33,26,50,18,33,35,62,34,18,31,34,35,30,21,31,24,53,27,29,27,25,22,40,34
18.49409568,36,32,36,30,43,19,34,32,39,37,26,42,38,45,47,17,27,26,34,26,20,27,42,58,33,14,33,19,38,27,29,42,44,30,50,28,33,42,24,18,33,35,38,34,18,30,39,35,30,44,31,24,53,27,29,17,25,29,9,34
18.49898508,36,32,20,23,43,19,34,32,39,37,34,42,38,45,47,17,57,26,34,26,14,27,15,34,34,14,33,19,36,27,29,42,44,30,27,28,38,42,24,18,26,23,38,34,45,30,39,29,30,45,31,24,9,27,29,16,25,29,40,34
18.50724759,23,32,30,30,43,37,34,32,29,37,26,31,38,45,47,17,27,40,22,26,20,27,31,26,33,33,33,22,42,27,29,42,23,37,27,41,33,3,60,18,33,35,38,34,18,27,39,35,30,45,31,24,53,27,29,64,25,34,40,34
18.50825455,23,32,51,30,43,51,34,32,20,37,26,31,38,45,47,17,27,26,22,26,20,27,31,26,33,33,33,22,42,27,29,42,23,37,27,41,33,63,38,18,33,35,38,34,18,17,34,35,30,45,39,24,53,27,29,46,25,43,40,34
18.50839709,36,32,36,30,43,19,34,32,39,37,38,42,38,48,47,17,27,26,15,26,20,27,42,46,33,14,33,19,38,27,29,42,44,20,44,28,53,34,51,18,32,35,38,34,18,30,39,35,30,45,31,24,47,27,29,16,25,29,40,34
18.50956213,23,32,36,30,43,19,37,32,20,37,19,31,38,45,47,17,27,26,22,26,20,27,31,26,33,33,33,22,42,17,29,42,23,37,27,41,53,49,24,18,33,55,38,34,18,27,34,35,30,45,31,24,53,27,29,16,25,42,35,34
18.51285217,36,27,36,30,43,19,34,32,39,37,39,31,38,45,47,17,27,26,40,26,20,27,8,22,33,33,33,46,38,27,29,42,18,30,44,41,33,42,24,18,33,35,38,34,18,60,39,35,30,45,21,24,53,27,29,16,25,29,40,34
18.51289174,36,32,36,30,43,19,34,32,39,37,39,31,38,45,47,17,27,26,46,26,20,27,8,22,22,33,33,46,38,27,29,42,17,30,44,41,33,42,24,18,33,35,38,34,18,7,39,35,30,45,31,24,53,27,29,16,25,29,40,34
18.51392062,36,32,36,30,43,19,34,32,34,37,38,15,38,39,47,17,27,26,34,26,20,27,27,46,33,14,33,33,38,27,29,42,3,30,44,28,33,42,24,18,39,35,38,34,18,30,39,35,30,56,16,24,53,27,29,16,25,29,40,34
18.51646967,36,32,36,30,43,19,34,32,39,37,38,42,38,34,47,17,27,26,34,26,20,27,6,46,33,14,33,19,38,27,29,42,44,30,44,28,62,42,24,18,32,35,38,34,18,32,39,35,30,45,31,24,50,27,29,16,25,29,40,34
18.51765732,23,32,36,30,43,19,34,32,20,37,39,31,38,45,47,17,27,26,40,26,20,27,8,22,33,33,33,25,42,27,29,42,23,30,44,41,33,42,24,18,33,35,38,34,18,30,39,35,10,45,31,24,64,27,29,16,25,29,40,34
18.51792152,23,32,36,30,48,19,34,32,20,37,32,31,38,45,47,4,27,26,22,26,20,51,31,26,33,21,33,22,42,27,29,42,23,37,27,41,33,42,24,18,33,35,38,34,18,23,34,35,30,45,52,24,53,42,29,16,25,32,40,34
18.51857718,36,32,36,23,43,19,34,32,39,37,38,42,38,45,47,17,57,26,34,26,14,27,42,46,33,14,33,19,36,27,29,42,44,33,44,28,31,42,24,18,48,35,38,34,30,30,39,32,30,54,31,24,9,27,29,24,25,29,40,34
18.52124629,36,32,36,23,43,19,34,32,39,37,38,42,38,49,12,17,29,26,34,26,14,27,42,46,16,14,33,19,50,32,29,42,44,30,44,28,30,42,24,17,39,32,38,34,30,30,39,29,30,45,31,24,9,27,29,16,25,29,40,34
18.52404164,23,32,36,30,43,19,34,32,20,37,26,31,38,16,47,17,27,26,3,26,20,27,31,26,33,33,33,22,42,27,29,42,23,37,27,41,33,42,24,18,33,35,49,34,18,27,34,35,30,45,31,24,53,27,29,16,25,26,59,34
18.52855984,36,32,36,30,43,19,34,32,39,37,38,31,38,34,47,17,27,26,34,26,20,27,8,22,33,33,33,46,38,27,29,56,40,22,44,41,33,61,24,18,33,35,35,34,18,30,39,35,30,45,31,24,53,27,29,16,25,29,40,19
18.53162115,23,8,36,34,43,24,34,32,20,37,26,31,38,45,47,17,27,26,22,26,20,27,31,26,33,33,33,22,42,27,29,42,23,37,27,41,33,1,24,18,33,35,38,34,18,27,34,35,30,45,31,24,53,27,29,18,25,14,40,19
18.53365135,23,32,36,30,43,19,34,32,20,37,26,31,38,45,23,17,27,26,22,26,20,27,61,26,33,33,33,22,42,27,30,42,23,22,27,41,33,20,16,18,33,35,9,34,18,27,34,35,30,11,31,24,53,27,29,17,25,35,40,34
18.53376059,23,32,36,30,43,19,34,32,20,37,26,31,38,45,47,17,27,26,22,26,20,27,31,26,33,33,33,22,42,27,29,42,23,37,27,41,57,42,24,43,33,35,38,34,18,54,39,35,7,45,31,24,53,27,29,16,25,37,40,34
18.5379397,36,32,20,30,43,19,34,32,39,37,38,42,38,45,47,17,27,26,40,25,20,27,42,46,33,14,33,22,13,27,29,42,44,30,44,28,33,42,24,18,39,35,38,34,18,30,39,35,30,36,31,24,53,27,5,16,25,29,40,34
18.53798932,23,32,36,30,43,19,34,32,20,37,57,15,38,45,47,56,27,26,22,26,20,27,31,26,33,33,33,22,42,27,29,42,23,37,27,41,33,51,24,18,33,35,38,34,18,27,18,35,30,45,31,24,53,27,29,16,25,34,40,34
18.53965502,36,32,36,5,43,19,34,32,39,37,29,42,38,45,47,17,57,26,34,31,47,27,42,46,33,46,33,25,45,27,29,42,44,30,44,28,38,38,24,18,15,40,38,34,30,30,39,29,30,45,31,24,9,27,29,31,25,29,40,34
18.54209865,23,32,36,30,43,19,34,32,20,37,26,31,38,45,47,17,27,26,22,26,20,27,31,26,33,33,33,22,42,27,29,42,23,37,13,41,33,42,24,18,33,35,4,34,18,27,11,35,30,45,31,24,53,27,29,16,25,45,40,34
18.54212174,64,32,36,30,43,19,34,32,39,37,26,42,38,33,47,17,27,26,34,26,20,2,42,46,33,14,33,19,38,27,29,42,44,30,44,28,33,42,24,18,38,35,38,34,20,30,39,35,30,45,31,24,24,27,29,16,25,29,40,34
18.54248695,23,32,36,30,43,34,34,32,20,37,38,31,38,45,13,17,27,26,22,26,20,32,31,26,33,33,33,22,42,27,29,42,23,37,27,41,8,51,33,36,33,35,23,34,18,27,34,35,30,45,31,24,53,27,29,16,25,12,1,34
18.54257335,36,32,36,23,43,19,34,32,39,37,29,42,38,45,47,17,28,26,34,26,14,27,42,46,33,14,33,19,36,27,29,42,56,30,44,28,38,42,24,18,39,40,38,34,50,30,39,29,30,45,23,24,9,27,29,16,25,29,40,34
18.55075795,23,32,36,30,43,19,34,32,39,37,39,31,38,45,47,17,27,26,51,26,20,27,31,59,33,33,33,25,42,35,29,42,23,42,44,41,33,42,24,18,15,35,38,34,18,51,39,35,30,45,31,24,53,27,29,16,25,29,40,34
18.55189769,23,32,36,30,43,19,34,32,20,37,26,31,38,45,47,17,27,26,22,31,20,17,31,26,33,33,33,22,42,27,29,42,23,37,27,41,33,29,24,18,33,35,38,34,18,36,34,35,30,11,31,24,53,27,29,16,25,56,35,0
18.5530128,23,32,36,30,43,19,34,32,20,37,26,31,38,45,47,17,27,26,22,26,20,27,31,0,33,33,33,22,42,27,29,42,23,37,27,41,33,42,24,18,33,35,38,34,18,39,34,62,30,45,31,24,53,46,29,27,25,40,40,29
18.55671088,23,32,36,30,43,19,34,32,20,37,18,31,38,45,23,17,27,26,24,26,20,27,31,26,33,33,33,22,42,35,29,37,23,37,27,41,33,7,63,18,30,35,38,34,31,12,34,35,30,45,31,24,53,27,29,4,25,34,40,34
18.55793847,36,32,36,30,43,19,22,32,39,37,39,31,38,45,47,17,27,26,47,26,20,27,8,22,33,33,33,32,38,27,29,38,3,30,44,41,33,42,24,18,33,35,38,34,18,11,39,35,30,45,31,24,53,27,29,16,25,29,40,34
18.56035121,36,32,36,34,43,19,34,32,39,37,43,45,38,45,47,17,57,26,34,26,14,27,42,46,33,14,33,19,36,27,29,42,44,30,44,28,38,42,24,18,48,34,38,34,30,30,39,29,30,45,31,24,9,27,29,16,25,37,40,34
18.56464434,23,32,36,30,43,19,34,32,39,37,26,31,38,45,47,17,27,26,51,26,20,27,31,22,33,33,33,25,42,27,29,42,23,49,44,41,33,42,24,18,33,35,38,34,18,44,39,35,30,45,31,24,53,27,29,4,25,54,40,34
18.56625799,36,32,36,30,43,19,34,33,39,37,38,42,38,45,47,17,27,26,34,26,37,27,42,46,33,14,33,19,38,27,29,42,44,30,44,28,33,42,24,18,33,35,38,62,18,30,39,35,30,45,31,24,53,27,29,16,25,11,40,34
18.56944798,36,32,36,30,43,19,34,32,39,37,31,31,38,45,47,17,27,26,34,26,20,27,8,10,12,33,33,46,38,27,29,42,17,15,44,41,33,42,24,18,33,35,38,34,18,30,39,35,30,45,31,24,53,27,29,16,25,29,40,34
18.57498261,36,32,36,30,43,19,34,32,39,37,26,31,38,45,47,53,27,26,34,26,20,27,8,25,33,33,33,61,38,27,29,42,18,30,44,41,33,42,24,18,33,35,31,34,18,51,39,35,30,45,31,24,53,22,29,16,25,29,40,34
18.57521985,23,32,36,30,43,35,34,32,20,45,15,31,38,45,47,17,27,26,27,26,20,27,31,26,33,33,33,25,42,27,29,37,23,37,27,41,33,63,61,18,33,35,38,34,18,27,34,35,30,45,31,6,53,27,29,25,25,34,40,34
18.58148122,23,32,36,30,43,6,34,32,20,37,54,31,38,45,47,17,27,26,9,26,20,27,31,26,33,33,33,22,42,27,29,42,23,37,27,41,33,38,24,45,33,35,38,34,18,27,34,35,30,45,8,24,53,27,29,16,25,34,40,34
18.58423176,36,32,36,23,43,19,34,32,39,37,38,42,38,45,47,17,57,26,34,26,14,27,42,46,33,14,33,19,36,27,29,42,34,30,15,28,38,42,24,18,39,40,38,34,30,30,39,29,49,45,31,24,9,27,29,16,39,29,40,34
18.58434074,36,32,36,23,43,19,34,32,39,37,26,42,38,45,47,17,18,26,34,26,14,27,42,15,33,14,33,19,36,30,29,42,44,30,12,28,38,42,24,18,39,40,38,34,30,30,12,29,30,45,31,24,9,27,29,16,25,29,40,34
18.58499276,23,8,36,30,43,19,34,32,20,37,26,31,38,45,47,17,27,26,22,26,20,42,31,26,33,33,33,51,42,27,29,42,23,37,27,41,33,42,24,14,33,35,38,34,18,36,34,35,30,45,31,24,53,27,29,2,25,35,40,19
18.58773487,36,32,36,37,43,19,34,32,39,37,38,42,38,45,60,17,56,26,34,26,19,27,31,46,33,14,36,19,32,27,29,36,44,30,44,11,38,42,24,45,39,32,38,34,30,30,39,29,30,45,31,24,9,27,29,16,25,29,40,34
18.59143364,36,51,36,30,43,19,34,32,39,37,51,42,38,45,47,17,27,26,34,26,20,27,42,46,33,14,33,19,38,27,29,42,44,30,44,28,33,42,24,18,39,35,38,34,45,44,39,35,30,45,31,24,59,27,29,16,25,29,40,34
18.59402298,36,32,36,37,43,19,34,32,39,37,33,42,38,45,47,17,57,26,34,27,14,27,42,46,40,14,33,46,13,30,30,42,44,30,44,28,38,42,24,18,39,40,38,34,30,30,39,29,30,45,31,24,9,27,29,16,25,29,40,34
18.59521282,23,32,36,30,43,41,34,32,20,37,26,31,38,45,47,17,27,26,21,26,20,27,31,26,33,33,33,22,42,27,29,42,61,37,27,41,33,42,24,18,33,35,38,34,18,27,34,35,30,45,31,24,53,27,29,6,25,63,40,34
18.59581766,36,32,36,30,43,19,34,32,39,37,39,31,38,45,47,17,27,26,21,26,20,27,8,58,33,33,33,19,28,27,29,6,18,30,44,41,33,42,24,18,33,35,38,34,18,31,39,35,30,45,31,24,53,27,29,16,25,29,40,34
18.59681167,36,32,36,30,43,19,34,32,39,37,39,31,38,61,47,17,27,26,34,26,20,27,8,22,33,33,33,61,38,27,29,42,18,30,44,7,33,42,24,18,33,34,38,34,18,30,39,35,30,45,31,24,31,27,29,16,25,29,40,34
18.59698795,23,32,36,30,43,19,34,32,20,37,26,31,38,45,47,17,27,26,7,26,20,27,31,26,33,33,33,22,42,64,29,42,23,37,27,41,33,42,24,18,33,35,38,34,18,27,34,35,30,45,31,24,53,27,29,19,25,55,40,34
18.60234679,36,32,36,30,43,19,34,32,39,37,26,42,38,61,47,17,27,26,34,26,20,27,5,46,33,14,33,19,38,27,29,41,44,30,44,28,29,42,24,18,39,34,38,34,18,30,39,35,30,45,31,24,36,27,53,16,25,29,40,34
18.60707315,36,32,36,30,43,19,34,32,39,37,38,64,38,30,47,17,27,26,34,26,20,27,42,46,33,7,33,28,38,27,29,42,4,30,44,26,33,42,24,18,39,35,38,50,18,33,39,35,30,45,31,24,36,27,29,16,25,29,40,34
18.60833225,23,32,36,30,43,19,34,32,20,37,26,31,38,45,47,17,27,26,40,26,20,27,31,26,33,33,33,25,42,27,29,42,23,37,57,41,33,42,24,18,33,35,38,34,18,27,34,35,30,45,31,24,53,27,6,21,25,63,40,34
18.61286209,26,32,36,36,43,19,34,32,39,37,38,5,38,45,47,17,57,26,34,26,40,27,42,46,33,14,33,19,36,27,29,42,44,30,40,28,38,42,24,18,39,40,38,34,30,30,39,29,30,45,31,24,9,27,29,16,25,29,48,34
18.61854515,23,32,36,30,43,19,34,6,20,37,26,31,38,45,47,17,18,26,22,26,20,48,31,26,33,33,33,22,42,27,29,42,23,37,27,41,33,42,24,18,33,35,38,34,18,27,34,35,30,45,31,24,53,27,29,16,25,60,40,34
18.62050826,36,32,36,30,43,19,34,32,39,37,26,31,38,45,47,17,27,26,34,26,22,27,8,40,33,38,33,28,38,27,29,42,3,30,44,9,33,42,24,18,33,35,55,34,18,30,39,35,30,45,31,24,53,27,29,16,25,29,40,34
18.62100979,36,32,36,30,43,19,34,32,39,37,2,42,38,45,47,17,57,26,34,26,14,27,42,26,33,14,33,19,32,35,29,42,18,30,44,12,38,42,24,18,39,34,38,34,30,30,39,32,30,45,31,24,24,27,29,16,25,29,40,34
18.62667579,36,32,36,30,43,19,34,32,39,37,38,45,38,45,47,17,27,26,34,37,20,27,42,46,33,14,33,19,28,27,29,42,44,30,44,28,33,9,24,18,5,34,38,34,18,30,39,35,30,45,23,24,53,27,29,16,25,29,40,34
18.63007811,52,32,36,30,8,19,34,32,20,37,64,31,38,45,47,17,27,26,22,26,20,27,31,26,33,33,33,22,42,27,29,42,23,37,27,45,33,42,24,49,33,35,38,34,18,27,39,35,30,45,31,24,53,27,29,16,25,34,40,34
18.63816653,36,32,36,30,43,19,34,32,39,37,38,15,38,45,47,17,27,26,34,26,20,27,43,46,33,14,33,46,38,27,29,42,42,30,57,28,33,42,24,18,39,35,38,34,18,30,39,35,30,45,8,39,53,27,29,16,25,29,40,34
18.64494209,36,32,36,30,43,19,34,40,39,37,39,31,38,2,47,17,27,26,34,26,20,27,61,22,33,33,33,46,38,27,29,42,18,30,44,41,33,42,24,18,33,35,3,34,18,40,39,35,30,45,31,24,31,27,29,16,25,29,40,34
18.64755591,23,32,36,30,43,19,34,32,20,37,26,31,38,45,47,17,27,54,22,26,20,27,31,26,33,33,33,22,42,37,29,42,23,37,27,41,33,4,24,18,33,35,23,34,18,7,34,35,30,45,30,24,53,27,29,10,25,32,40,34
18.64835485,36,32,36,23,43,19,34,32,39,37,30,42,38,45,47,17,57,26,34,26,14,27,42,46,33,14,33,19,36,27,29,42,44,30,44,28,38,42,24,18,39,40,38,53,30,30,39,29,30,45,31,24,9,27,29,16,25,29,40,34
18.65800854,36,32,36,30,43,19,34,32,39,37,38,26,38,45,47,17,27,26,34,26,20,27,17,46,52,14,33,19,38,27,29,56,44,30,41,28,33,42,24,18,39,35,38,34,18,30,39,35,30,33,8,24,53,27,29,16,25,29,40,34
18.65932681,36,32,36,30,43,19,34,32,51,37,38,18,38,45,47,17,27,26,34,26,20,27,42,46,33,7,33,40,38,27,29,42,13,30,25,27,33,42,24,18,57,35,38,34,18,30,39,35,30,45,31,24,53,27,29,16,25,29,40,34
18.66467242,36,32,36,23,43,19,34,32,39,37,50,42,38,45,47,17,57,26,34,26,14,27,42,46,33,14,33,19,36,27,29,42,44,30,44,28,38,42,24,18,39,34,38,34,30,30,39,29,38,45,31,24,9,27,29,11,25,29,40,34
18.67058151,36,32,36,17,43,19,34,32,39,37,34,42,38,45,47,17,3,26,34,26,14,32,36,46,33,14,27,19,36,35,24,42,44,30,44,12,38,27,24,18,39,40,38,34,30,30,39,29,30,45,31,24,9,27,29,16,25,29,31,34
18.67144873,23,32,36,30,43,38,34,32,20,37,26,31,38,45,38,17,27,26,22,26,20,27,31,26,33,9,33,22,42,17,29,42,23,37,12,41,33,42,24,18,33,55,38,34,18,29,34,35,30,45,31,24,53,27,29,16,25,34,4,34
18.67226237,36,32,36,23,43,19,34,32,39,24,19,42,38,45,47,17,57,26,34,26,14,27,42,46,33,14,33,19,36,27,29,42,56,30,27,28,38,42,24,18,39,40,38,34,30,30,39,29,30,45,31,24,9,27,29,16,25,29,40,34
18.67278266,23,32,36,30,43,19,34,32,62,37,38,31,38,45,47,24,27,26,22,26,20,27,31,26,33,33,33,22,42,61,29,42,23,37,27,41,33,42,24,18,33,35,31,34,18,27,34,18,30,45,31,24,53,27,29,8,14,34,40,34
18.67331055,23,32,36,30,43,19,34,32,54,37,26,31,38,45,47,60,27,26,22,26,20,27,31,26,33,33,33,22,42,27,10,42,23,4,27,41,33,42,24,18,33,35,38,34,40,27,34,35,30,45,31,24,53,27,29,16,25,22,40,34
18.67590815,36,32,32,23,45,19,34,32,39,37,50,42,38,45,47,17,18,26,34,26,14,27,42,46,33,14,33,19,36,27,29,42,44,30,44,28,38,42,24,18,39,40,38,34,30,30,39,29,30,44,31,24,9,27,29,16,25,29,57,34
18.67705103,36,32,36,30,43,19,34,32,39,37,48,45,38,39,47,17,18,26,34,26,20,27,42,62,33,14,33,19,38,27,29,42,44,30,44,28,33,42,24,18,45,35,38,34,18,30,39,32,30,45,31,24,53,27,29,16,25,44,40,34
18.67873044,36,32,36,23,43,19,34,32,39,37,27,15,38,45,47,17,9,26,34,26,14,27,42,46,36,14,33,19,13,27,29,42,44,30,44,28,46,42,24,18,39,21,38,34,30,30,39,29,30,45,31,24,49,27,29,16,25,29,29,34
18.67891634,36,32,36,23,43,19,34,32,39,37,38,42,38,45,47,17,57,26,34,26,14,27,12,46,62,38,33,19,36,27,24,42,44,30,44,28,38,42,24,18,39,40,38,34,30,39,39,40,30,45,31,24,31,27,29,16,25,29,40,34
18.68230394,23,32,36,30,43,19,34,32,20,37,40,63,38,45,47,4,27,26,22,26,60,27,31,26,28,25,33,22,42,27,29,42,23,30,27,41,33,42,24,18,33,35,38,34,18,27,34,35,30,45,31,24,53,27,29,16,25,34,40,34
18.68434446,23,32,36,30,43,19,34,44,20,37,46,31,38,45,47,17,27,27,22,26,20,27,31,26,33,33,33,14,42,27,29,42,23,37,27,41,33,42,24,18,33,35,38,34,18,54,34,35,30,45,31,9,53,54,29,16,25,32,40,34
18.68888726,36,32,36,52,43,19,34,32,39,37,21,42,38,45,47,17,57,49,34,26,14,27,42,46,33,14,33,19,36,27,29,42,37,30,44,28,38,42,24,18,39,40,38,34,30,30,39,29,30,43,31,24,9,27,29,16,25,29,25,34
18.69293827,36,32,36,23,43,19,34,32,39,37,17,22,38,45,47,17,57,49,34,26,14,27,42,46,33,14,33,19,36,27,29,42,44,30,44,28,38,42,24,18,32,40,28,34,30,30,39,29,30,45,31,24,9,27,29,16,25,29,20,34
18.6938524,36,32,36,30,43,19,14,32,39,37,39,31,38,45,47,17,27,26,34,26,20,27,8,58,33,33,33,43,38,27,29,42,60,37,44,41,32,42,24,18,33,35,38,34,18,30,39,35,30,45,31,24,53,27,29,16,25,29,40,34
18.69750243,36,32,36,30,43,19,37,32,39,37,39,31,38,45,47,17,27,26,34,26,20,27,8,26,33,33,33,13,38,27,29,9,22,30,44,41,33,42,24,18,33,35,38,34,18,30,39,35,30,45,31,24,59,27,29,16,25,54,40,19
18.69835521,36,32,36,23,43,19,34,32,39,29,38,42,38,45,47,17,57,26,34,26,14,27,42,46,33,14,33,19,36,27,29,42,44,30,44,28,38,51,24,18,49,40,38,34,30,30,39,29,30,45,31,24,9,27,29,16,25,29,40,34
18.69922801,36,32,36,23,43,19,34,32,39,37,38,42,36,45,47,17,14,26,34,26,14,27,42,46,33,38,33,43,36,27,24,42,44,30,44,28,38,56,24,18,39,55,40,34,30,30,39,45,30,45,31,51,24,27,29,51,25,29,40,34
18.69949686,36,32,36,23,43,19,34,32,39,37,64,42,38,45,47,17,38,26,34,26,41,27,25,51,33,46,33,19,38,27,29,42,44,30,44,28,38,46,24,18,39,40,38,34,30,30,12,29,30,45,31,24,9,27,29,16,25,29,40,34
18.70715402,23,32,36,30,43,19,34,32,20,37,26,31,38,45,47,0,27,26,22,26,20,51,31,26,33,33,33,22,42,27,29,42,23,37,27,41,33,42,24,18,12,35,38,34,18,27,56,35,30,45,31,24,53,27,29,16,25,29,40,34
18.70741697,36,32,36,37,43,19,34,32,39,37,34,42,38,45,47,17,57,26,34,28,14,27,42,46,33,46,33,19,36,27,29,22,44,30,44,28,38,8,24,18,39,32,38,34,30,30,51,29,30,29,31,24,1,27,29,17,25,29,40,34
18.70810099,36,32,36,23,43,19,34,32,39,37,38,42,38,45,47,17,57,26,34,26,14,27,12,46,20,6,33,19,36,27,29,42,44,30,44,28,38,42,24,18,39,16,38,34,30,50,39,29,30,45,31,24,31,27,29,36,25,29,40,34
18.71011662,23,32,36,30,43,19,34,32,20,37,26,31,38,45,47,17,27,26,50,26,20,51,31,26,33,33,33,22,42,27,29,56,43,37,27,41,33,6,24,18,33,35,38,34,18,27,34,35,30,45,31,56,53,27,29,40,25,42,40,34
18.71021839,36,32,36,23,43,19,34,32,39,37,2,42,38,45,47,17,57,49,34,26,26,27,42,46,33,22,33,32,13,27,29,42,44,30,44,28,38,42,24,18,39,40,38,34,30,30,39,29,30,45,31,24,50,27,29,16,25,38,40,34
18.7128307,36,32,36,30,43,19,34,32,39,37,38,7,38,45,47,49,27,26,34,26,20,27,42,46,22,38,33,19,38,27,29,42,50,30,44,28,11,42,24,18,39,35,38,34,18,30,39,35,30,45,32,24,53,50,29,16,25,29,40,34
18.71827128,36,32,36,30,24,19,34,32,39,37,26,42,38,45,47,17,27,26,34,26,20,27,42,46,62,14,33,19,38,27,29,42,44,30,44,28,33,42,24,18,19,35,38,34,18,30,39,35,30,45,31,24,53,27,53,16,25,29,40,34
18.71899034,23,32,36,30,43,19,34,32,20,37,26,31,22,45,3,17,27,26,22,26,20,27,22,26,33,33,33,43,42,27,29,42,23,37,27,41,33,42,5,18,33,35,38,34,18,13,34,35,30,45,31,24,53,27,29,16,25,49,40,34
18.71949824,36,32,36,23,43,19,34,32,39,41,51,42,38,45,5,17,56,26,34,26,14,27,42,46,33,14,33,36,36,27,29,42,23,30,44,28,38,42,24,18,39,40,38,34,30,30,39,29,30,45,31,24,9,27,29,16,25,29,40,34
18.72235951,36,32,36,30,43,19,34,32,39,37,31,42,38,45,47,17,27,26,34,26,20,27,42,46,33,14,33,19,38,35,29,42,23,30,34,28,33,42,24,18,5,35,38,34,18,59,39,35,30,45,31,24,53,27,29,6,25,29,40,34
18.72924607,23,32,36,30,43,41,34,32,20,37,61,31,38,45,47,17,13,26,22,26,20,28,31,26,33,33,33,53,42,27,29,42,23,37,27,41,33,4,24,18,33,35,38,34,18,27,34,35,30,45,31,24,53,27,29,16,25,25,40,24
18.73497294,36,32,36,30,43,19,34,32,39,37,31,42,38,45,47,17,50,26,15,26,20,27,45,63,33,14,33,19,38,27,29,42,44,30,44,28,33,42,24,18,22,35,38,34,18,30,39,35,30,45,31,24,53,27,29,16,25,29,40,34
18.73934002,23,32,36,30,43,19,34,32,20,37,39,31,7,45,47,17,27,26,3,26,20,27,31,26,33,33,33,25,42,27,29,63,23,37,27,41,33,42,24,18,33,35,38,34,18,27,39,35,30,45,31,24,53,27,29,16,25,22,40,34
18.74135632,36,32,36,23,43,19,34,32,39,37,38,42,38,45,47,17,57,26,34,26,14,27,12,46,10,38,33,19,36,27,29,42,44,30,44,28,38,42,51,18,39,40,38,34,30,50,39,29,30,45,31,24,31,30,29,16,25,29,40,34
18.74633881,36,32,36,23,43,19,34,32,39,37,19,42,7,45,47,17,18,26,34,26,14,27,42,46,33,14,33,19,36,27,29,42,44,20,47,28,38,42,24,18,39,40,38,34,30,30,39,29,30,45,31,24,9,27,29,16,25,29,40,34
18.74789722,36,48,36,30,43,19,34,32,39,37,38,32,38,39,47,17,14,26,30,26,20,27,36,46,33,14,33,19,38,27,29,42,56,30,44,61,33,42,24,18,39,35,38,34,18,30,39,35,30,45,31,24,53,27,29,16,25,29,40,34
18.75430735,23,7,36,30,43,19,34,32,20,37,26,31,38,45,47,17,27,26,6,26,20,27,31,26,33,33,33,22,42,27,29,42,23,37,27,41,33,42,24,18,62,35,38,34,18,27,34,35,30,45,31,24,53,27,29,16,25,34,46,34
18.75923559,36,32,36,23,43,19,34,32,39,37,38,42,38,45,47,17,57,26,34,26,14,27,12,46,62,38,33,19,36,27,29,42,44,30,44,28,38,42,24,18,39,40,38,34,30,50,39,29,30,45,31,24,31,27,29,16,25,29,40,34
18.7600567,36,32,36,30,43,19,34,32,39,37,26,42,38,45,47,17,27,26,34,26,20,27,42,46,33,14,33,19,38,27,29,42,44,30,44,57,50,42,24,18,39,35,38,34,48,44,39,35,30,45,31,24,13,27,29,16,25,29,13,34
18.76627259,36,32,36,34,43,19,34,32,39,37,63,42,38,45,47,17,57,26,34,26,14,27,42,46,33,14,33,32,13,27,29,42,44,30,42,28,29,42,24,25,39,40,39,34,30,30,39,29,30,45,31,24,9,27,29,16,25,29,40,34
18.76805547,36,32,36,30,43,19,34,32,39,12,38,42,38,45,47,17,27,26,34,26,59,27,42,46,33,14,33,19,38,27,29,42,56,30,44,28,29,42,24,18,58,35,38,34,18,30,39,35,30,45,31,24,31,27,29,16,25,29,40,34
18.76807905,36,32,36,23,43,19,34,32,39,37,36,42,16,45,47,17,57,26,34,26,31,27,31,46,33,14,33,19,27,27,29,42,44,30,44,28,38,42,24,18,20,26,38,34,30,30,46,29,58,19,31,24,9,27,29,16,25,29,40,34
18.77036235,23,32,36,30,43,19,34,32,20,37,6,31,38,45,47,27,27,26,34,26,20,27,31,26,33,33,33,22,56,27,29,42,23,37,57,41,33,42,24,18,33,35,38,34,18,27,34,35,30,45,31,24,53,64,29,16,25,34,40,34
18.77069679,36,32,36,23,43,19,22,32,39,37,28,42,38,45,48,20,57,26,34,26,33,27,42,46,33,14,33,19,50,27,29,42,56,30,44,28,38,42,24,18,39,40,38,34,30,30,39,29,30,45,31,24,9,27,29,16,35,48,40,34
18.77217896,23,32,36,30,43,19,34,32,20,37,39,31,44,45,47,17,27,26,22,26,20,27,31,26,33,33,33,22,42,27,29,42,23,37,27,41,33,42,24,18,1,35,38,34,18,27,0,35,30,45,31,24,53,27,29,16,25,46,40,34
18.77362226,36,32,36,16,52,19,34,32,39,37,38,42,33,45,47,19,57,26,34,26,14,27,42,46,33,14,33,19,36,27,29,42,44,30,44,28,38,42,24,20,39,40,38,34,30,30,39,29,30,45,31,24,9,27,29,16,25,29,52,34
18.77577989,36,32,36,17,43,19,34,32,39,33,38,42,38,45,47,17,57,24,34,26,14,27,42,46,33,14,33,34,36,27,29,42,18,30,44,28,38,49,24,18,32,40,38,34,30,30,39,29,30,45,31,28,9,27,8,16,25,29,40,34
18.77701145,36,29,36,23,43,19,34,32,39,37,38,42,38,45,47,17,57,26,34,26,14,27,42,46,33,14,33,19,36,27,29,42,44,30,44,28,38,42,24,18,12,40,38,34,30,30,39,29,30,45,31,24,9,27,29,16,25,48,40,34
18.77795225,36,32,36,30,43,19,34,32,39,37,38,31,38,45,47,17,27,26,34,6,20,27,23,46,33,14,25,19,38,27,29,42,5,30,41,28,33,42,24,18,39,35,38,34,18,30,39,35,30,36,5,24,53,27,29,16,25,29,40,34
18.78128638,36,32,36,22,43,19,34,32,39,37,54,42,38,45,49,17,10,26,34,26,14,27,42,46,33,14,33,19,36,27,29,42,44,30,16,28,47,42,24,41,39,8,38,34,30,30,39,29,30,45,31,24,24,27,29,16,25,29,40,34
18.78223646,23,32,35,30,43,11,17,32,28,37,26,31,38,45,47,17,27,26,22,26,20,27,55,26,33,33,33,22,42,27,29,42,23,37,27,41,33,25,21,18,33,35,38,34,18,27,39,35,30,45,48,24,53,27,29,17,57,16,40,23
18.78382581,32,32,36,40,32,19,34,32,39,37,32,42,38,45,47,17,31,26,34,26,14,27,5,46,33,14,33,9,36,4,29,42,44,30,44,28,38,42,24,18,39,42,38,34,30,30,39,29,30,33,31,24,9,27,29,16,25,29,35,44
18.78650256,23,32,36,30,43,19,34,32,20,37,26,31,38,45,47,17,27,26,22,51,20,27,31,22,33,33,33,61,42,27,29,42,23,37,27,63,33,42,24,18,15,35,38,34,18,33,34,35,30,45,31,24,53,26,29,16,25,37,40,34
18.78659938,23,32,36,30,43,19,34,32,20,37,26,31,38,45,47,17,27,26,22,26,20,27,31,26,33,33,33,22,42,27,29,42,23,37,27,0,33,53,24,18,33,35,38,34,18,37,34,35,30,45,31,12,53,42,29,16,25,36,40,8
18.79040459,23,32,36,30,43,19,34,32,20,37,26,31,38,45,47,17,27,26,1,26,20,27,31,26,33,33,33,22,42,27,29,42,23,37,27,41,33,54,24,18,33,35,38,34,18,53,34,35,30,45,20,24,53,27,29,4,25,37,40,34
18.79128588,36,32,36,23,43,19,34,32,39,37,38,42,38,45,47,17,57,26,34,26,14,27,42,46,33,14,33,19,36,27,29,42,44,30,44,28,38,42,24,16,5,40,38,34,30,30,39,29,30,45,31,24,9,27,29,16,25,29,40,34
18.79411094,36,32,36,37,43,19,34,32,39,37,38,42,38,45,47,17,41,26,34,26,14,27,42,46,33,14,33,19,36,27,29,42,48,30,52,28,38,42,24,18,39,40,38,64,30,30,39,29,30,45,31,24,9,27,29,16,25,29,40,34
18.79526483,36,32,36,17,43,19,34,32,39,37,48,42,38,45,47,17,57,26,34,26,14,27,42,46,22,14,33,19,36,27,29,42,44,30,44,28,30,42,24,18,15,40,38,34,30,30,34,29,30,45,31,24,9,27,29,16,25,29,40,34
18.79671199,36,32,36,30,43,19,34,32,39,37,38,14,38,45,47,17,27,26,34,26,20,27,42,46,33,14,33,19,38,27,29,42,43,30,44,24,33,42,24,18,33,35,38,34,18,30,39,35,2,45,14,24,53,27,29,16,25,22,40,34
18.8021669,23,32,36,30,16,19,34,32,20,37,26,31,38,45,47,17,27,26,22,26,20,63,31,26,33,41,33,22,42,35,29,42,23,37,12,41,39,42,29,18,33,35,38,34,18,44,34,35,30,45,31,24,53,27,29,48,25,7,40,34
18.8035819,36,32,36,23,43,19,34,32,39,37,28,42,38,45,47,17,57,26,34,26,14,27,42,46,33,14,33,19,36,27,29,37,44,30,44,28,38,43,24,18,39,40,38,59,30,30,39,29,42,45,31,24,9,27,29,16,25,29,40,34
18.80859546,36,32,36,3,43,19,34,32,62,37,38,42,38,45,47,30,44,26,34,26,14,27,42,46,33,14,33,19,36,27,29,42,44,30,44,28,38,42,24,18,39,40,38,34,30,30,39,29,30,45,31,24,9,27,29,16,25,29,40,34
18.81188673,23,32,36,30,43,19,34,32,20,37,54,31,38,45,47,17,27,26,46,26,20,27,31,26,33,33,33,22,42,27,29,42,23,37,27,41,33,42,6,18,33,35,46,64,18,27,34,35,30,45,31,24,53,27,29,16,25,34,40,34
18.8162958,36,32,36,30,43,19,34,32,39,37,38,42,38,45,47,17,27,26,34,26,20,27,42,46,33,14,33,24,38,27,29,42,40,30,44,49,33,42,24,18,39,35,38,34,18,30,39,35,30,11,55,60,53,27,29,16,25,29,40,34
18.8170277,33,32,36,23,43,19,34,32,39,37,30,42,38,45,12,17,16,26,34,26,14,27,42,46,19,53,33,19,36,27,24,42,54,30,44,28,38,42,24,18,39,40,38,34,30,30,39,29,30,45,31,24,9,27,29,16,25,47,40,34
18.81920569,36,32,36,30,43,19,34,30,39,16,39,31,38,16,47,17,27,26,34,26,20,27,8,22,33,62,33,46,38,27,29,42,18,30,25,7,33,42,24,18,33,35,38,34,18,30,39,35,30,45,31,24,53,27,29,16,25,29,40,34
18.82009877,36,47,36,23,43,19,34,32,39,37,30,42,38,45,50,17,18,26,34,26,14,27,42,38,31,14,33,19,36,59,29,42,20,30,28,28,55,42,24,18,39,40,38,34,30,30,39,29,30,45,31,24,9,27,29,16,25,29,40,34
18.8228545,36,32,36,23,43,19,34,32,39,37,30,42,38,45,47,17,57,56,34,26,14,27,46,46,62,38,33,19,36,27,29,42,44,30,44,28,38,42,26,18,39,40,38,34,30,46,39,29,30,45,31,24,31,27,29,16,25,29,40,34
18.82627701,23,32,36,30,43,19,34,32,20,37,26,31,38,45,1,17,27,28,46,19,20,27,31,63,33,33,33,28,42,27,29,42,23,37,27,41,33,42,24,18,33,35,38,34,18,27,34,35,30,45,31,24,53,27,29,16,25,60,40,34
18.82947439,36,32,36,28,43,19,34,32,39,37,19,42,38,45,47,17,57,26,34,26,14,27,42,46,33,14,33,19,36,27,29,42,44,30,25,28,6,42,24,18,32,32,13,34,30,30,39,29,30,45,31,24,9,27,29,16,25,29,40,34
18.8309294,36,32,36,23,43,19,34,32,39,37,19,42,38,45,47,17,57,26,34,26,14,27,42,38,22,14,33,19,25,12,29,42,50,30,44,21,38,42,24,18,39,44,38,34,30,30,34,41,21,45,31,24,35,27,29,16,25,29,40,44
18.83154344,36,32,36,30,43,19,2,32,39,37,38,26,38,45,47,17,27,26,34,26,20,27,17,46,33,14,33,39,28,27,29,42,3,30,44,28,33,42,24,18,39,35,38,34,18,30,39,35,30,45,18,24,53,27,29,16,25,38,40,34
18.83227349,36,32,36,30,43,19,34,32,39,37,38,15,38,62,47,17,27,26,34,26,20,27,42,46,33,57,33,10,38,27,29,42,50,30,25,28,33,42,30,18,39,34,38,34,18,4,34,35,30,45,31,24,31,27,29,16,25,38,40,34
18.83684423,23,32,36,30,43,38,34,32,20,37,26,31,38,45,47,17,27,26,46,26,20,27,40,26,33,33,33,22,42,27,29,42,23,37,44,41,33,23,24,55,33,16,38,34,18,27,34,35,30,45,31,24,53,27,29,16,25,6,53,10
18.83923534,36,32,36,23,43,19,34,49,39,37,38,42,38,45,47,17,13,3,34,26,14,27,44,46,33,14,33,19,36,27,29,42,29,37,44,28,32,42,24,18,39,41,38,34,39,30,39,29,30,45,31,24,9,27,29,16,25,29,40,34
18.84299075,36,32,36,23,43,19,34,32,39,37,63,42,38,45,47,35,57,26,34,26,52,27,42,46,33,14,33,19,36,27,29,42,44,30,44,28,38,42,24,18,39,16,31,34,30,30,39,29,30,45,31,24,9,27,29,16,25,29,40,34
18.84656053,36,32,36,54,43,19,34,32,39,58,30,42,38,45,47,17,57,26,34,26,34,27,42,46,33,14,33,19,36,27,29,42,44,30,29,28,38,42,24,35,39,40,47,14,30,30,39,29,30,45,31,24,9,27,29,16,25,29,40,34
18.84795684,36,44,36,23,43,19,34,32,39,37,38,42,38,45,47,17,57,26,34,26,14,27,46,62,33,14,20,33,37,27,29,42,44,30,44,28,38,42,24,18,39,40,38,34,30,30,39,29,30,45,31,24,9,27,29,16,25,29,27,34
18.85015271,36,32,36,23,36,19,34,32,39,37,52,42,38,45,47,17,57,26,34,26,14,27,12,46,62,38,33,19,36,27,29,42,44,30,44,28,38,42,24,18,33,40,38,34,32,50,39,29,30,45,31,24,31,27,29,16,25,29,40,34
18.85055307,36,32,36,23,43,19,34,32,39,37,30,42,38,45,47,17,31,26,34,26,14,27,8,46,33,14,33,19,36,27,29,42,23,28,44,28,38,42,24,18,39,27,38,52,1,30,43,29,30,45,31,24,30,27,29,16,25,48,40,34
18.85208144,36,32,36,23,43,19,34,32,39,37,49,42,38,45,47,17,57,26,34,26,14,27,25,16,33,49,33,19,36,27,29,42,44,30,44,28,38,42,24,18,39,56,38,34,30,30,39,40,30,45,31,24,9,27,29,16,25,29,40,34
18.85438776,36,32,36,30,43,19,34,32,39,37,48,42,38,45,47,17,27,26,34,31,20,27,42,46,33,14,33,19,38,27,29,42,44,30,44,28,33,42,24,18,5,35,38,34,18,30,39,35,44,45,31,24,53,27,29,64,25,29,40,34
18.85787969,36,32,36,52,32,19,34,32,39,37,46,42,38,45,47,17,4,26,34,26,14,27,42,46,33,14,33,19,36,27,29,42,44,30,44,28,38,42,24,18,48,40,38,34,30,30,28,29,30,45,31,24,9,27,29,16,25,18,29,34
18.85898412,23,32,36,58,43,19,34,32,20,37,26,31,38,45,47,17,27,26,22,26,20,27,46,26,33,33,33,22,42,27,29,3,23,42,27,30,33,62,24,35,33,35,38,34,18,27,34,35,30,45,31,12,53,27,29,16,25,32,40,34
18.86181912,36,32,36,23,43,19,34,32,39,37,20,57,38,45,47,17,57,26,34,26,14,19,42,46,32,14,33,19,36,27,29,42,50,30,44,28,38,42,24,18,30,40,38,34,30,30,39,29,30,45,31,24,9,27,29,16,25,33,29,34
18.86391623,36,32,52,23,43,19,34,32,39,37,38,42,38,45,47,17,57,26,34,26,14,27,42,46,33,14,33,19,36,27,29,42,44,30,44,28,38,42,24,18,12,40,38,29,30,30,39,25,30,45,31,24,9,27,29,16,25,29,40,34
18.86451889,36,32,36,37,43,19,34,32,39,37,38,42,38,45,47,17,57,26,34,26,14,27,12,46,62,38,33,19,36,27,24,42,44,30,44,28,38,42,24,18,39,40,38,34,30,8,39,29,30,45,31,24,31,27,29,16,25,29,40,34
18.86490169,36,32,43,23,43,19,34,32,39,37,38,42,38,45,47,17,57,26,34,26,14,27,12,46,43,38,33,19,36,27,29,42,44,30,44,28,38,42,24,18,39,40,38,51,30,11,39,29,30,45,31,24,31,27,29,16,25,17,40,34
18.86584767,23,32,36,30,43,19,34,32,20,37,30,31,38,36,47,17,27,26,22,26,20,27,31,26,33,33,33,22,42,27,29,42,23,21,27,41,53,34,4,45,33,35,23,34,18,61,34,35,30,11,31,24,53,27,29,16,25,52,40,34
18.8681756,36,32,36,30,43,19,34,32,39,37,39,31,38,45,47,17,27,26,34,26,20,27,8,22,33,58,33,46,41,27,29,42,18,57,44,41,33,42,24,18,33,35,38,34,18,30,39,35,30,45,31,24,53,27,29,16,25,50,40,34
18.86985209,36,32,36,46,43,19,34,47,39,37,29,42,38,45,47,17,51,26,57,26,14,27,42,46,33,20,33,19,36,27,29,42,44,30,44,28,38,42,24,18,33,16,38,34,30,30,39,29,30,45,31,24,9,42,29,16,25,38,40,34
18.87149498,36,32,36,30,43,19,34,42,39,37,38,42,38,45,47,17,27,26,34,26,20,48,42,46,2,14,33,19,38,27,29,42,22,20,27,28,33,42,24,18,39,35,38,53,18,30,39,35,30,45,31,24,53,27,29,16,25,29,40,34
18.87267301,36,32,36,30,43,19,34,32,39,37,38,42,38,49,47,17,27,26,34,26,20,27,63,16,33,14,33,10,38,27,29,42,44,30,44,28,30,42,24,18,5,35,38,34,18,30,39,35,30,15,31,24,43,27,29,16,25,29,40,34
18.8797518,23,32,36,30,43,19,63,32,20,37,26,31,38,45,47,17,27,26,11,26,20,27,31,26,33,33,33,22,42,27,29,42,23,37,27,41,33,42,24,18,15,35,38,34,18,27,34,35,30,51,31,24,53,27,29,16,25,58,40,34
18.88028258,36,32,36,23,43,19,34,32,15,37,38,42,38,45,47,17,57,26,34,26,14,27,12,46,43,22,33,19,36,27,29,42,44,30,44,28,38,42,24,18,39,40,38,34,11,53,39,29,30,45,31,24,31,27,29,16,25,29,40,34
18.88061111,23,32,36,30,43,19,34,32,20,37,26,31,38,45,47,1,27,26,22,26,20,27,59,26,33,20,33,22,42,27,29,42,23,37,27,41,33,9,24,18,33,35,38,34,18,39,39,35,30,57,31,24,53,27,29,16,25,34,40,34
18.88366486,36,32,36,10,43,19,34,32,39,37,2,42,38,19,47,17,57,26,34,26,14,27,42,46,33,14,33,19,36,27,29,42,44,20,27,28,38,42,24,18,39,40,38,34,30,30,40,29,30,45,31,24,40,27,29,16,25,22,40,34
18.88890302,36,32,36,30,43,19,34,53,39,37,39,31,38,45,47,17,27,26,46,26,20,27,8,22,33,33,33,31,38,27,29,42,18,30,44,41,33,42,24,18,33,35,38,34,18,57,39,35,30,45,31,24,53,27,6,16,25,29,40,34
18.90152008,23,32,36,30,43,19,34,61,20,37,26,31,38,45,47,17,27,26,50,26,20,27,31,26,28,33,33,22,42,27,29,42,23,59,27,41,33,42,24,51,33,35,38,34,18,27,34,35,10,45,31,24,53,27,29,16,25,25,40,34
18.91221731,36,32,36,32,43,19,34,32,39,37,26,37,38,45,47,47,13,26,34,61,14,27,42,46,33,14,33,19,36,27,29,42,44,30,13,27,38,45,24,18,39,32,38,34,30,30,10,29,30,45,31,24,10,27,29,16,25,29,40,34
18.916123,36,32,17,23,43,19,34,32,39,37,45,42,38,45,47,17,57,26,34,26,14,48,42,46,33,14,33,19,36,27,29,42,44,30,44,28,8,42,24,31,39,39,38,34,30,30,39,29,30,45,31,24,9,27,29,16,25,29,40,34
18.91727452,36,32,36,23,43,19,34,32,39,37,21,42,38,45,47,17,13,26,34,26,14,27,42,46,33,14,33,19,13,27,29,42,44,30,27,12,53,42,24,18,39,40,38,34,30,30,39,29,30,45,31,24,9,27,29,16,25,29,40,34
18.92071673,36,32,36,30,43,19,34,32,39,37,38,42,38,45,47,17,27,26,34,26,20,1,42,46,28,14,38,19,38,27,29,42,44,30,44,28,33,42,24,18,39,35,38,34,3,30,39,35,30,45,31,24,8,27,29,16,25,29,48,34
18.93552586,47,32,36,30,43,19,34,32,39,37,50,42,7,45,47,17,27,26,34,26,20,27,25,46,33,14,33,19,38,27,29,42,44,30,10,28,33,42,24,18,42,35,38,34,18,30,39,35,30,45,31,24,53,27,8,39,25,29,40,34
18.93627316,36,32,36,6,43,19,34,32,39,39,26,42,38,45,47,17,57,26,34,26,44,27,22,46,33,14,33,19,36,25,29,42,44,30,44,28,38,42,24,18,39,52,38,34,30,30,39,29,42,45,31,24,31,27,29,16,5,29,40,34
18.93627955,36,47,36,30,43,19,34,32,58,37,30,42,38,45,47,17,27,26,34,26,20,27,42,46,33,14,33,19,38,27,29,42,50,30,44,28,33,42,24,18,39,35,38,34,53,30,39,35,30,45,8,24,53,27,29,16,25,29,25,34
18.93748854,36,32,36,12,43,19,34,32,39,37,28,42,38,45,47,17,57,26,34,26,14,27,42,46,33,14,33,19,36,17,29,42,44,30,36,28,38,42,24,18,46,39,38,34,30,30,39,29,30,45,31,24,9,27,29,16,54,37,40,34
18.94023564,36,32,36,30,43,19,34,32,39,37,42,42,38,45,47,17,57,26,34,26,14,27,31,46,33,14,36,19,36,27,29,56,44,30,44,28,38,60,24,18,39,40,38,34,30,30,39,32,30,45,31,24,64,27,29,27,25,29,40,34
18.94057039,23,32,3,30,52,55,34,32,20,37,38,31,38,45,47,17,27,26,22,26,20,27,6,26,33,33,33,16,42,27,29,42,23,37,27,41,33,51,24,18,33,35,38,34,18,27,34,35,30,33,31,24,53,27,29,51,25,21,40,34
18.94429538,36,32,36,23,43,19,34,32,39,37,38,38,38,45,47,17,6,26,34,26,14,27,42,46,33,14,33,19,36,27,29,42,44,30,44,28,38,42,24,18,39,40,38,62,30,30,39,29,30,16,31,24,9,27,29,16,19,29,40,34
18.94462795,36,32,36,59,43,19,34,57,39,37,38,42,38,45,22,17,57,26,34,26,14,27,42,46,33,14,33,19,36,27,29,42,44,30,44,28,38,42,24,44,39,40,38,34,30,30,39,29,30,45,31,24,9,27,29,16,25,29,40,34
18.94822861,36,32,36,17,43,19,34,32,39,37,19,42,38,39,47,17,59,26,34,26,14,27,42,46,22,46,33,19,36,27,29,42,44,30,57,28,38,42,24,18,42,40,38,34,30,30,39,29,30,45,31,24,9,27,29,16,25,47,40,34
18.9547694,36,32,14,23,43,19,34,32,39,37,38,42,38,45,22,17,57,26,34,26,20,27,42,46,33,14,33,19,36,27,29,56,44,30,44,28,38,42,24,18,39,29,38,54,20,30,36,29,30,45,31,24,9,27,29,16,25,29,40,34
18.95910623,23,32,36,30,43,19,34,32,20,37,55,31,38,45,15,17,27,26,10,26,20,63,31,26,33,33,33,22,42,27,20,40,23,37,27,41,33,53,29,18,33,35,38,34,18,30,34,35,30,45,31,24,53,27,29,4,25,34,40,32
18.96091324,23,32,36,30,43,19,34,32,20,37,26,60,38,45,47,17,27,26,38,26,20,27,31,7,33,25,33,22,42,27,29,42,23,37,27,41,33,42,24,18,33,35,38,34,18,27,14,35,30,45,31,24,53,27,29,16,25,64,40,34
18.96254897,23,32,26,18,43,61,34,32,20,37,26,31,38,45,47,17,27,26,22,26,20,27,31,26,33,33,33,22,42,27,29,36,23,37,27,41,33,0,31,18,33,35,38,34,18,27,34,35,30,45,4,24,53,27,29,30,25,36,2,34
18.96570951,36,32,10,23,43,19,34,32,39,37,30,42,38,45,47,17,23,26,34,27,14,27,42,58,32,59,33,19,36,35,29,42,44,30,27,28,38,42,24,18,39,56,38,34,30,30,39,29,30,45,31,24,9,27,24,16,25,29,40,34
18.96651455,23,32,36,30,43,19,34,32,20,37,26,31,38,45,47,17,27,26,58,26,20,27,4,26,33,33,33,22,42,27,29,36,23,59,48,41,33,53,33,11,33,35,38,34,18,27,34,35,30,45,31,24,53,27,29,16,25,34,40,34
18.96937603,36,32,36,30,43,19,34,32,20,37,38,42,38,45,47,17,57,26,34,26,14,27,12,46,62,38,33,19,36,27,29,42,44,30,44,28,38,42,52,18,39,40,38,34,30,50,39,29,30,45,31,43,31,27,29,16,25,29,40,34
18.97017678,36,32,36,30,43,19,34,32,39,37,54,42,38,45,47,17,57,26,34,37,14,27,42,46,33,14,33,19,36,27,29,42,18,30,44,28,29,42,24,18,33,40,38,34,30,30,0,29,30,45,31,24,9,27,29,16,25,29,35,34
18.97086263,36,32,36,34,43,19,34,32,39,63,26,42,38,45,47,17,18,26,34,26,14,27,42,46,23,14,33,19,36,21,29,42,18,30,44,28,38,42,24,18,39,38,38,34,30,30,34,49,30,45,31,24,9,27,29,16,25,29,40,19
18.97273399,36,32,36,5,43,19,34,32,39,37,21,42,38,45,47,17,57,26,34,26,14,27,42,46,33,14,33,19,36,27,29,42,44,30,44,28,38,42,24,18,33,34,38,34,30,30,39,29,30,45,31,24,54,27,29,24,25,29,1,34
18.9730529,36,32,36,23,43,19,34,32,35,37,38,42,38,52,47,17,57,26,34,26,14,27,41,46,33,14,36,19,64,27,29,42,44,30,44,28,38,42,24,18,33,35,44,34,30,30,40,29,30,45,31,24,9,27,29,16,25,29,40,34
18.97340163,36,32,36,30,43,19,34,32,39,37,52,51,38,45,47,17,27,26,34,26,20,27,21,46,33,14,33,22,38,27,29,42,44,30,50,28,33,42,24,18,25,35,38,34,20,30,39,35,30,45,49,24,53,27,62,16,25,29,40,34
18.97741069,36,32,49,33,43,19,34,32,39,49,43,45,38,45,36,17,57,26,34,26,14,27,42,46,33,14,33,19,36,27,34,42,44,30,44,28,37,42,24,18,16,10,38,34,30,30,39,29,30,45,31,24,9,27,29,16,25,29,40,34
18.97850436,36,32,36,37,43,19,34,32,39,35,38,42,38,45,47,17,57,26,34,26,14,27,38,46,33,14,33,19,36,27,29,42,50,30,18,28,38,42,24,18,39,40,38,50,30,30,39,29,30,1,31,24,9,27,29,16,25,29,40,34
18.98419504,36,32,36,30,43,19,34,32,39,37,54,35,38,45,47,17,57,19,34,26,14,27,34,48,33,14,33,19,36,27,29,42,44,30,13,28,53,42,24,18,39,26,38,34,30,30,39,29,30,45,31,24,59,27,29,16,25,29,40,34
18.98685516,36,32,36,23,43,19,34,32,39,37,38,42,38,45,47,17,57,26,34,26,14,27,42,46,33,14,33,19,36,27,29,42,44,30,44,55,38,42,24,2,39,40,38,34,30,30,39,29,30,45,31,24,9,27,29,16,25,29,40,34
18.98905815,36,32,36,23,43,19,34,32,52,37,26,42,37,45,47,17,57,27,34,26,14,27,42,46,33,14,33,19,36,34,29,42,44,30,44,28,38,42,24,18,32,15,38,34,30,30,40,29,30,45,31,25,9,27,29,16,25,29,59,34
18.99035209,23,32,36,30,43,19,34,32,20,37,26,31,38,45,63,17,27,26,22,26,20,38,31,58,33,33,33,22,42,27,29,42,23,37,27,41,33,42,24,18,33,35,38,34,18,33,34,35,30,45,64,24,53,27,29,18,25,7,40,34
18.99834846,23,32,36,30,43,19,34,32,20,37,26,31,38,45,47,17,27,58,22,26,20,27,31,26,33,48,33,22,42,27,29,42,23,37,27,41,33,42,24,18,33,35,38,34,18,18,34,35,30,45,31,60,53,27,29,64,25,34,40,47
18.99850996,36,32,36,37,43,19,34,32,39,37,43,42,38,45,47,17,57,29,34,39,14,27,42,46,33,18,33,19,38,27,29,42,44,30,44,28,38,42,24,18,39,54,38,34,30,30,39,29,30,45,31,24,9,27,29,16,25,48,40,54
18.99967807,36,32,36,23,43,19,34,32,39,37,30,42,38,45,47,17,57,26,34,26,14,27,42,46,22,14,33,22,36,61,29,42,56,30,41,28,38,42,24,18,39,40,23,34,30,30,39,29,30,45,31,24,9,27,29,16,25,29,40,34
19.00260295,36,32,36,30,43,19,34,32,39,37,38,31,38,45,47,17,27,26,34,16,20,27,42,46,33,14,33,19,38,27,29,42,17,30,44,27,55,42,24,18,11,35,61,34,18,30,39,35,30,45,31,24,10,27,29,16,25,29,40,34
19.00477294,64,32,36,30,43,19,34,32,39,37,26,42,38,6,47,17,27,26,34,26,20,6,42,46,33,14,33,19,38,21,29,42,44,30,44,28,33,42,24,18,48,35,38,34,18,30,39,35,40,45,31,24,28,27,29,16,25,29,40,34
19.00877316,36,32,36,23,43,19,34,32,39,32,2,42,38,45,47,17,57,26,34,26,14,27,42,46,33,14,33,19,36,27,24,42,44,30,44,28,38,42,24,18,45,21,38,34,30,30,39,29,30,45,21,24,9,27,29,17,25,29,40,34
19.0173083,36,32,36,23,43,19,34,32,39,37,34,42,38,45,47,17,36,26,34,26,14,51,51,60,31,14,33,19,36,36,29,42,44,30,44,40,38,42,24,18,39,47,38,34,30,30,39,29,30,45,15,24,9,27,29,16,25,29,40,23
19.0174077,36,32,36,23,43,19,34,6,39,37,38,42,38,45,47,17,57,26,34,26,14,27,42,46,33,14,33,19,36,27,29,42,44,30,44,28,38,42,24,36,39,40,38,34,30,30,39,29,30,45,31,24,9,27,29,16,25,29,40,4
19.02120723,57,32,36,23,43,19,34,32,39,37,38,42,38,45,47,17,57,26,34,26,14,27,12,46,62,38,33,19,36,27,29,42,44,30,44,42,38,42,24,35,39,40,38,34,30,17,39,29,30,45,31,24,31,27,29,16,25,20,40,34
19.02414583,36,32,36,23,43,19,34,32,39,37,27,42,38,45,47,17,18,26,34,26,14,27,42,46,22,14,33,19,36,27,29,42,44,51,44,28,38,42,24,18,1,40,38,34,30,30,39,29,30,31,31,24,9,27,53,16,25,29,40,34
19.0254473,36,32,36,23,43,19,34,32,39,37,50,1,38,45,47,17,57,26,34,26,20,27,42,46,33,14,33,47,36,27,29,42,44,30,44,28,38,42,24,18,33,50,38,34,30,30,41,29,30,45,31,24,9,27,29,16,25,29,40,34
19.02728316,36,32,33,23,43,31,34,32,39,37,63,42,38,45,47,17,57,26,34,26,30,27,42,38,33,14,33,19,36,27,29,47,44,30,44,28,38,42,24,18,5,61,38,34,30,30,39,29,30,45,31,24,34,27,29,16,25,47,40,34
19.03187605,36,32,36,23,43,19,34,32,39,37,38,42,38,45,47,17,57,26,34,26,14,27,55,46,1,48,33,19,36,27,29,19,44,30,47,28,38,42,24,18,39,40,38,34,30,50,39,29,30,45,31,24,31,27,29,16,25,29,40,34
19.03314933,49,32,36,37,43,38,34,32,39,37,63,42,38,45,47,47,56,26,34,26,59,27,42,46,33,45,33,19,36,27,29,17,44,30,44,28,38,42,24,18,39,40,38,34,30,30,41,29,30,45,31,24,9,27,29,16,25,29,40,34
19.03705601,55,32,36,23,43,19,34,32,39,35,38,42,38,45,47,17,57,26,34,26,14,27,42,46,33,14,33,19,36,27,29,42,44,30,27,28,38,42,24,14,39,40,38,22,30,30,39,57,30,45,31,24,9,27,29,16,25,29,40,34
19.04058495,36,32,36,23,43,13,34,32,39,37,38,42,38,45,47,17,57,26,34,26,14,27,12,46,62,38,33,41,36,27,24,42,44,30,44,28,38,42,24,18,39,40,38,34,30,50,39,29,30,45,31,24,31,27,29,16,25,29,40,12
19.04510468,23,32,36,30,43,19,34,32,39,37,39,31,38,45,47,17,27,26,7,26,20,27,8,22,33,33,33,25,42,27,29,42,23,8,44,41,33,42,24,18,33,35,38,34,18,22,39,35,30,45,31,24,53,27,29,16,25,64,40,34
19.0466203,36,32,36,23,43,19,34,32,39,37,38,42,38,45,47,17,57,26,34,26,14,27,42,46,33,14,33,19,36,27,29,42,44,30,44,28,38,42,24,18,63,40,38,34,30,30,39,48,30,45,31,24,9,27,29,16,25,43,40,34
19.04675391,36,32,36,27,43,19,34,32,39,37,38,7,38,45,47,17,57,26,34,26,14,27,5,46,33,36,33,19,36,21,29,42,44,30,27,28,53,42,24,18,39,40,38,34,30,30,39,29,45,45,31,24,9,27,29,16,25,29,40,34
19.04843069,36,32,36,30,43,19,34,32,39,37,50,42,38,45,47,17,15,26,34,26,20,27,42,19,33,14,33,19,38,27,29,42,44,30,58,28,33,42,24,18,53,35,38,34,18,30,39,8,30,45,31,24,53,27,29,16,25,29,40,34
19.05051691,36,32,36,34,43,19,34,32,39,37,38,42,38,45,47,17,57,26,34,26,34,27,42,46,33,14,33,19,56,27,29,42,44,37,44,28,38,42,24,18,11,40,38,34,30,30,41,29,41,45,31,24,64,27,29,16,25,29,40,19
19.05053928,36,32,36,23,43,19,34,32,39,37,38,42,38,45,47,17,57,26,34,26,43,27,42,46,39,14,33,19,33,27,7,42,51,30,44,28,47,42,24,18,39,40,38,34,30,30,39,26,30,45,31,24,9,27,29,16,51,31,40,34
19.05305439,36,32,31,37,43,19,34,32,39,37,57,42,38,45,47,17,57,26,34,26,14,34,42,46,33,14,33,19,36,27,29,42,44,30,44,28,38,42,24,18,27,32,38,34,30,30,24,29,30,45,31,24,9,27,29,14,0,29,40,34
19.0534688,36,32,36,30,43,19,34,32,5,37,38,42,38,45,47,22,18,26,34,26,20,27,42,46,33,14,33,19,13,27,29,42,44,30,44,28,33,42,24,18,39,34,38,34,18,30,39,35,30,1,15,24,53,27,29,16,25,37,40,34
19.06283472,23,32,36,30,43,19,34,32,20,37,26,31,38,45,47,38,18,26,62,26,20,27,31,26,33,33,33,22,42,27,2,42,23,37,27,41,56,42,24,18,33,35,38,34,18,27,34,35,30,45,31,24,53,3,29,16,25,34,40,34
19.06457678,36,32,36,34,43,19,34,32,39,37,38,42,38,45,47,17,57,26,34,26,32,27,42,15,33,14,33,19,36,27,29,42,44,30,44,28,38,42,24,18,64,48,38,34,30,30,57,29,30,45,31,24,9,27,29,16,25,29,22,34
19.06643203,36,32,36,23,43,19,34,32,39,37,38,42,38,45,47,17,57,26,9,26,14,27,59,46,62,38,33,19,36,27,22,42,44,30,44,28,38,42,24,18,39,40,38,34,30,23,39,29,30,45,31,24,31,27,29,16,25,29,40,34
19.06769591,36,32,36,23,43,19,34,32,39,54,38,42,38,45,47,17,3,26,34,26,14,27,42,46,19,14,31,19,36,27,24,42,44,30,44,28,38,42,24,33,39,40,38,34,30,30,39,29,30,2,31,24,9,27,29,16,25,29,40,34
19.06814795,36,32,36,23,43,19,34,32,39,37,55,42,38,45,47,17,57,26,34,26,14,27,42,29,33,14,33,19,36,27,29,42,44,30,44,28,56,42,24,12,39,40,38,34,30,30,39,29,30,13,31,24,9,27,29,16,25,23,40,34
19.06846013,36,32,36,23,13,19,34,32,62,37,38,42,38,45,47,17,57,26,34,26,14,27,12,46,62,38,33,19,36,27,29,42,44,30,44,28,38,42,24,18,39,40,38,34,30,37,39,29,30,45,31,24,31,27,29,16,25,29,40,34
19.06994671,36,32,36,23,43,19,34,32,39,37,45,42,38,58,47,17,57,26,34,26,14,27,42,46,33,14,33,19,36,27,29,42,44,30,30,28,53,42,24,18,49,52,38,34,30,30,39,37,30,33,31,24,9,27,29,16,25,29,40,34
19.07075509,23,32,36,30,43,19,34,32,20,37,26,31,38,45,3,17,27,26,22,26,20,27,31,26,33,33,9,22,42,27,29,42,23,37,27,41,53,42,21,18,33,35,38,34,18,27,34,35,14,45,31,24,53,15,29,16,25,34,40,55
19.07194731,36,32,61,23,43,19,34,32,39,37,38,42,38,45,47,17,58,26,34,26,14,27,42,46,33,14,33,54,36,27,29,42,44,30,27,28,38,42,24,18,39,40,38,34,30,30,39,29,30,45,31,24,9,27,29,16,25,29,12,34
19.07199079,36,32,36,37,43,19,34,32,39,47,26,42,38,57,47,17,27,63,34,26,59,27,42,46,33,14,33,19,36,27,29,42,44,60,44,28,38,42,24,18,42,35,38,34,30,30,39,29,30,45,31,24,31,27,29,16,25,29,40,34
19.07391598,36,32,36,30,43,19,34,32,39,37,14,42,38,45,47,17,27,26,5,26,20,27,57,26,33,14,33,4,38,27,29,42,44,30,44,28,33,42,24,18,49,35,38,34,18,30,39,35,30,45,31,24,53,27,29,16,25,29,40,34
19.07490791,23,32,32,30,43,55,34,32,20,37,26,31,38,45,47,17,27,46,22,26,20,27,46,26,33,33,33,22,42,25,29,42,23,8,27,41,33,51,59,18,33,35,38,34,18,27,34,35,30,45,17,24,53,27,29,10,25,42,40,34
19.07491568,36,32,36,23,43,19,34,32,39,37,38,42,38,45,47,17,57,26,34,26,14,27,12,46,62,38,33,19,36,27,29,42,44,30,44,28,38,42,39,18,39,40,38,34,30,50,39,30,30,45,31,24,31,60,29,16,25,29,40,34
19.0759967,36,32,36,23,43,19,34,32,39,16,38,42,38,45,47,17,57,26,34,26,14,27,42,46,33,14,33,19,36,27,29,42,44,30,20,28,38,42,24,18,39,40,38,64,30,42,39,29,30,45,31,24,9,27,29,16,25,29,40,34
19.07766013,36,32,36,30,43,19,34,32,39,37,2,42,38,45,47,17,27,26,34,26,20,27,21,46,33,14,33,19,38,27,29,42,44,30,33,28,33,42,24,18,42,35,38,34,18,30,12,35,30,45,31,24,53,27,11,0,25,29,40,34
19.07874191,36,32,36,30,43,19,34,7,39,37,38,42,38,45,25,17,27,24,34,26,20,27,42,46,33,14,33,19,38,27,29,42,44,2,44,28,33,42,24,18,39,34,38,63,18,30,39,35,30,45,31,24,53,27,29,16,25,29,40,34
19.07965868,23,6,36,30,43,19,34,32,20,37,26,31,38,45,47,17,27,26,22,6,19,27,46,26,33,33,33,22,42,27,29,42,23,37,27,41,33,53,27,61,33,35,62,34,26,27,34,35,30,45,31,24,53,27,29,16,25,32,32,34
19.08100445,36,32,27,47,43,19,34,32,39,37,28,42,38,45,47,17,27,26,34,26,14,27,46,46,33,14,33,13,49,27,29,42,44,30,44,28,38,6,7,18,39,40,38,34,30,30,39,29,30,45,48,24,24,27,29,16,25,18,40,34
19.08117982,36,32,36,23,41,19,34,32,39,37,59,42,38,45,47,17,57,26,34,26,14,27,42,46,33,14,33,3,36,27,29,42,44,30,44,28,38,42,24,18,39,40,38,34,30,30,39,29,21,45,31,24,9,27,29,16,25,29,40,34
19.08404469,36,32,25,30,43,19,34,32,39,37,38,16,38,45,47,17,27,26,34,26,20,27,58,46,33,14,33,19,27,27,29,42,17,30,44,28,33,42,24,5,15,35,38,34,18,30,39,35,30,45,8,24,53,27,29,16,25,29,40,34
19.08465831,36,32,36,23,43,19,34,32,39,37,28,42,38,45,47,10,57,26,34,26,14,27,42,46,33,14,33,19,36,27,29,42,44,30,44,28,42,42,24,18,39,40,38,14,30,30,39,29,14,45,31,24,9,15,29,16,25,29,40,34
19.08768287,37,32,49,23,43,19,34,32,39,37,57,42,38,45,47,17,57,26,34,26,14,27,42,46,33,14,33,19,36,27,29,42,58,30,44,28,38,42,24,18,27,40,38,34,30,30,39,29,21,38,31,24,9,27,29,16,25,29,40,34
19.09007846,23,32,58,30,43,38,34,32,20,37,26,31,38,45,47,17,27,26,22,26,20,27,31,26,33,33,33,22,42,54,29,42,23,59,27,41,33,42,11,35,33,35,38,34,18,30,34,35,30,45,31,24,53,54,29,10,25,12,40,34
19.09480835,36,32,36,23,43,19,34,32,39,31,2,42,38,45,47,17,57,52,34,26,14,27,55,46,33,14,33,28,36,27,29,42,44,30,44,28,38,15,24,18,39,32,38,34,30,30,32,29,30,45,31,27,9,27,29,16,25,29,40,34
19.09550282,36,32,36,33,43,19,34,32,39,37,61,42,38,45,47,17,57,23,34,26,14,27,42,46,28,14,33,19,28,27,29,42,44,30,44,28,38,61,24,18,38,40,38,34,30,30,39,29,30,45,31,24,9,27,29,16,25,37,40,34
19.09660573,23,32,36,30,43,19,34,32,20,37,26,31,38,45,32,17,27,2,7,26,20,27,31,58,33,33,33,22,42,27,29,42,23,37,27,41,33,42,28,18,33,35,38,34,18,7,34,35,61,45,31,24,53,27,29,16,25,29,40,34
19.09742575,36,32,36,23,43,19,34,32,39,37,38,42,38,45,47,17,57,26,34,26,30,27,42,46,33,14,33,19,41,27,29,42,60,30,44,28,53,32,24,18,39,15,38,34,30,30,50,46,30,45,31,24,9,27,29,16,25,29,40,34
19.10437059,36,32,36,5,43,19,34,32,39,37,17,42,38,45,47,17,51,26,34,14,14,27,42,46,26,14,33,19,36,27,29,42,44,30,44,28,38,42,24,18,32,33,39,34,43,30,39,39,30,45,31,24,9,27,29,16,25,29,40,15
19.1083212,36,32,36,23,43,19,34,32,55,37,34,42,38,45,47,17,57,26,34,5,14,27,25,46,33,14,33,25,50,27,29,42,44,30,44,28,38,33,24,18,39,34,38,34,30,8,39,29,30,45,31,24,49,27,29,16,25,29,40,34
19.11065385,23,32,60,30,43,3,34,32,20,37,26,31,38,45,47,17,27,26,50,26,20,27,31,26,33,33,33,22,42,27,29,42,23,37,27,9,33,33,12,18,33,35,38,34,18,35,34,35,30,45,6,24,8,27,29,16,25,32,40,34
19.11164965,36,32,36,23,43,19,34,32,39,37,38,42,38,45,47,17,30,26,34,26,14,27,42,46,33,14,33,19,36,26,29,42,44,30,44,28,38,1,24,18,39,40,44,53,30,30,39,29,30,45,31,24,9,27,29,16,25,29,60,34
19.11487855,36,32,36,23,43,19,34,32,39,45,19,36,38,45,47,17,57,26,34,19,14,27,42,26,39,14,33,19,36,27,29,42,44,30,44,28,38,42,24,18,39,7,38,34,45,30,39,29,13,45,31,24,10,27,29,16,25,29,41,34
19.11714919,36,32,36,20,43,19,34,32,39,37,21,42,38,45,47,17,57,26,34,26,14,27,42,46,14,14,33,8,36,27,29,42,44,30,37,28,38,42,24,18,61,32,38,34,30,30,39,29,30,45,31,24,9,27,29,16,25,29,40,34
19.12281708,36,32,36,23,43,19,34,32,39,37,2,42,38,45,47,57,10,26,34,26,14,27,42,46,33,14,33,19,36,27,29,42,44,30,55,28,38,42,24,18,39,40,38,34,30,30,39,29,26,45,31,24,9,27,29,16,25,29,40,34
19.12303796,36,32,36,23,43,19,34,32,39,37,38,42,38,45,47,17,57,26,64,26,14,27,12,46,62,38,33,19,36,27,29,42,44,30,44,28,38,42,42,18,39,40,38,34,30,19,39,29,30,45,31,24,31,27,29,16,25,29,40,34
19.13291587,36,32,36,23,43,19,34,32,39,37,38,42,38,45,47,17,57,26,25,26,14,27,42,46,33,14,33,19,36,27,29,42,44,30,44,28,38,42,24,18,39,7,38,53,30,30,55,40,30,13,31,24,39,27,29,16,25,29,40,23
19.13390397,36,32,36,23,43,19,34,32,39,37,63,42,38,45,47,17,57,26,34,26,14,27,42,46,33,14,33,19,36,27,29,42,44,30,44,28,38,42,24,18,39,40,38,34,24,30,39,29,55,45,31,24,9,27,29,16,25,29,40,34
19.13415485,36,32,36,30,43,19,34,32,39,37,38,42,26,45,47,17,27,1,34,26,20,27,42,46,62,14,33,19,38,27,29,42,44,30,44,28,33,42,24,18,39,35,38,34,9,30,39,32,30,45,31,24,53,27,29,16,25,29,48,41
19.13566261,36,32,36,23,43,19,34,32,39,37,38,42,38,45,47,17,57,26,34,26,35,27,42,46,22,14,33,19,36,36,29,42,44,15,57,28,38,42,24,18,48,15,38,12,53,30,39,29,30,45,31,24,39,27,29,16,25,29,40,34
19.14070506,36,32,36,23,43,19,34,32,39,32,38,42,38,45,47,17,57,34,34,26,14,27,61,46,33,14,33,13,36,27,29,42,18,30,44,28,38,42,24,18,39,21,38,34,30,31,39,29,30,45,31,24,9,27,8,16,25,29,40,34
19.14112204,36,32,52,60,43,19,34,32,39,24,38,42,38,45,47,17,57,26,34,26,29,1,36,46,33,14,33,19,36,35,29,42,44,30,44,28,38,42,24,18,39,40,38,34,30,30,39,29,30,45,31,24,9,27,20,21,25,29,40,34
19.14213576,36,32,36,23,43,19,4,32,39,37,38,42,38,45,47,17,57,26,34,26,14,27,12,46,62,22,33,19,36,27,29,42,44,30,44,28,38,42,24,18,39,40,38,39,30,17,39,29,30,45,31,24,31,24,29,16,25,29,40,34
19.1423549,36,32,36,23,43,19,34,32,39,37,53,42,38,45,47,17,57,40,34,26,14,27,42,46,40,14,33,32,36,27,29,40,44,30,44,28,38,42,24,18,39,26,38,34,30,30,39,22,30,4,31,24,9,27,53,16,25,29,44,34
19.14277523,36,32,36,23,43,19,34,32,39,37,38,42,38,45,47,17,57,12,34,26,44,17,54,46,33,14,33,19,36,27,29,56,44,30,44,28,38,42,24,18,39,55,38,34,30,30,34,29,30,33,31,24,9,27,29,16,25,29,40,34
19.14881168,36,32,46,16,43,19,34,32,39,37,38,42,38,45,47,17,57,26,34,26,32,27,42,2,33,14,33,19,36,27,29,42,5,30,44,28,25,42,24,18,34,53,38,34,30,30,39,29,30,45,31,24,9,27,29,16,25,29,40,34
19.15012626,36,32,36,30,43,19,34,32,39,37,38,42,38,45,47,17,27,26,34,26,20,27,2,46,33,14,9,19,38,27,29,42,7,30,0,28,33,42,24,18,26,35,25,34,18,30,34,35,30,45,31,24,53,27,29,17,25,29,40,34
19.15187574,36,32,36,23,43,19,34,32,39,37,38,15,12,45,47,17,57,26,34,26,14,27,42,24,22,14,33,19,36,29,29,42,16,30,44,12,38,42,24,18,48,37,38,19,30,30,39,29,30,45,31,24,9,27,29,16,25,29,40,34
19.15361841,36,32,36,23,43,19,34,32,39,37,38,42,38,45,47,17,57,26,34,26,14,27,31,46,62,38,33,19,36,27,29,42,44,30,44,61,38,42,24,18,39,40,38,34,30,56,39,29,14,45,31,24,31,34,29,16,25,29,40,34
19.15849543,59,32,36,40,43,19,34,32,39,37,31,36,38,45,47,17,57,26,34,51,14,36,42,46,51,14,33,19,36,27,29,42,20,30,44,28,38,42,24,18,39,38,49,34,30,30,39,29,30,45,31,24,9,27,29,16,25,29,40,34
19.16031571,36,32,36,23,43,19,34,32,12,37,38,42,38,45,47,17,57,26,34,26,14,27,12,46,51,12,33,19,36,27,29,42,44,30,44,20,38,42,24,18,39,40,38,14,30,50,39,29,30,45,31,24,31,27,29,16,25,29,40,34
19.16089277,23,32,36,30,43,19,22,32,20,37,15,31,2,45,47,64,27,26,21,26,20,27,31,26,33,33,33,22,42,27,29,42,23,37,27,41,33,42,24,18,15,35,38,34,18,27,34,35,30,11,8,24,53,27,29,16,25,34,40,34
19.16431706,36,32,36,23,43,19,34,32,39,37,29,42,38,45,12,58,37,26,34,26,14,27,42,46,33,14,33,19,36,27,29,42,44,30,44,28,38,42,24,18,39,61,38,34,30,30,39,29,30,45,31,24,9,27,29,16,25,29,53,10
19.16535686,36,32,36,34,43,19,34,32,39,37,58,38,38,45,47,17,57,26,34,26,14,27,29,46,33,14,33,19,36,27,28,42,44,30,44,28,38,52,24,30,52,34,38,34,30,30,39,29,30,45,31,24,9,27,29,16,25,63,40,34
19.16853264,36,32,36,54,43,23,34,32,39,37,48,42,38,45,47,17,57,26,34,26,46,27,42,46,33,14,33,19,36,27,29,42,44,30,44,28,38,42,24,18,56,61,34,34,30,30,33,29,30,45,31,24,9,27,29,16,25,29,40,34
19.17040131,36,32,53,23,43,19,34,32,39,37,41,42,38,45,47,17,57,26,34,26,14,41,42,46,40,14,33,19,36,27,29,42,44,30,15,28,41,42,24,48,9,44,38,34,30,30,39,29,30,45,31,24,9,27,29,16,25,29,40,34
19.17388549,23,32,36,30,43,19,34,32,62,37,26,31,38,45,47,17,27,26,22,26,20,27,31,26,33,33,63,22,42,27,29,42,23,37,27,41,33,42,24,18,33,35,38,34,18,60,0,35,30,45,31,24,53,27,29,16,25,34,40,34
19.17421722,36,32,36,37,43,19,34,32,39,37,38,42,38,39,47,17,4,26,34,26,14,27,44,46,33,14,33,43,36,27,29,42,11,30,44,26,38,42,24,18,39,61,38,34,30,30,39,22,30,45,31,24,9,27,29,16,56,29,40,34
19.17433888,36,63,36,30,43,19,7,32,39,37,39,31,38,45,47,17,27,26,34,26,20,27,8,46,33,33,33,46,38,27,29,42,60,20,44,41,33,42,24,18,33,35,38,34,18,30,39,35,30,45,31,24,53,27,29,16,25,22,40,34
19.17488372,36,32,36,34,43,19,34,32,39,37,60,42,38,45,47,17,18,58,34,26,14,27,51,46,33,14,33,19,36,27,29,42,44,30,15,28,39,42,24,18,36,13,38,34,30,30,39,29,30,45,31,24,9,27,29,16,25,29,40,34
19.1750523,36,32,36,60,43,19,34,32,39,37,36,8,18,45,47,17,59,26,34,26,31,31,42,46,33,14,33,19,36,27,29,42,44,30,44,28,38,42,24,18,39,11,38,34,30,30,39,18,30,45,31,24,9,27,29,16,25,29,40,34
19.17505716,36,32,36,23,43,19,34,32,39,37,38,42,38,45,47,17,57,26,34,26,14,27,12,46,62,38,33,19,36,3,29,26,44,30,44,28,38,42,24,18,39,40,38,34,30,20,39,29,30,45,31,24,52,27,29,16,25,29,40,34
19.19785178,36,32,51,23,43,19,34,32,39,37,38,42,38,57,47,17,57,26,34,26,31,27,42,46,22,14,33,28,36,27,29,42,44,30,44,28,38,42,24,18,39,40,38,34,59,30,39,29,30,45,31,24,9,27,29,16,31,57,40,34
19.19805322,36,32,36,23,43,13,34,32,39,37,38,42,38,45,47,17,57,26,34,26,14,27,12,46,62,38,33,57,36,27,29,42,44,30,44,28,38,42,24,18,39,40,38,34,30,50,39,29,30,45,31,24,31,27,14,16,25,29,40,35
19.19993517,36,32,36,23,43,19,34,32,39,37,48,45,38,45,47,17,57,26,34,26,14,27,42,46,33,14,14,19,36,27,15,55,44,19,44,28,38,42,24,18,34,40,38,34,30,30,39,29,30,45,31,24,9,27,29,16,25,29,40,34
19.20103534,36,32,36,23,43,19,34,32,39,58,38,42,38,45,47,17,57,26,34,26,14,27,42,46,33,14,33,22,36,27,29,42,44,61,15,28,38,41,24,18,39,40,38,21,30,30,39,29,30,45,31,24,9,27,29,16,25,29,40,34
19.20110775,36,32,36,34,43,19,34,32,39,32,38,42,25,45,47,17,57,26,34,26,14,28,42,46,33,14,33,50,36,27,29,42,44,30,44,28,38,42,24,18,39,59,13,34,30,30,34,32,30,45,31,24,64,27,29,57,25,37,40,34
19.20335843,36,32,36,13,43,19,34,32,39,37,38,42,38,45,47,17,18,26,34,37,14,27,42,46,33,14,33,63,36,27,29,42,44,30,44,3,38,42,11,35,39,47,38,34,30,30,39,29,30,45,31,24,9,27,29,16,28,29,40,34
19.20469383,35,32,36,19,43,19,34,32,39,37,38,42,38,45,64,17,57,26,34,26,14,27,42,46,33,14,33,19,36,27,29,42,44,58,44,28,32,42,24,18,39,15,38,34,30,30,39,29,30,45,31,24,34,27,29,16,25,56,40,34
19.2086095,36,32,43,23,4,19,34,32,39,37,53,51,38,45,47,17,57,26,34,26,14,27,42,46,33,14,33,19,36,27,29,42,44,30,51,28,38,42,24,18,39,25,38,34,30,30,39,29,30,45,31,24,9,27,29,16,25,29,40,34
19.21100174,23,32,36,30,43,19,34,32,20,37,61,31,38,45,47,17,27,26,59,26,20,3,59,26,33,33,33,22,42,27,29,42,23,37,27,41,33,14,24,18,33,35,38,34,18,30,34,35,30,45,31,39,53,27,29,16,25,18,40,34
19.212283,36,40,36,42,43,19,34,32,39,37,57,42,38,45,47,17,57,26,34,26,14,27,42,46,33,14,33,19,36,27,29,42,44,30,44,28,38,42,0,18,39,40,38,34,30,30,39,29,30,45,31,24,9,27,29,16,27,29,46,34
19.21463076,36,32,36,23,43,19,34,32,39,37,44,42,45,45,47,2,57,26,34,26,14,27,42,46,33,14,33,19,36,27,29,42,44,25,19,28,38,42,24,18,39,40,38,34,30,30,39,29,30,45,59,24,9,27,29,16,25,29,40,34
19.21809586,59,32,32,23,43,19,34,32,39,37,50,42,38,45,47,17,57,26,34,26,14,27,42,26,8,14,15,19,48,27,29,42,33,30,28,28,38,42,24,18,39,40,38,34,30,30,39,29,30,45,31,24,9,27,29,16,25,29,40,34
19.22571728,36,32,36,23,43,13,34,32,39,37,38,42,38,45,47,17,57,26,34,26,14,27,12,46,62,38,33,57,36,27,29,42,44,30,44,28,38,42,24,18,39,40,38,34,30,50,39,29,30,45,31,24,31,27,29,16,25,29,40,12
19.22605791,36,32,36,30,43,19,34,32,39,37,38,53,38,45,47,17,27,26,34,26,20,27,42,46,33,14,33,1,38,27,29,3,60,30,44,28,33,42,24,18,39,35,38,34,18,16,39,35,30,45,31,24,53,27,29,16,25,34,40,34
19.22676394,36,32,36,23,43,19,34,32,39,37,38,42,38,45,47,17,57,26,34,26,24,27,46,46,33,14,33,19,26,27,29,42,44,59,44,28,38,42,24,18,39,62,38,34,30,32,45,29,30,33,31,24,9,27,29,16,25,11,40,33
19.22912457,36,32,36,23,32,38,34,32,39,24,38,42,38,45,47,17,15,26,34,42,14,27,46,46,23,22,33,39,36,27,24,26,58,37,44,28,38,42,24,12,32,56,38,33,30,50,39,48,38,45,21,24,41,37,29,16,22,29,4,26
19.23116739,36,32,36,23,43,19,34,8,39,37,38,42,38,45,47,17,57,26,34,26,14,27,12,46,62,26,33,19,36,27,29,42,44,30,44,28,38,42,24,18,24,40,38,34,30,51,39,57,30,45,31,24,31,27,29,41,25,29,40,34
19.23404029,36,32,36,23,43,19,34,32,39,15,10,42,38,45,47,17,57,26,34,26,14,27,42,9,52,14,28,19,36,27,29,42,44,30,44,28,38,42,24,18,39,41,38,34,30,30,36,29,30,45,31,60,39,27,29,16,25,29,40,34
19.2426144,36,32,36,23,43,19,34,32,39,8,46,42,38,56,47,17,57,26,34,26,14,18,42,46,33,14,33,19,36,27,29,42,44,30,44,28,38,42,24,57,39,40,38,34,30,30,39,29,30,45,31,24,9,27,29,16,25,29,40,34
19.24273604,36,32,43,43,43,19,60,32,39,37,38,42,38,45,47,17,57,26,34,26,14,27,12,46,62,14,33,19,36,27,29,42,28,30,44,28,38,42,24,18,39,40,38,34,30,50,39,29,30,45,31,24,31,27,29,16,25,29,40,34
19.24354817,36,32,36,23,43,19,34,32,39,37,38,1,38,45,47,49,39,26,34,6,14,27,43,46,43,28,33,19,13,27,29,42,10,30,44,28,38,49,24,18,39,40,38,34,30,30,39,29,30,45,31,24,9,27,29,16,25,29,40,41
19.24493169,36,32,36,15,43,19,34,32,39,37,34,42,38,45,47,17,57,26,34,6,14,27,42,46,33,14,33,19,31,27,29,42,44,30,44,28,38,42,15,18,39,16,16,34,30,30,39,29,30,45,31,24,9,27,29,16,25,19,40,34
19.2467951,36,32,36,11,43,19,34,32,39,37,54,42,38,10,47,17,59,26,34,26,17,27,42,46,33,14,33,19,36,27,29,42,44,30,44,28,38,42,24,18,39,10,30,34,30,30,39,29,30,45,31,24,3,27,29,16,25,29,40,34
19.2505893,36,32,36,47,43,21,34,32,39,37,32,42,38,45,47,17,57,26,34,32,14,27,42,46,33,14,33,19,36,27,29,42,44,30,44,28,38,57,24,18,39,25,38,34,30,30,39,29,30,45,31,0,9,27,29,16,25,52,40,34
19.25207234,36,32,36,45,43,19,34,32,39,37,38,42,38,45,47,17,57,26,34,31,14,27,42,46,33,14,33,19,13,12,29,42,56,30,44,24,38,42,24,18,39,26,38,34,30,30,39,40,30,45,31,24,9,27,29,16,12,29,40,34
19.25531649,36,32,43,61,43,19,60,32,39,37,37,24,38,45,47,17,57,26,34,26,14,27,42,46,33,14,33,19,36,27,29,42,56,30,44,28,25,42,24,18,31,34,38,34,30,30,39,29,30,45,31,24,9,27,29,16,25,29,40,34
19.25954091,36,32,36,23,43,19,34,32,39,4,38,42,38,45,47,17,57,26,34,31,14,27,42,46,33,46,33,22,36,27,29,42,44,30,44,28,38,42,24,18,47,14,13,34,30,30,39,29,30,45,31,10,9,27,29,16,25,37,40,34
19.27114012,36,32,36,23,43,19,34,32,39,37,38,42,38,45,47,17,57,26,34,26,14,27,42,46,33,14,33,19,36,27,29,42,44,30,44,28,38,42,24,18,56,40,38,34,9,30,12,29,14,45,31,24,9,27,29,47,25,29,40,34
19.27803922,36,32,36,30,43,13,38,32,39,37,38,42,38,45,47,17,57,26,34,26,14,27,12,46,62,38,33,2,36,27,29,42,44,30,44,28,38,42,24,18,39,40,38,34,30,50,39,29,30,45,31,24,31,27,29,16,25,29,40,12
19.27968334,36,32,36,16,43,19,34,32,39,37,56,33,38,45,47,17,57,26,34,26,14,27,42,46,33,42,33,19,36,27,29,42,44,30,44,38,38,42,24,18,15,10,38,34,30,30,3,29,30,45,31,24,9,27,29,16,25,29,40,34
19.28076378,36,32,32,23,43,19,34,32,39,37,38,42,38,45,22,17,57,26,34,26,14,27,12,46,62,38,33,19,36,27,29,42,44,30,44,28,38,42,24,18,39,40,38,34,30,60,39,29,30,45,21,24,31,27,29,16,0,29,40,34
19.28090362,36,32,62,30,43,19,34,32,40,37,46,42,38,45,47,17,14,26,34,26,14,27,42,46,33,14,33,19,36,27,29,42,44,30,44,28,38,42,24,18,39,40,14,62,30,30,39,29,30,45,31,24,9,27,29,16,25,29,40,34
19.28759696,36,32,36,43,43,29,34,32,39,37,46,14,38,45,47,17,57,26,34,26,14,27,42,46,33,14,33,18,36,27,54,42,44,30,44,28,30,42,24,18,12,55,38,34,45,30,39,29,30,45,31,24,9,27,29,16,25,29,40,34
19.28981623,36,32,36,34,43,19,34,47,39,37,38,42,38,45,47,17,48,26,34,26,14,27,42,46,33,3,33,19,36,27,29,42,44,30,44,28,38,42,24,18,39,40,23,34,30,30,0,29,30,45,31,24,9,27,29,16,25,37,4,34
19.29095677,36,32,36,46,43,19,34,32,39,37,2,42,38,45,23,17,57,26,34,26,14,27,42,46,33,14,33,19,36,27,29,42,23,30,29,28,38,42,24,18,15,40,38,34,30,30,39,29,30,45,31,24,9,27,29,16,25,48,40,3
19.29759117,36,32,36,23,43,19,34,32,39,50,38,42,38,45,47,28,57,26,34,26,14,27,57,46,7,14,33,19,27,27,29,42,44,30,44,28,38,42,24,18,39,40,38,34,30,30,39,29,30,45,31,22,9,27,29,0,25,29,40,34
19.29894044,36,32,36,23,43,19,34,32,39,37,38,42,38,45,47,17,57,26,34,26,14,27,12,46,62,38,33,19,36,27,29,42,44,30,44,61,38,42,24,18,39,40,38,34,30,1,39,29,30,45,31,24,31,27,29,16,25,29,40,34
19.29972566,36,32,36,51,43,19,34,32,39,37,38,42,38,45,47,17,57,26,34,26,14,27,12,46,62,15,33,19,36,27,28,42,44,30,44,28,38,42,24,18,39,40,38,34,30,50,39,29,30,45,57,24,31,27,29,16,25,29,40,34
19.29998595,36,32,36,30,43,19,34,32,39,37,38,42,6,6,47,17,27,46,34,26,20,27,61,49,33,14,33,19,13,27,29,42,40,30,44,28,33,42,24,18,53,35,38,34,18,30,39,35,30,45,31,24,53,27,29,16,25,29,40,34
19.30273969,25,32,36,23,43,19,34,32,39,37,19,42,28,45,47,17,57,26,34,45,14,27,42,15,36,14,33,19,63,47,29,42,18,30,44,18,38,42,24,18,39,23,38,34,30,30,39,29,30,45,31,24,9,27,29,16,25,29,40,34
19.3038442,61,32,36,46,43,19,34,32,39,37,7,42,38,45,47,17,57,26,34,19,58,27,42,46,33,14,33,19,36,27,29,42,44,30,44,28,38,42,24,18,27,25,38,34,30,30,39,29,30,45,31,24,9,27,29,16,25,29,40,34
19.30777035,36,32,36,30,43,19,34,62,56,37,56,58,38,61,47,17,27,26,34,26,20,27,31,37,22,14,33,19,38,27,29,42,30,30,44,27,33,42,24,18,39,35,38,34,18,33,39,35,30,45,31,24,53,27,29,16,25,22,40,34
19.30828221,36,32,36,23,43,19,34,30,62,37,38,42,38,45,47,17,57,26,34,26,17,27,42,46,33,14,33,19,36,27,29,42,44,30,44,61,38,42,24,18,39,16,38,34,3,30,39,29,30,45,31,24,28,27,29,16,25,29,40,34
19.31012302,36,32,36,23,43,19,26,32,39,37,38,42,38,45,47,17,57,26,45,26,14,27,12,46,62,38,33,19,36,27,29,42,44,30,44,28,38,42,24,18,39,40,38,14,30,37,39,29,30,45,31,24,31,27,29,16,64,29,45,34
19.31188649,36,32,36,23,43,19,34,32,39,32,64,42,38,45,47,17,57,26,34,26,14,27,42,4,33,14,33,19,36,27,29,42,44,8,44,28,38,42,24,18,39,40,38,34,30,30,39,35,30,45,31,24,9,27,29,16,25,29,40,34
19.31315524,36,32,36,37,22,19,51,32,14,37,38,42,38,45,47,17,57,26,34,26,14,27,12,46,62,38,33,19,36,27,29,42,44,30,44,28,38,42,24,18,39,60,38,34,30,50,39,29,30,45,31,24,31,27,29,16,25,29,40,34
19.31336746,23,32,36,30,60,19,34,32,20,37,20,31,38,45,47,17,27,26,60,26,20,27,31,47,33,33,33,25,42,27,29,61,23,37,27,41,33,42,51,18,33,35,38,30,18,27,34,35,62,45,31,24,53,27,29,18,25,18,40,34
19.31606577,36,32,36,23,43,19,61,32,39,37,19,45,38,45,53,17,57,26,34,26,21,37,42,46,33,59,33,19,36,27,29,42,44,30,27,28,38,42,24,18,39,13,38,34,30,30,39,29,14,45,31,24,9,27,29,16,25,37,40,34
19.31609031,36,32,36,23,43,19,34,32,39,37,54,42,38,45,47,42,57,19,34,26,14,60,42,46,33,14,33,19,36,27,29,42,44,30,55,28,24,42,24,18,48,40,38,34,30,30,39,29,30,45,31,24,56,27,29,16,25,37,40,34
19.31953221,36,32,36,23,43,19,34,32,39,12,14,42,38,45,47,17,57,26,34,26,14,27,42,46,33,14,33,19,36,27,29,42,44,30,44,28,38,42,24,18,39,53,38,34,30,30,39,29,30,45,31,24,9,27,29,16,25,29,1,34
19.32611224,8,32,36,17,59,19,34,48,39,37,43,42,38,45,49,50,57,26,34,26,14,27,42,46,33,14,33,19,36,27,29,42,44,30,44,28,38,42,24,18,15,40,38,34,30,30,39,29,30,30,31,24,9,27,29,16,25,29,40,34
19.3295062,36,32,36,23,43,19,34,32,39,37,38,33,52,45,47,17,57,26,34,26,14,27,8,46,33,14,33,19,64,27,29,42,44,30,22,28,53,42,24,18,42,40,38,34,14,30,39,29,30,45,31,24,39,27,29,16,25,29,40,34
19.33652529,36,32,36,23,43,19,34,32,15,37,38,42,38,45,47,17,63,26,34,26,14,27,42,46,33,14,33,19,36,27,29,42,44,30,47,28,38,42,24,18,39,40,38,53,30,30,39,29,30,45,31,24,9,0,29,16,25,29,40,34
19.33893115,36,32,36,23,43,19,34,32,39,32,38,42,58,45,47,17,57,26,34,26,14,17,33,46,33,14,33,29,36,27,29,42,44,30,44,7,38,42,24,21,39,16,38,34,30,30,39,29,30,45,31,9,13,27,29,16,25,37,53,34
19.33897429,36,32,36,23,43,19,34,32,39,37,36,42,38,45,47,17,57,26,34,26,45,27,58,46,40,14,33,19,36,27,24,42,44,30,44,28,38,42,24,18,39,24,64,53,30,30,39,29,30,45,31,24,9,27,29,16,44,29,40,34
19.3405808,36,32,36,52,43,19,36,32,39,37,38,42,38,45,47,17,57,26,34,26,14,27,12,46,62,38,33,19,36,27,29,42,44,30,44,28,64,42,24,18,39,40,38,34,30,50,39,29,22,45,31,24,31,27,29,16,25,29,40,34
19.34104682,36,32,36,30,43,19,34,32,39,37,31,7,38,26,47,17,27,26,34,26,20,27,42,31,33,14,33,22,38,27,29,42,58,59,44,28,33,42,24,18,63,35,38,34,18,60,39,35,30,45,21,24,53,27,29,16,25,29,40,34
19.3412839,36,32,11,23,43,19,34,32,39,50,51,42,38,45,47,17,57,26,20,26,14,18,42,46,33,14,27,52,36,27,29,42,44,30,44,28,38,42,24,18,39,16,38,34,30,30,39,29,30,45,31,40,9,27,29,16,25,29,35,34
19.34166394,36,32,36,16,43,19,34,32,39,37,30,42,38,45,47,17,10,26,34,22,14,27,42,46,33,14,33,47,36,27,63,42,44,30,27,36,38,42,24,18,4,34,38,34,30,46,39,29,46,45,31,24,9,27,29,16,25,29,40,34
19.34588049,36,32,36,23,43,19,34,32,39,37,51,42,38,45,47,17,57,26,34,26,14,27,42,46,51,57,33,19,36,27,29,42,44,30,44,28,38,42,24,18,39,48,38,34,30,30,39,4,30,32,31,24,24,27,59,16,25,29,40,34
19.34950802,36,32,36,23,43,19,34,32,39,24,16,42,57,45,47,17,57,26,34,26,14,27,42,46,33,14,33,19,36,27,29,42,44,30,44,50,38,42,24,18,39,40,38,34,30,30,39,29,30,45,60,24,9,27,29,16,25,29,40,34
19.35553142,36,32,36,23,43,19,34,32,39,37,8,42,38,45,47,17,57,26,34,26,14,27,42,46,33,14,33,19,36,27,29,42,48,30,44,28,38,42,24,18,39,40,38,34,6,30,39,29,55,45,31,24,9,27,29,52,25,29,40,34
19.35632265,36,32,60,30,43,19,34,32,39,37,38,11,38,45,47,17,27,26,34,26,20,27,42,46,33,14,33,19,41,27,29,42,18,30,44,4,33,42,24,18,39,35,64,34,18,25,39,35,30,45,31,24,53,27,29,16,25,29,40,34
19.35815285,36,32,36,23,43,13,34,32,37,37,38,42,38,45,47,17,57,26,34,26,14,27,12,46,62,38,33,57,36,27,29,42,44,30,44,28,38,42,24,18,39,40,38,14,30,50,39,29,30,45,31,24,31,27,29,16,25,29,40,12
19.3693057,36,32,36,23,43,19,23,32,39,37,38,42,38,45,47,17,57,26,34,26,14,27,12,46,54,38,33,19,36,27,29,42,44,30,44,28,38,42,24,18,39,40,64,14,30,50,12,29,30,45,31,24,31,27,29,16,25,29,40,34
19.37205223,36,32,36,28,43,19,34,32,39,37,19,42,38,45,47,17,42,26,34,26,64,27,51,46,33,14,33,19,36,43,29,42,44,30,44,28,38,42,24,18,39,38,38,34,61,30,39,31,30,45,31,53,9,27,29,16,25,29,40,51
19.3722637,36,6,36,30,43,19,34,32,11,37,61,42,38,45,47,17,27,26,34,26,20,27,42,46,33,14,33,19,38,27,29,42,44,30,33,28,33,42,24,18,21,35,38,34,18,30,39,35,30,1,31,24,53,27,29,16,25,29,40,10
19.37320245,36,32,36,15,43,19,34,32,39,37,48,42,38,45,47,17,57,26,34,26,14,27,42,40,33,33,33,19,57,27,29,42,44,39,44,28,38,42,24,18,39,32,38,34,30,30,39,32,30,45,31,24,9,27,64,1,25,29,44,34
19.37667016,36,32,36,37,43,19,52,32,39,37,38,42,38,45,47,17,57,26,34,26,14,27,12,46,62,38,33,19,36,27,29,42,32,30,44,28,38,42,24,18,39,40,42,34,30,1,61,29,30,45,31,24,31,27,29,16,25,29,40,34
19.38118749,23,6,45,30,43,19,34,45,20,37,26,31,42,45,47,17,27,26,22,26,20,27,31,26,33,33,33,22,42,55,29,42,23,37,27,41,61,28,24,18,33,35,38,34,18,18,39,35,30,11,31,24,53,27,29,64,25,22,40,34
19.38204674,36,32,36,23,43,19,29,32,39,37,38,42,38,45,47,17,57,26,34,26,14,27,42,46,33,14,33,19,36,27,62,42,44,30,32,28,38,42,24,18,12,40,38,53,30,30,39,29,30,45,31,24,9,27,29,16,6,29,40,34
19.38561927,36,32,36,30,43,19,34,32,39,37,63,42,38,45,47,17,26,26,34,26,14,27,42,46,33,14,33,19,34,27,29,42,44,30,44,28,38,42,24,18,62,40,23,34,30,30,57,29,30,45,31,24,9,27,29,16,25,7,40,34
19.38604239,36,32,36,23,45,19,34,32,39,37,0,42,38,45,47,17,57,26,34,26,14,27,42,46,33,14,33,19,36,27,35,42,44,64,47,28,38,42,24,18,39,40,38,20,30,30,39,29,30,45,31,24,9,27,29,16,25,29,40,34
19.39293747,36,32,36,23,43,13,34,32,39,24,28,36,38,45,22,17,15,26,34,54,14,27,12,46,62,38,33,57,36,27,29,26,44,30,44,28,38,42,24,18,39,40,38,33,30,50,39,48,30,45,31,24,31,27,22,16,22,24,40,12
19.39439908,36,32,36,37,43,19,34,32,39,37,14,57,38,45,47,17,57,26,34,26,10,27,42,46,33,14,33,19,36,27,24,42,44,30,15,28,38,42,15,18,62,40,38,34,30,30,25,29,30,45,31,24,9,27,29,16,25,32,40,34
19.39505467,36,32,36,52,43,19,34,32,39,37,38,42,38,45,47,17,35,26,34,9,49,27,42,21,33,14,33,19,36,27,24,42,44,30,44,62,38,42,10,18,39,52,38,34,30,30,39,29,49,45,31,24,9,27,29,16,25,29,40,34
19.39510212,36,32,36,23,43,19,34,32,39,37,30,42,38,45,47,17,57,26,41,26,14,27,42,46,33,11,33,19,50,35,29,42,44,30,27,28,38,42,24,18,39,40,38,34,30,30,39,29,30,56,16,24,9,27,53,16,25,29,59,34
19.3979941,36,32,36,23,43,19,20,32,32,24,38,42,16,45,47,43,15,26,34,26,14,27,31,46,23,38,33,31,33,27,28,26,58,30,44,28,38,42,24,12,32,32,38,33,30,50,39,57,38,45,59,24,31,24,29,16,22,29,8,12
19.39855277,36,32,36,36,43,19,34,32,39,37,39,57,38,45,47,44,57,26,34,26,14,27,42,46,33,14,33,19,36,27,29,56,44,30,44,28,38,42,24,18,64,32,38,34,30,30,39,29,30,45,31,24,9,27,29,16,25,29,5,34
19.40058001,36,32,36,63,43,19,34,32,39,37,38,42,38,45,47,34,57,26,34,26,14,27,29,46,33,14,33,19,36,27,29,42,56,30,44,28,27,42,24,18,0,40,38,34,30,8,39,29,30,45,31,24,9,27,29,16,25,29,40,34
19.40072854,36,32,36,37,43,19,34,32,39,37,63,42,38,45,47,62,57,26,34,26,14,27,42,46,45,14,33,25,57,27,29,17,44,30,44,28,38,49,24,18,39,34,38,34,30,30,39,29,30,45,31,24,9,27,29,16,25,35,35,34
19.4015371,36,32,36,17,43,19,34,32,39,37,19,42,38,39,47,17,57,26,34,26,14,27,31,46,33,0,33,23,26,35,55,42,44,30,44,28,47,42,24,18,39,40,38,34,30,30,39,29,30,14,31,24,9,27,29,16,25,29,62,34
19.40341941,36,32,36,30,43,19,34,32,39,37,38,42,38,51,47,17,27,26,34,26,27,27,42,46,33,14,33,13,38,27,29,2,60,12,44,28,53,42,24,18,53,35,38,34,18,30,39,35,30,45,31,24,7,27,29,16,25,29,40,34
19.41223296,36,32,36,23,43,13,34,32,62,24,38,42,38,45,47,17,15,26,34,54,14,27,29,46,62,38,33,57,36,27,29,26,44,30,44,28,38,42,24,18,39,40,38,33,30,37,39,48,30,45,31,24,31,27,29,16,22,29,40,12
19.41694926,36,32,36,30,43,19,34,32,39,37,38,15,38,62,47,17,27,26,34,26,20,27,42,46,33,14,33,19,49,27,29,42,17,30,44,63,33,42,24,41,39,35,38,34,18,17,39,35,30,57,31,24,64,27,29,16,25,29,40,34
19.41814979,36,32,36,22,43,19,34,32,39,61,38,42,38,45,47,17,57,26,34,26,14,27,42,46,33,14,33,19,36,37,29,42,44,30,44,27,38,33,24,18,39,38,38,34,30,30,52,23,30,16,31,24,9,27,29,16,18,29,64,34
19.41977812,38,32,36,59,43,19,34,32,39,37,38,1,38,45,47,17,57,26,34,26,14,27,33,46,33,14,33,19,32,27,29,42,44,30,44,12,63,42,26,18,39,32,38,34,30,30,39,29,30,45,31,24,9,27,29,16,25,29,34,34
19.42305498,36,32,36,34,43,19,34,32,39,37,49,42,38,45,47,54,29,26,13,26,63,27,42,46,4,14,33,19,36,27,29,14,44,30,44,28,38,42,24,18,39,40,38,34,30,30,39,29,30,45,31,24,9,27,29,16,25,37,40,53
19.42358848,36,32,36,23,43,19,52,32,39,37,38,42,38,45,47,17,57,26,34,26,14,27,12,46,62,38,33,19,36,27,29,42,44,30,47,63,38,42,24,45,39,40,38,44,30,51,39,29,30,45,31,24,31,27,29,16,25,29,40,34
19.42492678,36,32,36,23,43,13,34,32,39,24,38,42,38,45,47,17,15,26,34,54,14,27,12,46,62,38,33,57,36,27,29,26,44,30,44,28,38,42,24,18,39,40,38,33,30,50,39,48,30,45,31,24,31,27,29,16,22,29,40,12
19.42641208,36,32,36,30,43,19,34,53,39,37,38,42,38,45,47,17,27,26,34,26,20,27,42,46,33,14,33,19,38,27,29,42,50,30,44,28,57,42,24,18,53,34,38,34,18,30,39,35,30,11,49,61,53,27,29,16,25,29,40,34
19.43785151,36,32,36,23,43,21,34,32,39,24,38,42,38,45,47,17,15,26,34,47,14,27,12,46,23,17,33,38,36,27,9,26,20,30,39,28,38,42,24,12,32,32,38,33,30,50,39,48,38,45,59,24,31,27,29,16,49,29,8,41
19.43968261,36,32,36,3,43,19,34,32,39,37,20,32,38,45,47,12,57,26,34,26,14,27,42,46,33,14,33,19,36,27,7,42,44,30,44,28,38,42,24,18,26,40,38,34,30,30,39,29,30,45,31,24,9,27,29,16,25,29,64,34
19.4397656,36,32,36,23,43,19,34,32,39,37,30,42,38,56,47,17,57,26,34,51,54,27,42,46,12,14,33,19,36,27,29,42,44,30,1,28,38,11,24,18,25,27,38,34,30,30,39,29,30,45,31,24,9,27,29,16,25,29,40,34
19.44136791,36,32,36,28,0,19,34,32,39,37,30,42,7,45,47,17,57,26,34,26,41,27,42,46,21,14,33,19,23,27,29,42,46,30,44,28,19,47,24,18,39,40,43,34,30,8,39,29,30,45,31,24,9,27,29,16,25,29,40,34
19.44423339,36,32,36,16,43,40,34,32,2,37,10,52,38,45,47,17,57,26,34,26,14,27,42,46,33,14,33,19,36,27,29,42,44,20,44,28,38,42,24,18,36,40,9,34,30,30,39,29,30,45,31,24,9,27,29,16,25,29,40,34
19.45283231,36,32,36,23,43,27,34,32,14,24,38,42,38,45,47,17,15,26,34,36,17,27,46,46,23,38,33,57,36,27,51,26,58,30,44,28,38,42,24,30,32,32,38,33,30,50,39,48,38,45,59,24,31,37,46,16,22,29,17,12
19.45420034,36,32,36,23,43,19,34,32,39,60,48,42,38,45,47,17,57,26,34,26,14,27,49,46,22,14,33,33,36,27,24,42,44,30,44,39,31,42,24,18,39,14,38,34,30,30,39,29,30,45,31,24,9,27,29,16,25,29,64,34
19.45443553,36,32,43,23,43,13,34,32,39,24,38,42,38,45,47,17,15,26,34,54,14,27,12,46,62,38,33,57,36,27,29,26,44,30,44,28,38,42,24,18,39,40,38,33,30,5,39,48,30,45,31,24,31,27,29,16,22,29,40,25
19.45644903,23,32,36,30,43,19,34,32,20,37,56,31,38,45,47,17,13,26,22,26,20,27,31,14,33,33,33,22,42,10,29,42,23,37,27,41,33,52,14,57,33,35,62,34,18,27,34,35,30,45,31,24,53,27,29,16,13,34,40,34
19.45938178,36,32,36,23,43,41,34,32,39,24,38,42,38,45,47,17,15,26,34,47,14,27,12,46,14,24,33,57,36,27,33,26,58,39,44,28,38,42,24,27,32,32,38,33,30,4,40,48,38,45,24,24,31,53,29,16,22,29,35,12
19.46353195,23,32,6,30,43,10,34,32,20,37,19,31,38,45,60,17,27,26,22,26,20,27,0,26,33,33,33,22,42,27,56,42,23,37,3,41,33,33,50,18,33,35,38,34,18,27,34,35,30,45,31,24,53,27,29,46,25,34,40,34
19.46572816,36,32,36,30,43,19,34,53,20,37,62,19,38,45,47,17,27,26,34,26,20,27,42,46,33,14,33,19,38,27,29,42,40,30,0,28,33,42,24,18,15,35,38,34,18,30,39,35,30,45,3,24,53,27,29,16,25,29,40,34
19.46580753,36,32,36,37,43,13,34,32,39,24,30,42,38,45,22,17,15,26,34,54,14,27,12,46,62,38,33,57,36,27,29,26,44,30,44,28,38,42,24,18,39,40,38,14,30,50,39,48,30,45,31,24,31,27,29,16,22,29,40,12
19.46654011,15,32,36,23,43,19,57,32,39,37,38,45,38,45,17,17,57,26,34,26,14,27,42,26,47,14,33,19,36,35,29,42,44,30,44,28,30,42,24,18,39,54,38,34,30,30,39,29,30,45,31,24,55,27,29,16,0,29,40,34
19.4690284,36,32,36,37,43,19,34,32,39,37,43,42,38,45,47,17,57,24,34,26,17,51,42,46,33,14,22,19,36,27,29,5,18,30,44,12,38,33,24,18,39,55,38,34,30,30,39,29,30,45,31,24,9,27,29,10,25,18,40,34
19.47067393,36,32,36,23,43,19,34,32,39,37,26,42,18,45,47,17,57,26,34,26,14,27,42,46,33,14,33,19,36,27,29,42,44,30,44,28,38,42,24,18,42,15,38,34,30,30,39,29,30,45,31,24,9,27,29,16,25,22,1,64
19.47080205,36,32,36,53,43,19,34,32,39,37,43,42,38,45,47,17,21,24,34,26,14,27,42,46,33,14,33,19,36,27,29,42,44,20,44,28,48,42,24,18,5,4,31,34,30,30,39,29,30,45,31,24,9,27,29,16,25,56,40,34
19.4722805,36,32,36,23,43,19,34,32,39,37,47,42,38,45,47,17,57,26,34,26,45,27,42,46,0,14,33,19,36,27,29,42,44,30,44,28,38,42,24,2,33,40,38,34,32,30,39,29,30,45,31,24,9,53,29,16,11,29,40,34
19.47436126,36,32,36,23,43,19,34,32,39,24,38,42,38,64,47,12,57,26,34,26,31,27,42,46,33,14,52,19,13,27,29,3,44,30,44,28,38,42,24,45,39,15,38,34,30,30,39,29,30,45,31,24,9,27,29,16,25,29,44,34
19.47630242,36,32,36,23,43,13,34,32,39,24,38,42,38,45,38,17,15,26,34,54,14,27,12,46,62,38,45,3,36,27,29,26,44,30,44,28,38,42,24,18,39,40,38,33,30,50,39,48,30,45,31,24,31,27,29,16,22,29,40,12
19.47666789,36,32,36,16,43,19,34,32,39,15,38,42,38,7,47,17,57,26,34,26,14,27,42,46,33,14,33,19,1,27,29,21,44,30,44,28,38,42,24,18,49,40,38,34,30,30,39,29,30,45,31,24,9,27,29,16,25,17,40,34
19.4779707,36,32,36,16,43,19,34,29,39,37,6,5,38,45,47,17,57,26,34,26,14,27,42,46,33,14,33,19,36,27,29,42,44,30,44,28,38,42,24,18,39,55,38,34,30,30,39,29,30,45,31,24,9,27,24,16,25,20,48,34
19.48238484,36,32,36,23,43,13,34,32,39,24,25,42,38,45,47,17,15,26,34,54,14,27,12,46,62,44,33,57,36,27,29,26,44,30,44,28,38,42,24,18,39,40,38,33,30,50,39,48,30,45,31,24,31,27,29,16,22,29,40,12
19.48511332,36,32,36,23,43,19,34,32,39,37,2,42,38,45,47,17,6,26,34,26,14,27,31,55,31,14,33,54,36,27,29,42,44,30,44,28,38,42,24,18,39,25,38,34,30,30,16,29,30,45,31,24,9,27,56,16,25,29,50,34
19.48823756,36,32,56,23,43,19,3,32,39,24,38,17,38,45,47,43,15,26,34,26,14,27,31,46,23,38,33,31,36,27,28,26,35,30,44,28,38,42,17,12,32,32,38,33,30,50,39,48,38,45,8,24,31,24,29,16,22,29,8,12
19.48855013,36,32,36,23,46,9,34,32,39,24,38,42,38,45,47,17,15,26,34,51,14,27,21,46,23,38,33,57,36,27,34,26,29,30,51,28,38,42,24,12,32,32,38,33,30,50,39,48,38,45,59,24,31,27,29,16,22,29,48,12
19.48957303,36,32,36,11,43,19,34,32,39,37,63,42,38,45,47,17,29,26,34,26,14,27,42,62,14,14,33,19,36,27,29,42,44,30,44,28,38,42,24,18,39,16,29,34,30,30,39,29,35,11,31,24,9,27,29,16,25,51,40,34
19.49284809,36,32,36,13,43,19,34,32,39,37,2,42,38,45,47,47,57,26,34,26,17,27,36,46,33,14,33,10,36,27,29,42,44,30,44,28,38,2,24,43,39,40,38,34,30,30,39,29,30,45,31,24,9,27,6,16,25,29,40,34
19.49697674,44,32,36,34,43,19,34,32,39,37,30,42,38,45,44,17,46,26,34,6,14,27,42,46,33,14,33,19,36,51,29,42,44,30,44,28,38,42,24,18,39,56,38,34,61,30,39,29,30,45,31,24,9,27,8,16,25,29,40,34
19.5016715,36,32,36,16,43,19,34,32,39,60,46,26,38,45,47,17,57,26,34,26,14,27,42,46,37,14,33,19,36,27,29,35,44,30,44,28,38,42,24,18,39,1,38,34,30,30,34,29,48,45,31,9,9,27,29,16,25,29,40,34
19.502488,36,32,36,23,43,19,34,32,39,9,49,42,38,45,47,17,59,26,34,52,14,27,42,46,23,14,33,47,21,27,29,42,44,30,44,0,38,42,24,18,32,34,38,34,30,30,39,29,30,45,31,24,9,27,24,16,25,29,40,34
19.50779255,60,32,36,23,43,19,34,32,39,37,43,60,38,45,47,17,13,26,34,26,14,27,42,21,64,14,33,19,36,17,29,42,44,30,44,28,38,42,24,18,39,26,38,34,30,30,39,29,43,45,31,24,9,27,29,16,25,37,40,34
19.50870472,36,32,36,13,43,19,34,32,39,37,14,52,38,45,47,17,27,26,34,26,14,27,42,46,33,14,33,19,36,27,29,42,42,30,44,28,64,42,24,18,2,63,38,34,30,30,39,29,30,30,31,24,9,27,29,16,25,29,40,34
19.51059243,36,59,36,23,43,19,34,32,39,37,19,45,38,45,47,17,57,14,34,36,14,0,42,46,33,14,44,19,36,27,29,53,44,35,27,28,38,42,52,18,39,40,38,34,30,30,39,29,30,45,31,24,51,27,29,29,25,29,40,34
19.51134938,58,32,36,23,43,19,34,32,39,37,57,42,38,45,47,17,57,26,34,26,14,27,42,46,51,14,33,19,36,27,29,42,60,30,44,28,38,42,24,18,42,40,38,34,30,30,39,29,45,20,31,24,9,27,29,16,25,29,40,34
19.5165472,36,2,36,23,43,7,34,32,39,37,19,42,38,45,47,17,18,49,34,26,14,27,60,26,33,14,33,19,36,27,24,42,44,30,44,28,38,27,24,18,39,1,38,34,30,30,39,29,30,45,31,24,12,27,41,16,25,29,40,34
19.51777019,36,32,36,23,43,19,34,32,39,37,38,42,38,45,47,17,57,26,34,26,14,27,12,46,62,38,33,19,36,43,29,42,44,30,44,0,38,42,0,18,39,40,38,34,30,13,39,29,30,45,31,24,31,27,29,16,25,29,40,34
19.52276097,36,32,36,30,43,19,34,32,39,37,28,42,38,45,47,17,57,26,34,6,14,27,42,46,33,14,33,54,50,27,29,42,44,30,44,28,38,42,24,18,1,34,38,34,30,2,39,29,34,45,31,24,36,27,39,16,25,48,40,34
19.52316245,36,24,36,16,43,19,34,32,39,37,13,42,38,45,47,17,57,26,18,26,14,27,42,46,33,14,33,19,36,27,29,42,44,30,44,28,13,42,24,18,39,40,38,34,30,30,34,6,30,45,31,24,9,27,29,16,25,29,59,34
19.5252603,36,32,36,2,43,19,34,32,39,37,38,42,38,45,47,17,57,26,34,26,14,27,12,46,62,38,33,19,36,27,57,42,44,30,44,28,38,42,24,18,39,40,38,34,30,18,39,6,30,45,31,24,31,27,29,16,25,37,40,34
19.52854733,36,32,8,23,43,19,34,32,39,37,38,42,38,45,47,17,57,16,34,26,14,9,24,40,33,14,33,19,36,27,29,42,44,30,44,28,38,49,24,18,39,55,38,34,30,30,39,29,30,45,31,24,9,5,29,16,25,29,40,34
19.52914638,36,32,55,30,43,19,34,32,39,37,28,42,38,45,47,17,18,26,34,26,20,27,42,46,62,14,33,19,38,27,29,42,44,30,57,28,33,42,24,18,16,35,38,34,18,30,39,35,30,45,4,24,53,27,29,6,25,29,40,34
19.54225719,36,32,36,23,43,27,34,32,39,24,38,25,38,45,47,17,15,26,34,47,14,27,12,51,23,38,33,57,36,27,17,26,44,30,44,28,38,42,24,12,32,32,38,33,30,50,39,48,38,45,59,24,31,27,29,16,22,29,8,12
19.54613328,36,32,36,23,43,27,34,32,39,24,38,42,38,45,47,17,15,26,34,48,14,27,12,46,23,38,33,57,36,27,33,26,23,30,44,28,38,42,24,43,32,32,38,33,30,50,42,8,38,45,59,24,31,13,29,16,22,29,8,12
19.54716037,36,32,36,5,43,19,34,32,39,37,40,42,38,45,47,17,57,26,34,26,14,5,42,46,23,14,33,19,36,27,10,42,44,30,29,28,30,42,24,18,39,40,38,34,30,30,39,29,30,45,31,24,9,27,29,16,25,19,60,34
19.54751704,36,32,36,23,43,19,34,32,39,8,38,42,38,45,47,17,57,26,34,26,14,27,42,46,33,14,33,19,36,27,29,42,18,30,29,56,6,42,45,18,39,40,38,34,30,30,34,49,30,45,31,24,9,27,29,16,56,29,40,34
19.5491556,36,32,36,23,43,19,34,32,39,37,2,42,38,45,47,17,18,26,34,26,14,27,42,46,33,14,33,19,3,27,29,42,44,30,52,28,26,42,24,18,58,40,38,34,30,30,5,29,30,45,31,24,9,27,29,16,35,32,40,34
19.55303595,36,32,60,37,43,19,17,32,39,31,30,42,38,45,47,17,57,26,34,26,14,12,4,46,33,14,33,39,36,27,29,42,44,30,57,52,38,42,24,18,39,24,38,34,30,30,39,29,30,45,31,24,9,27,29,16,25,29,40,34
19.55418684,36,32,36,12,43,19,34,32,39,37,7,42,38,45,47,47,57,26,38,26,14,27,42,46,33,33,33,19,36,27,29,64,44,30,25,23,38,53,24,18,48,61,38,34,30,30,39,29,30,45,31,24,9,36,29,16,25,29,40,34
19.5547609,36,32,36,23,43,27,34,32,39,24,34,42,38,45,47,17,15,26,34,47,14,27,12,46,23,38,33,57,36,27,33,26,44,30,44,28,38,42,24,12,32,32,23,33,30,50,39,22,38,45,59,24,31,27,56,16,22,29,8,12
19.55478704,36,32,36,17,43,19,34,32,39,37,41,42,38,45,47,17,57,20,34,26,14,27,42,13,33,14,33,19,60,45,29,42,18,30,44,28,38,33,24,18,39,22,38,34,30,30,39,32,30,45,31,6,57,27,29,16,8,29,40,34
19.5562771,36,32,36,30,43,19,34,32,39,37,28,42,38,45,63,17,57,26,34,36,14,27,50,63,33,14,33,19,42,57,29,42,23,30,44,28,38,42,24,18,39,1,38,34,30,30,39,29,30,32,31,9,47,27,29,16,25,29,40,34
19.55849155,36,32,36,17,43,19,34,32,39,37,38,42,38,45,47,17,57,49,34,36,14,27,42,46,33,14,25,19,36,27,29,42,44,30,44,53,38,27,61,18,39,41,38,34,30,30,39,8,30,45,31,24,9,27,29,16,25,29,40,51
19.55921111,36,32,36,34,43,19,34,32,39,37,42,42,38,45,47,17,1,26,34,26,14,27,16,46,33,60,33,19,36,27,29,42,56,30,11,28,38,57,24,18,39,40,38,35,30,30,39,57,30,32,31,24,9,27,29,16,25,47,40,34
19.56055632,36,34,47,23,43,19,3,32,39,24,25,42,38,45,47,43,15,26,34,26,14,27,31,40,23,17,33,31,36,27,28,26,58,30,44,28,38,42,24,12,32,32,38,33,30,50,39,48,38,45,59,24,31,24,29,16,22,29,8,12
19.56323434,24,32,36,23,43,19,34,32,39,37,38,42,38,45,47,17,6,26,7,6,14,27,42,46,33,14,33,19,36,4,29,42,60,30,44,28,30,42,24,18,39,35,38,34,30,30,39,29,30,45,31,24,59,27,29,16,25,29,40,34
19.56340722,36,32,36,20,43,19,34,32,39,37,14,9,38,45,47,17,49,9,34,4,14,27,42,46,33,14,33,19,15,27,29,42,44,30,44,28,38,42,24,18,44,53,38,34,30,30,39,29,30,45,31,24,9,27,29,16,25,29,40,34
19.56381491,36,32,36,23,43,7,34,32,39,5,18,42,38,45,47,17,57,26,34,26,14,27,42,46,33,57,33,19,38,27,29,42,44,8,44,28,38,42,24,18,37,40,13,34,30,30,34,29,30,13,31,24,9,27,29,16,25,29,40,34
19.56505673,36,32,36,23,43,13,36,32,39,24,34,42,38,45,47,17,54,26,34,54,14,27,12,46,62,38,33,57,36,27,29,26,44,30,44,28,38,42,24,18,39,40,38,33,30,50,39,48,30,45,31,24,46,27,29,16,22,29,40,12
19.56824579,36,29,36,19,43,19,34,32,39,37,0,3,38,45,47,17,57,26,34,26,14,27,42,46,33,14,33,19,36,27,29,42,44,20,44,28,38,42,24,18,39,40,57,34,30,30,24,29,30,45,31,24,9,27,29,16,25,19,40,34
19.5716484,36,32,36,23,43,19,34,32,39,37,38,42,38,45,47,17,57,26,34,26,14,27,12,46,6,38,33,19,36,27,29,42,44,30,44,28,38,42,24,18,39,40,38,61,48,20,39,29,7,45,31,24,57,27,29,16,25,29,40,34
19.57203629,36,32,36,39,43,19,34,32,39,24,38,42,38,45,47,17,15,26,34,46,14,27,12,46,23,38,33,57,36,27,28,26,58,30,33,28,38,42,24,12,32,32,38,33,30,50,39,48,38,45,59,24,31,24,29,16,22,29,8,12
19.573346,36,32,36,23,43,27,34,32,39,24,38,42,38,45,47,17,15,26,34,47,14,27,12,46,23,38,33,57,36,27,33,26,58,30,44,28,38,42,24,12,32,32,38,33,30,50,39,48,38,45,59,24,31,27,29,16,22,29,8,12
19.57414449,36,32,36,17,43,19,34,32,39,15,19,42,38,58,12,17,57,26,34,26,14,27,42,46,33,52,33,19,3,39,29,42,44,30,44,28,38,42,24,18,54,40,38,34,30,30,39,29,30,45,31,24,9,27,29,16,25,29,40,26
19.57445893,36,32,36,23,43,19,34,32,39,37,30,42,38,10,47,17,57,26,36,26,14,27,42,46,33,14,33,19,36,27,29,42,44,30,9,28,58,42,24,46,2,4,38,34,30,30,39,29,30,45,31,24,9,27,29,16,25,29,40,34
19.57666215,36,32,56,23,43,19,3,32,39,24,38,42,38,45,47,43,15,26,34,26,14,27,31,46,23,22,33,39,36,27,28,26,58,30,44,28,38,42,24,14,32,32,38,33,30,50,39,48,38,45,38,11,31,24,29,16,22,29,8,12
19.57948202,36,32,36,23,43,19,34,32,39,37,21,61,38,45,47,17,57,26,23,26,14,27,42,46,43,14,33,19,36,27,5,42,44,30,57,28,44,42,24,18,11,31,38,34,30,30,40,29,30,45,31,24,9,27,29,16,25,29,40,34
19.58248698,36,32,36,23,43,19,34,32,39,37,2,42,38,45,47,17,57,26,24,26,14,62,53,11,33,14,33,19,38,27,29,42,58,30,44,28,31,42,24,18,39,40,38,34,30,30,39,29,30,45,31,24,9,27,29,16,25,29,40,34
19.58403008,36,32,36,23,43,19,34,32,39,24,38,42,38,45,47,17,15,26,34,26,14,27,12,46,23,38,33,57,36,27,28,26,58,30,44,28,38,42,24,12,32,32,38,33,30,50,39,48,38,45,59,24,31,24,29,16,22,29,8,12
19.58737529,36,32,36,30,43,19,34,32,39,24,38,9,38,45,47,17,15,26,34,26,14,27,12,46,23,38,33,57,36,27,21,26,58,30,44,28,38,42,24,35,32,32,38,33,30,50,39,48,38,45,59,24,31,24,29,16,22,29,8,12
19.58780299,36,32,36,37,43,19,34,32,39,37,38,42,38,39,3,17,57,26,34,26,20,27,42,46,33,14,33,19,36,27,29,42,44,59,44,28,53,42,24,18,39,35,38,34,30,30,1,29,30,45,31,24,62,27,29,64,25,29,40,34
19.59101258,36,32,56,23,5,19,22,32,39,24,38,42,38,45,47,34,15,26,34,45,34,27,31,46,23,38,33,46,36,27,28,26,58,30,44,28,38,42,24,12,32,32,38,33,30,50,39,51,38,45,59,24,31,24,29,16,22,29,8,12
19.5930229,36,32,36,23,43,19,34,32,39,37,38,42,38,45,47,17,57,26,34,26,14,27,12,46,62,38,33,19,36,27,51,42,44,30,44,28,38,42,54,18,39,40,38,34,30,52,39,29,30,45,31,62,31,24,50,16,25,29,40,34
19.59462936,36,32,56,44,43,19,3,32,39,24,38,31,38,45,47,43,15,26,34,26,14,27,31,46,23,38,33,31,36,27,28,26,58,30,44,28,38,42,23,12,32,32,38,33,30,50,39,48,38,45,59,24,31,24,29,16,22,29,10,12
19.60004197,36,32,36,23,43,13,43,32,39,24,38,42,38,45,47,17,15,26,34,54,14,27,12,46,62,38,33,57,36,27,29,26,44,30,44,28,38,42,24,18,39,40,38,33,44,9,39,48,30,45,31,24,31,29,29,16,22,29,40,12
19.60186315,49,32,36,13,32,19,34,32,39,37,63,42,38,45,47,17,57,26,34,26,14,27,42,9,22,14,36,19,48,27,29,42,44,30,44,28,38,42,24,18,39,40,21,34,30,30,5,29,30,45,31,24,3,27,29,27,25,29,40,34
19.60475809,24,32,36,17,43,19,34,32,39,37,42,42,38,45,3,19,57,26,34,26,14,27,42,46,33,14,33,19,36,27,29,42,44,30,64,28,8,42,24,18,58,45,38,34,30,30,39,29,30,45,31,24,55,27,29,16,25,29,40,34
19.60563173,36,32,36,23,43,19,34,32,8,37,38,42,38,45,47,17,57,26,34,26,14,27,12,15,62,60,33,19,36,27,29,42,44,30,44,28,38,42,24,18,39,40,38,34,30,8,39,29,30,45,8,24,31,27,29,16,25,29,40,34
19.60604853,36,32,36,23,43,19,34,32,39,24,38,42,38,45,47,17,15,26,34,26,14,27,12,2,23,32,33,57,36,27,28,26,58,30,44,28,38,42,24,13,32,32,38,33,30,50,39,48,38,45,59,24,31,24,29,16,22,29,8,26
19.61267651,36,32,36,50,43,19,34,8,39,37,11,42,38,45,23,17,57,26,34,26,14,53,42,46,33,14,33,28,36,27,29,42,44,30,44,28,38,42,24,18,39,2,38,34,30,30,39,29,30,45,31,24,9,27,29,16,57,24,40,34
19.61459719,36,32,56,23,43,19,3,32,39,24,38,42,27,45,47,23,15,26,34,26,14,27,31,46,23,38,33,31,36,27,28,26,58,30,44,28,38,42,23,12,32,32,38,33,30,50,39,48,38,45,59,24,31,24,29,16,22,29,8,12
19.61557414,59,32,15,30,43,19,34,32,39,46,63,42,18,45,47,17,57,26,34,26,14,27,42,46,33,14,33,1,36,27,29,42,44,30,44,28,38,42,24,18,39,40,38,34,30,30,39,29,30,45,31,24,9,27,29,16,25,29,40,34
19.6175525,36,32,36,23,43,19,34,32,39,37,43,42,38,45,47,17,57,26,34,64,14,27,42,46,33,51,15,19,36,27,29,42,18,30,44,28,38,60,24,18,48,40,38,34,30,8,39,29,30,45,31,34,9,27,29,16,25,29,40,34
19.61874016,36,32,36,34,43,19,34,32,39,4,10,42,38,45,47,34,57,41,34,26,14,27,42,62,33,48,33,19,57,27,29,42,44,30,44,28,38,42,24,18,39,40,38,34,30,30,39,29,30,45,31,55,9,27,29,16,25,29,12,34
19.62201677,36,32,47,23,43,13,34,32,39,24,38,42,38,45,47,17,15,26,34,54,14,27,12,46,62,17,33,57,36,27,29,26,44,30,44,28,38,42,24,18,39,40,38,33,30,50,42,48,30,45,31,24,31,27,29,16,22,29,40,12
19.62595177,36,32,56,23,43,19,52,32,14,24,43,45,42,34,47,43,52,26,34,31,14,27,31,46,23,38,33,31,36,27,28,26,58,30,22,28,32,50,24,12,32,32,38,33,30,50,39,48,38,45,59,24,31,24,29,30,22,31,8,10
19.62912781,36,32,36,30,43,19,34,32,39,37,2,42,38,45,47,17,27,26,34,26,20,27,42,46,22,14,33,19,38,27,29,42,44,30,48,28,33,42,24,18,12,35,38,34,18,60,39,35,53,45,31,24,53,27,29,16,60,48,40,34
19.62923438,36,32,36,23,43,26,34,32,39,24,38,45,38,45,9,17,15,26,34,47,14,27,36,46,23,38,33,57,36,27,35,26,58,30,15,28,38,42,24,12,39,32,38,33,30,50,39,48,38,45,59,24,31,27,32,16,22,29,8,12
19.62928124,36,32,56,23,43,19,3,32,39,24,38,42,38,45,47,43,15,26,34,26,14,27,31,46,23,38,33,31,36,27,28,26,58,30,44,28,38,42,24,12,32,32,38,33,30,50,39,48,38,45,59,24,31,24,29,16,22,29,8,12
19.632985,36,32,36,52,43,19,34,32,39,52,38,42,38,45,47,17,57,31,34,26,14,27,17,26,33,14,55,19,36,27,59,42,44,30,44,38,38,42,24,18,39,41,38,34,30,30,39,29,30,45,31,24,9,27,56,8,25,29,40,34
19.63530582,36,32,36,23,43,19,1,41,39,37,38,42,63,45,47,17,57,26,34,26,14,27,12,46,62,38,33,19,36,27,29,42,44,30,44,28,38,42,24,18,39,16,38,34,30,8,39,29,30,45,31,24,31,27,29,16,25,29,40,34
19.63536089,36,32,60,23,43,19,34,32,62,37,38,42,38,45,47,17,57,26,34,26,14,27,12,46,62,38,33,19,36,27,29,42,44,30,44,28,38,42,13,18,39,40,38,34,30,2,39,29,30,45,31,24,31,27,29,16,25,29,40,34
19.63601585,36,32,36,23,46,36,34,32,39,24,38,42,38,45,3,17,15,26,34,7,14,27,12,46,23,38,33,28,36,27,28,26,58,30,44,28,38,42,24,12,32,24,38,33,30,50,39,48,38,45,45,24,31,27,29,16,0,29,40,12
19.64070508,36,32,36,23,43,19,57,32,39,37,11,42,38,45,47,17,32,26,34,22,14,27,42,7,33,14,33,19,36,27,46,42,18,30,44,19,38,42,24,18,39,63,38,34,30,30,39,57,30,45,31,24,9,27,29,16,25,29,40,26
19.64192891,36,47,36,23,43,19,34,32,39,37,52,42,38,45,47,17,57,26,34,26,14,27,35,46,33,14,51,19,36,27,29,62,44,30,44,28,38,39,24,18,39,15,38,11,30,30,39,29,30,45,31,24,3,27,29,16,25,47,40,34
19.64900208,36,32,36,23,43,19,34,32,39,24,38,42,38,33,48,17,15,26,34,31,14,27,12,46,23,2,33,57,36,27,33,26,31,30,44,28,38,42,24,12,32,46,38,33,30,50,39,48,30,45,59,24,31,32,29,16,22,29,1,12
19.65013352,36,32,36,23,43,19,34,32,39,37,38,45,38,45,47,17,57,26,34,26,14,58,24,46,33,14,33,19,45,27,5,42,44,30,44,28,38,42,24,18,20,11,38,34,30,30,60,29,16,45,31,24,9,27,29,23,25,29,40,34
19.65102513,36,32,36,23,43,27,34,32,39,24,38,42,38,45,47,17,15,26,56,37,41,27,12,46,23,38,33,47,36,27,32,26,58,30,44,28,38,42,24,49,32,32,38,33,30,50,39,48,38,45,59,24,44,12,29,16,22,29,8,12
19.65588543,36,32,36,12,43,13,46,32,39,24,38,42,38,45,47,17,15,26,34,54,14,27,12,46,62,38,33,57,36,27,29,26,44,30,44,28,38,42,24,18,39,40,38,33,30,50,39,48,30,45,31,24,31,27,24,16,22,29,40,12
19.65615636,36,32,36,23,43,19,34,32,39,37,49,42,38,45,24,17,57,26,34,26,14,27,42,46,2,14,33,19,36,27,29,42,51,30,44,28,30,42,24,18,27,40,38,34,30,30,39,29,30,58,31,6,9,27,29,16,0,29,40,34
19.65987309,36,32,36,23,43,13,34,53,39,24,38,42,38,45,47,17,25,26,34,54,14,27,12,46,62,38,33,50,36,27,24,26,44,30,44,28,38,42,24,18,23,40,38,56,30,50,39,48,30,45,31,24,31,27,29,16,22,29,40,12
19.6643928,36,59,36,23,43,19,34,32,39,37,25,42,7,45,47,17,57,26,34,26,14,27,46,46,33,14,39,19,36,27,29,31,44,30,27,28,38,0,24,18,48,52,38,34,30,30,15,29,30,45,31,24,7,27,29,16,25,29,40,34
19.66628536,36,32,36,23,43,2,34,32,39,24,38,42,38,45,22,17,31,26,34,23,14,27,12,46,23,27,33,47,36,27,14,26,58,30,44,28,38,42,24,12,32,32,38,33,30,50,39,48,62,45,59,24,31,29,29,16,22,29,29,12
19.66628916,36,32,36,5,43,19,34,32,39,37,6,42,38,45,47,17,59,26,34,26,14,27,50,46,33,14,33,19,36,27,29,42,44,30,25,28,38,42,7,18,39,52,38,34,30,30,39,9,30,45,31,24,9,27,29,16,25,37,40,26
19.671798,36,32,36,9,43,13,34,32,39,24,37,42,38,45,13,17,15,26,34,54,14,27,12,46,62,38,55,57,36,27,29,26,44,30,44,28,38,42,24,27,39,40,38,33,30,50,39,22,30,45,31,24,31,27,29,16,42,29,40,12
19.68059288,36,32,58,23,43,19,34,32,39,37,30,42,38,45,47,17,57,26,34,28,30,27,42,5,33,14,33,19,22,59,29,42,44,30,44,28,38,42,24,18,39,0,38,34,30,30,39,40,30,45,31,24,10,27,29,16,25,60,40,34
19.68259299,36,32,56,23,35,19,37,32,39,24,38,42,38,45,47,62,15,26,34,26,14,27,31,46,23,38,33,31,36,27,28,26,58,30,29,28,38,42,24,12,54,42,38,33,30,50,39,18,38,45,59,24,31,24,29,16,22,29,8,12
19.68465304,36,32,36,23,43,13,43,32,39,24,38,42,38,45,16,17,15,26,34,54,14,27,12,46,62,38,33,57,36,27,29,26,44,30,44,28,38,42,24,18,15,40,38,33,47,50,39,48,30,45,31,24,31,27,29,16,22,29,40,12
19.68532239,36,32,36,23,43,13,34,32,39,24,38,42,38,45,47,17,15,26,34,54,14,27,12,46,62,58,33,57,36,27,29,26,44,30,44,28,38,42,24,18,39,40,38,33,30,50,39,48,30,45,31,24,31,27,29,16,17,29,40,12
19.68797511,36,32,36,23,43,19,34,32,39,54,38,45,38,45,47,17,57,26,34,26,14,27,42,46,22,14,33,59,36,27,29,42,44,30,44,28,38,42,24,18,39,56,38,34,30,30,39,32,30,45,31,9,9,12,29,60,25,29,40,34
19.68857425,36,32,36,16,43,26,34,53,39,37,54,42,38,45,47,17,57,26,34,26,14,27,15,46,33,14,33,19,36,27,29,10,44,30,44,28,38,42,24,18,62,40,38,34,30,30,39,29,30,45,31,24,9,27,29,16,25,29,4,34
19.69017957,36,32,36,16,43,19,34,32,39,24,38,33,38,45,47,17,15,26,34,26,14,27,12,46,23,38,33,57,36,3,28,26,58,30,44,28,38,42,24,12,32,32,38,33,30,50,39,48,38,45,59,24,31,24,29,16,22,29,23,12
19.69535284,36,32,38,23,43,19,34,32,39,37,47,57,38,45,47,17,57,26,34,37,49,27,42,37,55,14,33,19,36,27,29,42,44,30,25,28,38,42,24,18,39,36,38,53,30,30,39,63,30,45,31,2,9,27,29,16,25,29,40,23
19.69710073,36,32,56,53,43,19,3,32,39,24,38,42,38,45,49,43,15,26,34,26,14,27,31,46,23,38,33,31,36,27,48,26,48,30,29,28,38,42,24,12,32,32,38,33,30,50,39,48,38,45,59,24,31,24,29,16,22,29,8,12
19.70070729,36,32,36,23,43,19,34,32,39,24,38,42,38,45,47,17,11,26,34,48,14,27,12,46,23,38,33,57,36,27,29,26,31,30,44,28,38,42,24,12,32,35,38,33,30,50,39,48,51,45,59,24,31,27,29,16,22,29,64,12
19.70098037,60,32,36,37,43,19,34,55,39,37,38,42,38,45,47,17,57,9,34,26,14,27,21,46,33,14,33,19,36,27,29,42,51,64,44,28,38,42,24,18,15,40,38,34,30,30,41,29,30,45,31,24,9,27,29,43,25,29,40,34
19.72630666,36,32,36,37,43,15,34,32,39,37,62,42,38,45,5,17,57,26,34,26,14,27,42,46,33,14,33,19,36,27,29,42,44,30,32,28,44,42,24,49,5,56,38,34,30,30,39,29,30,45,31,24,9,27,29,16,62,29,40,34
19.72899995,36,32,36,23,43,19,34,32,39,37,38,42,7,45,47,17,57,26,34,26,14,59,57,21,33,14,33,19,62,35,29,42,50,30,44,28,38,42,24,18,8,40,38,34,30,30,39,29,30,45,31,24,9,27,29,16,25,29,40,34
19.73594935,36,32,0,46,43,19,34,32,39,37,43,42,38,45,47,17,57,26,34,26,14,27,42,30,33,14,33,19,32,49,29,42,63,30,44,28,38,42,24,18,39,50,38,6,30,30,39,63,30,45,31,24,24,27,29,16,25,29,40,34
19.7377772,36,32,56,23,43,19,17,32,39,24,38,42,38,45,23,51,15,26,44,26,14,27,31,46,23,38,33,31,36,27,28,26,58,55,44,28,38,42,24,12,32,32,38,33,30,50,39,48,38,45,59,24,31,24,29,16,22,29,8,12
19.73845512,60,32,36,5,43,19,34,32,39,37,63,42,38,45,47,17,57,26,34,26,14,27,31,46,33,14,33,19,36,27,29,42,44,30,44,28,38,51,24,18,39,40,38,34,30,30,39,29,30,18,31,45,9,27,29,16,25,31,40,3
19.74646762,36,32,36,24,43,19,34,51,39,24,38,42,38,45,47,17,15,26,34,48,14,27,12,40,23,38,33,57,36,27,28,26,58,30,44,28,38,42,24,12,32,32,38,33,30,50,39,48,38,45,59,24,31,24,29,16,22,29,8,12
19.74719027,36,32,36,23,43,56,34,32,39,37,28,42,38,45,47,17,57,61,34,26,14,27,31,46,54,14,33,19,36,27,29,42,44,46,25,28,38,42,24,18,39,40,38,34,30,30,39,29,30,14,31,24,9,27,6,16,25,29,64,34
19.74796846,59,32,36,23,43,19,34,32,39,37,0,4,38,45,47,17,57,26,34,26,14,27,42,46,37,14,33,19,36,27,29,42,44,30,57,28,47,42,24,18,39,16,38,34,30,30,39,29,30,45,31,24,9,27,29,16,25,22,40,34
19.7533326,36,32,36,23,43,31,34,32,39,24,38,42,38,45,47,17,15,26,34,47,14,27,12,46,23,21,33,53,36,27,33,26,58,30,30,28,38,42,24,12,16,32,38,33,30,50,39,48,38,45,59,24,31,10,29,16,22,29,8,12
19.75387748,36,32,36,23,43,23,34,54,39,37,2,42,38,14,47,17,57,26,34,26,14,27,42,46,51,14,33,19,36,27,29,42,44,46,44,28,38,42,24,18,48,40,38,34,30,30,39,5,30,37,31,24,9,27,14,16,25,37,23,34
19.75735935,36,32,56,23,43,19,52,32,14,24,43,42,38,34,47,43,29,26,34,6,14,27,31,46,23,38,33,31,36,27,28,26,58,28,44,28,32,42,24,12,32,32,55,33,30,50,39,48,38,45,15,41,31,24,29,64,22,31,25,10
19.75800412,36,32,36,22,43,13,34,32,39,24,46,42,38,45,7,17,15,26,34,54,14,27,12,46,62,38,13,57,36,27,29,26,44,30,44,28,38,42,24,18,39,40,38,33,30,50,39,48,30,45,31,24,31,27,35,16,22,29,40,12
19.76024491,36,32,36,23,43,27,34,32,39,24,38,42,48,45,47,17,15,26,34,47,14,27,12,24,23,38,33,57,36,27,33,26,58,30,44,28,38,42,24,12,32,32,38,33,30,50,39,48,38,45,59,55,35,27,29,16,22,29,8,12
19.7629589,36,32,36,23,43,38,43,32,39,24,38,42,38,45,51,17,15,26,34,32,14,27,12,46,23,44,33,57,36,27,61,26,46,30,44,28,38,42,51,12,32,45,38,33,30,50,39,48,38,45,59,24,31,27,29,16,22,29,40,12
19.76381108,36,32,36,23,43,15,34,32,39,24,38,42,38,45,47,41,15,26,34,48,14,27,12,46,23,24,33,57,36,27,33,26,58,30,20,28,38,42,24,12,32,32,26,33,30,50,39,48,38,45,59,24,31,27,12,16,22,29,8,50
19.76546992,36,32,36,23,43,27,34,32,39,24,38,42,38,45,47,17,15,26,34,62,14,27,12,46,23,38,33,57,36,27,24,26,58,30,15,28,38,42,24,12,32,32,38,33,30,50,39,48,38,45,21,24,31,3,29,16,22,29,23,55
19.77075505,36,32,36,59,43,13,34,32,39,24,38,42,38,45,22,17,15,26,34,54,14,27,12,46,62,58,33,35,36,27,29,26,44,30,44,28,38,42,24,15,39,40,38,62,30,24,39,48,30,45,31,24,31,27,29,16,22,29,40,12
19.77422414,36,32,36,23,43,8,34,32,39,24,43,52,9,45,47,62,57,26,34,26,14,27,42,46,33,14,33,19,36,63,24,42,44,30,44,28,38,42,24,18,39,40,13,34,23,30,39,29,30,45,31,24,9,27,29,16,25,29,40,34
19.78106804,36,32,36,37,43,19,34,32,39,37,30,59,38,45,3,52,57,26,34,26,14,17,42,28,33,14,33,19,36,61,29,42,44,30,44,28,38,42,24,18,15,52,38,34,30,30,17,29,8,45,31,24,9,27,29,16,25,29,40,34
19.78627607,36,32,36,23,43,19,34,32,39,37,38,42,38,45,47,17,57,60,34,26,14,27,42,26,33,14,33,13,36,28,29,42,44,30,44,28,30,56,24,18,39,40,38,34,30,15,39,5,30,45,31,24,9,27,6,16,25,37,40,10
19.78656583,36,32,36,23,43,47,34,32,39,24,34,42,38,45,47,17,15,26,34,47,14,27,12,46,23,38,33,57,36,27,51,63,40,30,29,28,38,42,24,12,32,32,38,33,30,50,39,48,38,45,59,24,31,27,29,16,22,29,8,12
19.7867177,36,32,36,23,43,23,34,32,39,24,38,42,38,45,47,17,15,26,34,36,14,27,12,46,23,20,33,57,36,27,33,26,58,30,44,28,38,42,26,12,32,35,38,33,30,20,39,48,38,45,59,24,31,24,8,16,22,29,64,12
19.79239906,36,32,36,25,43,19,34,32,39,37,38,63,38,45,47,17,57,26,34,26,56,27,22,46,33,2,33,19,36,27,29,3,44,30,44,12,32,42,24,18,39,40,38,34,30,30,39,29,2,45,31,24,9,27,29,16,51,29,29,34
19.79251228,36,32,36,37,43,38,34,32,39,37,63,42,38,45,47,62,57,26,34,26,14,27,42,46,33,14,33,19,36,27,29,42,44,30,44,28,5,42,24,18,16,40,38,61,30,30,39,29,30,45,31,24,9,27,29,16,25,29,4,34
19.79545389,36,32,36,6,43,19,34,32,39,37,38,42,38,45,47,27,57,26,7,26,14,27,5,46,33,14,33,31,36,27,29,0,44,30,44,52,53,42,24,18,33,40,38,9,30,30,39,29,30,45,31,24,9,27,29,16,25,29,40,34
19.79794071,36,32,56,23,43,19,52,32,14,24,43,42,38,34,47,43,52,26,34,6,14,27,31,46,51,38,33,31,23,27,28,26,58,30,44,28,32,42,24,12,32,32,32,33,30,50,39,48,38,45,59,33,31,24,29,29,22,31,8,10
19.79803318,36,32,36,23,43,27,34,32,39,24,38,42,38,45,47,17,42,26,34,48,14,27,59,46,23,38,33,57,36,27,56,26,58,30,29,28,38,42,24,29,32,32,55,33,30,50,39,48,38,45,59,24,20,36,29,16,22,29,8,12
19.79905148,36,13,36,23,43,19,34,32,39,2,38,45,38,45,47,17,59,26,34,26,14,57,45,46,33,14,33,13,36,35,29,42,44,30,44,28,38,1,24,18,39,31,38,34,30,30,39,29,30,45,31,57,9,27,29,16,25,29,40,34
19.80225275,36,32,56,23,43,19,52,32,14,24,38,42,38,45,47,43,15,26,34,6,14,27,31,46,23,38,33,31,36,27,28,26,58,30,44,28,32,42,24,12,32,32,38,33,30,50,39,48,38,45,59,24,31,24,29,16,22,29,8,12
19.80357285,36,32,36,46,43,13,34,32,39,24,38,42,38,10,6,17,15,26,34,54,14,27,12,46,62,38,33,57,36,27,29,26,44,30,44,28,38,42,51,18,39,40,38,33,30,50,39,48,30,45,31,24,31,27,29,16,22,29,40,12
19.81588352,36,32,36,10,43,19,34,32,39,37,57,42,38,45,47,17,57,26,36,26,14,27,42,46,23,14,33,19,62,27,29,42,44,30,15,28,38,42,24,18,33,4,38,34,30,44,39,29,30,45,31,24,9,36,29,16,25,56,40,34
19.81680434,36,32,36,23,43,50,34,32,39,28,38,42,38,45,47,17,15,26,34,4,14,27,46,46,23,38,33,57,36,27,33,26,58,30,50,28,38,42,39,12,32,32,38,33,30,46,39,48,38,45,21,24,31,3,29,16,22,29,8,12
19.81874606,36,32,36,23,43,0,34,32,39,43,38,42,38,45,47,17,15,26,34,47,14,27,12,46,23,38,33,57,36,27,33,26,58,30,44,28,19,42,24,14,32,32,38,33,30,50,39,24,38,45,59,24,31,29,29,16,22,29,8,12
19.82058071,36,32,51,16,43,19,34,32,39,37,46,42,38,45,47,17,57,26,34,26,14,27,42,46,33,46,33,28,39,27,29,42,44,30,44,0,38,42,24,18,5,40,38,34,30,30,54,29,17,57,31,24,9,27,18,16,25,29,40,34
19.82253141,36,32,36,52,43,13,34,32,39,24,50,42,38,45,23,17,56,26,34,54,14,27,12,46,62,38,33,57,36,27,29,26,44,30,44,28,38,42,24,18,39,40,38,33,30,50,39,48,30,45,31,24,31,27,53,16,22,32,40,12
19.82395098,36,32,36,23,43,19,34,32,39,2,38,42,38,45,47,17,57,26,34,26,14,27,12,46,62,38,33,19,36,27,29,42,44,30,44,28,38,42,52,18,39,61,38,34,30,60,39,29,30,45,31,24,31,27,59,16,25,29,40,34
19.82450318,36,32,36,23,43,19,34,32,39,24,38,42,46,45,47,17,15,26,34,26,14,27,12,42,23,17,33,57,36,27,28,26,56,30,44,28,55,42,24,12,32,32,38,33,30,50,39,48,38,45,59,24,31,24,29,16,22,29,8,12
19.82553799,36,32,36,2,43,19,34,32,39,37,50,42,38,45,47,38,57,26,34,26,14,27,46,46,33,14,33,19,36,27,29,42,44,30,44,32,38,1,24,18,39,2,38,49,30,30,1,29,30,45,31,24,9,25,29,16,25,29,40,34
19.83167961,36,32,36,46,43,38,34,32,39,24,38,42,38,45,18,17,15,26,34,54,14,27,12,46,62,38,33,57,36,27,29,26,44,30,44,28,38,42,24,18,39,40,38,33,30,50,39,48,30,45,58,24,31,27,29,16,22,1,40,12
19.83435791,36,32,56,23,43,26,3,10,39,24,38,42,38,45,47,43,15,26,34,26,14,27,31,46,23,38,33,31,36,27,28,26,58,30,44,28,19,42,43,12,32,32,38,33,30,50,39,14,38,45,59,24,31,24,29,16,22,29,8,12
19.83927636,36,32,36,23,43,19,34,30,39,24,38,42,38,23,47,17,15,26,34,26,14,27,12,46,23,62,33,57,36,27,28,26,58,30,44,28,38,42,24,12,32,32,38,33,30,50,39,48,38,45,59,24,31,46,29,16,22,29,8,12
19.84294286,36,32,36,23,43,19,34,32,39,21,63,42,38,60,47,17,57,26,5,26,14,27,42,46,33,14,33,19,36,27,29,42,44,30,44,28,1,42,24,18,39,59,38,34,30,30,39,29,30,45,31,24,9,27,29,16,25,29,40,34
19.85151644,36,32,36,30,43,12,34,32,39,24,38,42,38,45,47,17,15,26,20,23,14,27,12,46,23,38,33,22,36,21,10,26,58,30,44,28,38,42,24,7,32,32,38,33,30,50,0,48,38,45,31,24,31,27,29,16,22,29,8,55
19.85648537,36,32,17,23,43,19,34,32,39,37,63,42,38,45,47,17,57,26,34,26,14,27,42,46,33,14,33,19,36,27,29,42,44,52,15,28,38,42,24,18,42,3,16,63,30,30,39,29,30,45,31,24,9,27,29,16,25,29,40,34
19.86526081,61,32,36,23,43,13,34,32,39,49,38,42,38,45,47,17,15,26,34,48,14,27,12,46,62,38,33,57,36,27,29,26,44,30,44,28,38,42,24,18,39,40,38,45,30,50,39,48,30,45,31,24,31,27,29,16,22,16,40,12
19.86531834,36,32,36,30,43,0,34,32,43,24,38,42,38,45,47,17,26,26,34,40,14,27,12,46,23,38,33,57,36,27,33,26,58,30,62,28,38,42,24,12,32,32,38,33,30,50,39,48,38,45,59,24,31,27,29,16,22,29,7,12
19.87328043,36,32,36,23,43,27,34,32,39,24,38,42,38,49,47,4,15,26,34,47,14,27,12,19,23,38,33,57,36,27,33,26,58,30,44,28,38,42,10,12,32,32,38,33,30,50,39,48,38,45,59,24,31,27,29,16,22,29,8,12
19.87684332,36,32,36,23,43,19,34,32,39,63,63,42,38,45,47,17,32,26,34,51,14,27,42,46,33,46,33,19,36,27,54,42,44,30,44,28,38,42,24,18,39,55,38,34,30,30,39,29,30,1,31,24,9,27,29,16,25,29,1,40
19.8808964,36,32,36,23,43,31,34,32,39,24,38,42,38,45,47,17,15,26,59,26,14,27,12,46,23,9,33,51,36,27,7,26,18,30,44,28,38,42,24,12,32,32,38,33,30,50,39,48,38,45,59,24,31,40,43,16,22,29,13,12
19.89255628,52,32,56,23,43,19,3,32,39,24,38,42,38,45,47,43,15,26,34,26,14,27,31,17,23,38,33,31,36,27,28,26,48,23,44,28,38,42,24,12,32,32,38,57,30,50,39,48,38,45,59,24,31,24,29,16,22,29,8,12
19.89518436,36,32,36,23,43,27,34,19,39,24,38,42,38,45,47,17,15,26,34,19,37,27,12,46,23,38,33,57,58,27,33,26,58,30,44,28,38,42,24,12,32,32,38,33,30,50,39,48,38,45,59,24,31,7,29,16,22,29,8,12
19.89573877,50,32,36,4,43,19,34,32,39,37,15,14,38,45,22,17,57,26,34,17,14,27,42,46,33,14,33,19,36,27,29,42,58,30,44,28,57,42,24,18,39,40,38,34,30,8,39,29,30,45,31,24,9,27,29,16,25,13,40,34
19.89752643,36,32,36,23,43,45,34,32,39,24,50,42,38,45,20,17,15,26,34,59,14,27,12,9,37,38,33,57,36,27,1,26,33,30,44,28,38,42,24,12,32,16,38,33,30,50,39,48,14,45,21,24,31,27,29,16,22,29,18,12
19.9085142,36,32,56,23,43,19,52,32,14,24,43,42,38,34,47,43,52,26,34,6,14,27,31,46,23,38,33,19,36,27,28,52,48,30,44,28,32,42,24,12,32,32,38,33,30,50,40,48,38,45,59,24,31,24,29,16,22,31,8,10
19.91214909,36,32,56,23,43,19,3,32,39,24,38,42,38,45,47,27,15,26,34,26,14,27,31,46,23,38,33,31,63,27,28,26,58,30,22,28,38,42,24,12,32,32,38,33,30,50,39,48,38,45,59,24,16,24,29,16,22,29,8,12
19.91477862,36,32,56,23,43,19,3,32,39,24,38,42,38,45,47,43,15,48,34,26,14,27,31,46,23,38,33,31,51,27,28,26,58,30,33,28,38,57,24,12,32,32,38,33,30,50,39,48,38,45,59,24,31,24,29,16,22,29,8,12
19.91867904,36,32,36,23,43,7,34,32,39,24,38,42,38,46,47,17,15,26,34,47,14,27,12,46,23,38,33,57,36,27,39,26,58,30,58,28,38,42,24,12,52,32,38,33,30,33,39,48,38,45,59,31,31,27,29,16,22,29,8,12
19.91917312,36,32,36,23,43,19,34,32,39,37,43,42,38,45,47,61,57,26,34,26,14,27,42,46,33,14,33,19,36,47,29,42,44,30,13,28,38,42,24,18,0,63,38,34,30,30,39,29,30,45,31,24,9,27,29,16,51,29,40,62
19.92652119,36,32,56,23,43,19,3,32,39,24,38,45,5,45,47,43,15,26,34,26,14,27,31,46,23,38,33,31,36,27,28,26,58,30,44,28,38,42,19,12,32,32,38,33,30,15,39,48,38,45,59,24,31,46,29,16,22,29,8,12
19.92902288,36,32,36,23,25,27,34,32,39,24,38,42,38,45,47,17,15,26,34,18,14,27,12,46,23,25,33,57,36,27,21,26,58,30,44,24,38,42,24,2,32,32,38,33,30,50,39,48,38,45,59,24,31,60,29,16,22,29,8,12
19.93542172,36,32,56,23,43,19,3,32,39,24,38,42,38,45,47,62,15,26,34,26,14,27,31,46,23,38,33,31,36,27,28,26,58,56,44,28,38,42,24,12,32,32,38,33,26,50,39,48,38,45,52,24,31,24,29,16,22,29,8,12
19.93580366,36,32,36,12,43,19,34,32,39,37,13,42,38,45,47,17,57,26,34,26,14,27,42,46,33,14,33,19,36,27,29,42,24,30,0,28,38,42,24,18,39,0,5,34,61,30,13,29,30,45,31,24,9,27,29,16,25,28,40,34
19.93618721,36,32,36,44,43,13,34,32,39,24,32,42,38,45,37,17,15,26,34,54,14,27,12,46,62,38,33,57,36,27,29,26,44,30,44,28,38,42,24,18,39,40,38,9,30,50,39,48,30,45,31,24,39,27,7,16,56,22,40,12
19.93663188,36,32,36,23,43,6,34,32,39,24,38,42,38,45,47,17,15,26,34,22,14,27,12,46,23,38,33,57,36,27,33,26,58,30,33,28,61,42,24,12,32,13,38,33,30,50,39,48,38,45,52,24,31,21,29,16,28,29,8,12
19.9384878,36,32,56,23,43,19,3,32,39,24,38,58,38,45,47,43,15,26,34,26,14,27,31,46,23,38,33,31,36,27,28,26,58,46,44,28,38,42,50,12,32,32,38,33,30,50,39,48,38,20,59,24,31,24,29,16,22,29,8,12
19.94227848,36,32,41,12,43,19,34,32,39,37,34,52,38,45,47,17,57,26,34,26,14,27,42,46,40,14,33,19,36,27,29,42,44,30,44,12,38,42,24,18,39,61,38,34,55,30,39,14,30,45,31,6,9,27,29,16,25,29,40,51
19.94276415,36,32,36,23,43,27,34,32,39,24,38,42,52,45,47,17,15,26,34,17,14,27,12,46,23,38,33,57,36,27,16,26,58,30,44,28,38,42,24,39,32,32,38,33,30,50,39,48,38,45,59,24,22,7,29,16,22,22,8,12
19.94828289,11,32,36,23,43,19,34,32,39,37,64,42,38,45,47,17,57,26,34,26,14,27,42,59,18,14,33,19,36,27,29,42,50,30,44,28,32,42,0,18,39,16,38,34,30,30,39,29,30,45,31,24,9,27,29,16,25,29,1,34
19.95039535,13,32,36,23,43,19,34,32,39,37,27,42,38,45,21,17,57,26,34,26,14,27,42,46,22,14,33,19,36,27,29,42,44,30,59,28,61,42,24,18,59,62,55,34,30,46,39,29,30,45,31,24,9,27,29,16,45,29,40,34
19.95234647,36,32,56,23,43,19,52,32,14,24,43,24,38,34,47,57,56,26,34,6,14,27,31,46,23,38,33,31,36,27,28,26,58,30,29,28,32,42,24,12,32,32,38,33,30,50,39,48,11,26,59,24,31,29,29,47,22,31,8,10
19.95747755,36,32,36,23,13,26,51,32,39,24,37,42,38,45,47,17,15,26,20,47,14,27,6,46,23,38,33,57,36,27,38,26,60,30,44,28,38,42,24,12,32,32,38,33,30,50,39,48,38,45,59,24,31,27,29,16,22,29,59,51
19.96594795,36,32,36,23,43,27,51,32,39,24,38,42,38,45,47,17,15,26,34,58,14,27,12,46,23,38,33,57,36,27,29,26,58,30,44,28,38,42,24,39,32,9,38,33,30,50,39,48,38,45,59,24,44,42,29,16,22,28,8,12
19.96608356,36,32,36,23,43,13,34,32,39,24,38,42,38,45,47,17,31,26,34,54,14,27,12,46,62,38,33,57,36,27,29,26,44,30,44,28,38,42,24,18,39,62,38,62,30,60,39,48,30,45,31,24,31,27,49,16,22,29,48,41
19.96701374,36,32,56,23,43,19,52,32,14,24,43,42,38,34,47,43,52,26,34,6,14,27,31,46,23,38,33,31,36,27,28,26,58,30,44,28,32,42,24,12,32,32,38,33,30,50,39,48,38,45,59,24,31,24,29,64,22,31,8,10
19.97002816,36,32,36,5,43,19,34,32,39,37,64,52,38,45,47,17,57,5,34,26,14,27,31,46,33,14,4,25,20,27,29,42,44,30,57,28,38,42,24,18,39,40,38,34,30,30,55,29,30,45,31,24,9,27,29,54,25,29,31,34
19.97067518,36,32,56,23,43,41,52,32,14,24,43,42,38,34,47,43,52,26,23,6,14,27,31,46,23,38,33,31,36,27,28,26,50,30,29,28,32,42,24,12,32,32,38,33,30,50,43,48,38,45,59,24,31,24,29,64,11,29,8,10
19.97444504,36,32,56,23,43,20,34,32,14,24,38,42,38,45,47,11,57,26,34,6,14,27,31,46,23,38,33,31,36,27,28,26,58,30,44,28,32,42,24,12,32,32,38,33,30,50,39,48,14,45,59,24,31,46,29,16,22,29,8,12
19.97506027,42,32,56,23,43,19,30,32,14,24,43,62,45,34,29,54,52,26,34,6,14,27,31,20,23,38,33,31,36,27,28,26,51,30,44,28,32,40,24,46,32,32,38,33,30,50,28,48,38,45,59,24,53,46,29,28,22,45,8,10
19.97746244,36,32,36,23,43,40,34,32,39,24,38,42,18,45,47,17,15,26,34,47,14,27,12,46,23,38,33,57,36,27,16,11,58,30,44,28,38,42,24,18,32,32,38,33,38,50,39,48,38,45,59,24,31,14,29,16,22,29,8,9
19.98023642,36,32,11,23,43,27,34,32,39,24,38,42,38,45,47,17,15,26,34,35,14,27,12,46,23,29,33,57,36,27,55,26,58,15,44,28,38,42,24,12,32,32,38,33,30,46,39,48,30,45,59,24,31,53,8,16,24,29,25,12
19.98318871,36,32,36,23,56,22,34,32,17,24,38,42,38,45,47,17,15,26,3,47,14,27,8,46,23,38,33,57,36,27,28,26,58,30,28,28,38,42,24,12,32,32,38,33,30,50,39,48,38,45,59,24,31,27,29,21,22,29,8,11
19.98557295,36,32,36,23,43,27,34,32,39,24,38,42,38,45,47,17,15,26,34,47,14,27,12,46,23,38,33,57,36,27,4,26,34,30,44,28,38,41,24,12,32,32,38,33,30,17,39,48,38,45,59,24,57,8,29,16,22,29,1,12
19.99633811,36,32,36,23,43,49,34,32,39,24,38,42,38,45,48,17,15,19,34,63,14,27,12,46,23,38,33,57,36,27,30,26,58,30,44,28,38,42,24,18,32,52,38,33,30,51,39,48,36,45,59,24,31,27,29,16,7,29,21,12
20.00066283,36,32,36,23,16,19,34,32,39,37,39,42,38,45,47,17,57,26,34,26,14,27,42,4,51,14,33,19,29,14,29,42,44,30,44,28,30,42,24,18,5,40,38,62,30,30,39,29,1,45,31,24,9,27,29,16,25,29,50,42
20.00171091,36,32,36,44,43,13,34,32,39,24,22,42,38,54,62,17,15,26,34,54,14,27,12,46,62,38,0,57,36,27,29,26,44,30,44,28,38,42,24,18,39,40,38,33,30,50,39,48,30,45,31,24,31,27,29,16,22,29,40,12
20.00301832,36,32,36,16,43,19,34,32,64,37,2,28,7,45,47,17,57,26,34,26,14,12,42,46,33,14,33,19,36,27,29,42,56,30,44,28,59,42,24,18,33,56,38,34,30,30,39,29,30,45,31,24,9,27,29,16,25,29,40,34
20.00505466,36,32,36,23,43,19,34,32,39,63,51,42,38,45,47,17,57,26,34,26,14,27,42,64,61,14,33,19,16,27,29,42,44,24,44,63,38,42,24,18,39,40,38,34,30,30,39,29,30,45,29,24,9,27,33,16,25,29,40,48
20.00710981,36,32,36,34,43,19,34,53,39,37,39,42,38,45,47,17,18,26,34,26,46,27,42,46,23,14,33,9,36,0,29,42,44,30,44,28,38,42,24,2,39,61,38,34,64,30,39,8,30,45,31,24,9,27,29,16,25,18,40,34
20.00836592,36,32,42,5,43,41,34,32,39,24,38,42,38,45,3,17,15,26,34,26,14,27,12,46,23,38,33,57,36,27,34,26,58,30,44,28,38,42,25,12,32,32,38,33,30,24,0,48,38,45,59,24,31,27,29,16,22,29,8,12
20.00847545,36,32,36,23,43,27,34,31,39,24,38,42,38,45,47,17,15,26,34,13,14,27,12,46,23,38,33,57,36,27,34,40,58,30,11,28,38,42,24,12,32,32,38,33,3,50,39,48,38,45,59,24,31,50,29,16,22,29,12,12
20.01000255,36,32,36,23,43,27,34,32,39,24,38,42,38,45,47,17,15,43,34,49,14,27,12,46,23,38,33,21,36,27,16,26,58,30,44,28,38,42,24,57,32,32,38,33,11,50,39,48,38,45,59,24,51,15,29,16,22,29,8,12
20.03371818,36,32,56,23,43,19,52,32,14,24,43,42,38,16,47,43,31,26,34,6,14,27,31,46,23,38,33,31,37,27,28,26,58,30,44,28,32,42,24,12,32,32,38,33,30,50,39,48,38,2,59,24,31,3,29,31,22,37,8,10
20.04594556,23,32,56,17,43,19,22,32,14,24,43,29,45,34,12,54,52,26,34,6,14,27,31,44,23,38,33,31,36,27,28,26,28,30,44,28,32,40,24,46,32,32,38,33,30,50,39,48,38,45,59,24,31,46,29,53,22,62,4,10
20.04938167,36,32,36,23,43,19,34,54,39,24,38,15,38,45,47,17,15,26,34,48,14,27,12,46,23,58,33,57,36,27,28,26,58,30,44,28,38,42,24,12,32,32,38,33,30,50,28,48,38,45,59,24,31,24,29,16,22,29,8,12
20.0589174,36,32,36,23,43,63,34,32,39,24,38,42,38,45,47,17,15,26,34,36,14,27,12,46,23,60,33,19,36,27,21,26,58,30,19,28,38,42,51,12,32,32,38,33,30,50,39,48,53,45,59,24,31,27,29,16,22,29,12,12
20.0660543,36,32,36,23,43,10,34,32,39,37,19,42,38,45,47,17,13,26,34,26,14,27,42,59,1,14,33,19,36,1,29,42,44,30,1,38,38,42,13,18,39,42,38,34,30,21,39,29,30,45,31,24,9,27,29,16,0,29,40,34
20.06790201,36,32,56,23,43,19,52,32,14,24,38,42,38,5,47,43,15,26,34,6,14,27,31,60,23,38,33,31,36,27,28,63,58,30,33,28,32,42,24,12,32,32,38,33,30,50,39,48,38,45,59,24,31,24,29,16,22,29,40,12
20.07133144,36,32,36,64,43,19,34,32,39,37,6,54,38,45,47,17,57,3,34,26,14,27,42,46,33,14,33,19,36,27,4,42,44,8,44,28,38,42,24,18,38,4,38,34,30,30,39,29,30,45,31,24,9,27,29,16,25,29,40,34
20.07424767,36,32,36,23,43,27,34,32,39,24,38,42,38,45,47,17,15,26,34,47,14,27,12,46,23,14,33,57,36,27,36,26,58,30,44,28,38,42,24,12,32,56,38,33,30,50,39,48,60,45,59,24,31,46,29,16,25,29,22,1
20.07435206,36,32,36,23,43,27,34,30,39,24,38,42,38,45,47,17,15,26,34,6,14,27,12,46,23,38,33,57,36,27,11,26,58,30,44,28,38,42,23,12,32,32,38,33,30,50,39,48,38,45,55,24,51,9,29,16,22,29,56,12
20.07466424,36,32,56,23,32,19,52,53,14,24,38,42,38,45,47,43,15,26,34,6,14,27,31,46,23,38,33,31,8,27,28,26,58,30,44,28,24,42,24,12,32,32,38,33,30,50,39,48,38,45,59,24,31,24,29,16,22,29,8,12
20.07517738,36,32,36,1,43,27,34,32,39,24,38,42,38,45,47,17,15,26,34,47,14,55,12,3,23,38,33,57,36,27,33,26,58,30,44,28,38,42,24,12,32,32,38,33,30,50,39,48,38,45,59,24,31,27,29,16,22,29,8,12
20.08526444,36,32,56,23,43,19,22,32,14,24,43,42,45,34,17,54,52,26,34,6,14,27,31,56,23,38,33,31,36,27,28,26,58,30,44,28,32,40,24,46,32,32,38,33,30,50,39,48,38,45,59,24,31,46,29,64,22,31,8,10
20.08864373,36,32,56,23,43,19,37,32,14,24,43,42,38,25,47,43,52,26,34,6,14,27,31,46,23,38,33,31,36,27,60,44,58,30,44,28,32,42,24,12,32,38,38,33,30,50,39,48,38,45,59,24,31,24,29,2,22,31,8,10
20.09719209,36,32,36,23,43,27,34,32,39,24,16,42,38,45,47,17,15,26,55,47,14,27,55,23,23,38,33,57,36,27,57,26,58,30,44,36,38,42,24,12,32,32,38,33,30,50,39,48,38,45,59,24,31,24,29,16,22,29,8,62
20.10139237,36,32,56,23,43,19,3,32,39,24,38,52,38,45,47,43,15,26,34,26,14,27,31,46,23,38,33,31,36,27,21,26,58,30,44,28,38,42,1,12,32,32,38,33,30,50,39,48,38,60,59,24,31,24,29,16,22,29,8,12
20.10280324,36,59,56,23,43,19,52,32,14,24,38,42,38,45,47,43,15,26,34,6,14,27,31,46,23,38,33,31,36,27,28,26,58,30,29,28,32,42,24,12,32,32,38,33,30,48,39,6,14,45,59,24,31,24,29,16,22,29,8,12
20.1039471,36,32,56,7,43,19,52,54,14,24,43,42,38,34,47,43,29,26,34,6,14,27,31,46,23,38,33,31,36,27,28,26,58,30,29,28,32,23,24,12,32,32,38,33,30,50,39,48,38,41,59,24,31,24,29,64,22,47,8,10
20.10809294,36,32,36,23,43,39,34,32,39,24,38,42,38,45,55,17,15,26,34,28,14,27,12,46,23,58,33,57,36,42,1,26,58,30,44,28,38,42,24,12,32,42,38,33,30,50,39,48,30,45,59,24,31,27,29,16,22,37,61,12
20.1091453,36,32,36,23,43,27,34,59,39,24,38,9,38,45,47,49,15,26,34,62,51,27,12,46,23,38,33,57,36,36,33,26,58,30,45,28,38,42,24,12,32,32,38,33,30,50,39,48,38,45,59,24,31,43,29,16,22,29,8,12
20.11275283,36,32,56,23,43,19,52,32,14,24,43,42,6,46,47,51,52,26,34,54,14,27,31,46,23,38,33,31,36,27,28,26,58,25,44,28,32,42,24,12,32,32,38,33,30,50,39,48,38,45,59,24,31,24,29,48,22,37,8,10
20.1160912,17,32,56,23,43,19,3,32,39,24,38,42,38,45,47,43,15,26,34,26,14,27,31,46,23,38,33,31,36,27,28,52,58,56,44,10,38,40,24,12,32,32,38,33,30,50,39,48,38,45,59,24,31,24,29,16,22,29,8,12
20.12005222,36,32,56,23,43,19,52,32,35,24,43,42,38,34,47,2,52,26,34,6,14,27,31,24,23,17,33,31,36,27,28,26,58,30,44,28,32,42,24,12,32,32,38,33,30,50,39,48,38,45,59,14,36,24,29,64,22,31,8,10
20.12918982,36,32,36,52,43,63,34,32,39,24,38,42,38,45,47,17,15,26,34,47,14,27,12,46,36,20,33,57,36,27,58,26,58,30,44,28,38,42,24,12,32,32,38,33,30,50,39,48,11,45,18,24,31,27,29,16,22,29,8,54
20.13789914,36,32,36,23,43,19,34,32,39,24,38,57,38,45,47,17,15,26,34,62,14,27,12,46,23,44,33,57,36,27,28,26,58,30,44,28,38,42,24,12,32,32,38,33,30,50,39,48,38,45,59,24,55,24,29,16,22,29,8,12
20.14251526,36,32,36,23,43,12,34,32,39,24,38,42,38,45,47,17,15,26,34,45,14,27,12,46,23,38,33,57,36,27,33,26,58,30,44,28,38,42,24,12,32,32,2,33,30,50,39,48,38,48,59,24,2,27,29,16,22,29,8,12
20.14513823,36,32,36,23,43,10,34,32,39,24,33,42,38,45,63,17,15,26,34,47,14,27,12,46,23,38,4,57,36,27,33,26,58,30,23,32,38,42,24,12,32,32,38,33,30,50,39,48,38,45,59,24,31,12,29,16,22,29,8,12
20.15027346,36,32,36,23,43,51,34,32,39,24,38,42,38,45,57,17,15,26,34,27,14,27,12,46,23,17,4,57,36,27,33,26,58,30,44,28,38,42,24,12,32,56,38,33,32,50,39,48,38,45,59,24,31,37,29,16,22,29,8,12
20.15914513,36,32,36,2,43,13,34,32,39,24,64,42,38,45,47,17,15,26,34,54,14,27,12,46,62,38,33,57,36,27,14,26,44,30,44,28,38,42,24,18,39,40,38,56,30,50,39,48,30,45,31,24,31,27,29,16,22,29,40,12
20.1683836,36,17,36,23,43,5,34,32,39,24,38,13,38,45,47,17,15,26,34,47,14,27,12,46,23,38,33,57,58,27,33,26,58,30,44,28,38,42,24,12,32,32,38,33,30,50,39,3,38,27,59,24,31,27,29,16,22,29,8,12
20.17184242,36,32,56,23,43,19,26,32,14,24,43,42,38,34,47,43,52,26,34,6,14,27,31,24,23,38,33,31,36,27,28,26,3,30,10,28,32,42,24,12,32,32,38,64,30,50,25,48,38,45,59,24,41,24,29,64,22,37,8,10
20.18144322,64,32,56,23,43,19,22,32,14,24,43,42,45,34,17,54,52,26,34,6,14,27,36,24,23,38,33,31,36,27,28,26,58,30,44,28,32,40,24,46,32,32,38,33,30,50,39,48,14,45,15,24,31,46,29,64,22,29,8,10
20.18490506,36,32,36,23,43,38,34,32,39,24,38,42,38,45,17,17,15,26,34,35,14,27,46,46,23,38,0,57,36,27,4,26,52,30,44,28,38,42,24,12,32,61,38,33,30,50,39,48,38,45,59,24,31,3,29,16,22,29,15,12
20.21012254,36,32,56,23,43,19,22,32,14,24,53,42,45,34,17,54,6,26,34,6,14,32,6,34,23,38,33,31,36,27,28,26,58,30,29,28,32,40,24,46,32,32,38,33,30,50,39,48,38,45,59,24,31,35,29,64,11,41,8,10
20.21046901,36,32,44,52,43,19,34,32,39,63,38,42,38,45,47,17,57,26,34,26,14,27,42,46,43,14,33,52,36,27,29,0,44,30,44,12,38,42,24,9,39,40,38,53,30,30,39,29,30,45,31,24,9,55,29,16,62,29,40,34
20.21469694,36,32,51,23,43,58,34,32,39,24,38,42,38,45,47,17,15,26,34,2,14,27,12,46,23,46,33,57,36,27,33,26,58,30,44,28,38,42,24,12,32,32,38,33,30,42,4,48,27,45,59,24,45,53,29,16,22,29,25,12
20.2190995,53,32,56,23,43,19,34,32,14,24,43,42,38,34,47,43,29,13,34,6,14,27,31,46,23,38,33,31,36,27,28,26,58,30,44,28,32,42,4,12,32,32,38,33,30,50,39,48,38,45,59,24,31,24,53,64,22,31,8,10
20.22600946,36,32,36,23,43,58,34,32,39,24,2,42,38,45,47,17,15,26,34,37,14,27,12,46,23,9,33,57,36,27,51,26,58,30,44,28,38,42,24,12,32,32,38,33,30,50,24,48,38,45,59,24,31,27,53,16,18,29,46,12
20.24261855,36,32,59,23,43,19,22,32,14,24,43,42,45,34,17,54,26,26,34,6,14,27,15,58,23,38,33,31,36,27,28,26,58,30,44,28,32,40,24,46,8,32,38,33,30,50,39,48,38,45,59,24,31,38,29,64,16,31,8,10
20.24297853,36,32,56,58,43,19,22,32,14,24,43,42,45,34,48,54,52,26,34,6,14,27,31,63,23,38,33,31,36,27,28,26,9,30,26,28,32,40,19,46,32,32,38,33,30,50,41,48,38,45,59,24,31,46,29,2,22,28,8,10
20.25253981,36,32,43,23,43,19,22,32,14,24,43,42,45,34,17,54,60,26,34,6,8,27,31,20,23,38,33,31,36,27,28,26,58,30,44,28,32,40,24,46,32,32,38,64,30,50,39,48,38,45,59,24,31,54,29,64,22,31,8,10
20.25383415,36,32,36,23,43,27,34,56,39,24,38,42,38,45,47,45,15,26,34,8,14,27,12,46,23,38,33,57,36,27,0,26,60,30,35,28,38,42,24,49,32,32,38,33,30,51,39,48,38,45,59,24,31,63,29,16,15,29,8,12
20.25777667,36,32,36,23,43,27,34,32,39,24,38,42,55,45,47,17,15,36,34,8,14,27,12,46,23,38,33,57,36,27,21,26,58,30,44,28,17,42,24,60,32,32,59,33,30,50,39,48,38,45,59,24,31,51,29,16,22,29,8,12
20.25835851,30,47,11,56,43,56,22,46,14,24,43,42,45,18,17,54,27,26,34,25,14,27,31,56,20,38,33,13,36,27,28,26,31,30,47,61,32,40,24,45,32,32,43,33,3,44,39,48,38,30,28,24,31,46,43,64,52,31,48,26
20.26378618,36,32,59,23,43,19,52,32,14,24,43,42,38,5,47,43,52,26,40,6,14,27,31,46,23,38,33,31,14,27,35,26,58,30,44,28,32,42,24,12,32,32,38,33,30,50,39,48,38,45,59,24,31,24,29,64,22,31,8,10
20.26394583,36,32,56,23,43,7,52,32,14,24,43,42,38,34,47,43,52,26,8,6,14,27,31,46,23,38,33,31,58,36,28,44,58,30,44,28,32,42,24,12,32,32,38,33,30,50,39,48,38,45,59,24,31,24,29,16,22,31,8,10
20.27590345,64,32,56,23,43,19,52,32,14,24,43,42,38,34,47,43,52,26,34,6,14,27,23,46,23,38,33,31,36,27,28,26,3,30,44,28,32,42,24,12,32,32,38,33,30,50,31,48,38,45,59,24,31,24,29,64,11,31,8,10
20.2799351,36,32,36,23,43,34,26,32,39,24,38,15,38,45,47,17,15,26,34,59,14,27,12,46,23,20,33,57,36,27,49,26,58,15,44,28,38,42,24,2,32,25,38,64,30,50,39,48,38,45,8,24,31,27,29,16,22,29,50,55
20.28969708,36,32,36,23,43,12,34,32,14,24,38,42,38,45,47,17,15,26,34,47,14,27,12,46,23,38,33,57,36,27,24,26,58,30,5,28,38,42,24,12,32,34,38,33,60,50,39,48,38,45,59,24,31,46,48,16,22,29,8,12
20.29944686,36,32,56,23,43,19,52,32,14,24,43,42,38,62,47,43,52,26,34,6,14,27,31,46,23,38,33,31,36,27,28,26,58,30,44,28,32,42,24,12,32,32,38,33,30,50,39,48,14,14,59,60,31,24,29,51,22,31,8,51
20.30299275,36,32,56,23,43,19,22,32,14,24,43,42,45,34,60,54,57,26,34,6,14,61,34,46,23,38,33,31,36,27,28,26,58,30,44,28,32,40,24,46,32,32,38,33,30,50,39,48,38,45,59,21,31,46,29,2,22,31,8,10
20.30480849,62,32,56,23,43,19,34,32,14,24,2,52,45,34,35,49,52,26,34,6,14,27,31,19,23,38,33,31,36,27,28,40,47,30,44,28,32,40,24,46,55,32,38,33,30,50,39,48,38,45,59,24,31,46,29,64,22,33,8,10
20.31240264,36,32,56,23,43,19,52,32,14,24,43,45,38,62,47,43,6,39,34,6,14,27,31,46,23,60,33,31,36,27,28,26,58,30,44,28,32,42,48,12,32,32,38,33,30,50,39,48,38,45,59,24,31,24,29,16,22,31,8,10
20.31669533,36,32,56,23,43,19,52,32,14,24,43,42,38,34,51,43,52,26,34,6,14,27,31,46,23,38,33,31,36,27,28,26,58,30,44,28,32,42,24,12,32,32,41,16,30,50,39,48,38,53,59,19,31,24,29,64,22,54,8,10
20.32284258,36,32,36,23,43,27,34,49,39,24,38,42,38,45,47,64,15,26,34,17,14,27,12,46,23,38,33,57,36,27,19,26,58,30,44,28,38,42,24,42,32,58,38,33,30,50,39,48,38,45,59,47,51,58,29,16,22,29,8,12
20.34655066,36,32,56,23,43,19,22,32,14,24,43,52,45,34,17,54,52,26,34,6,14,27,31,8,23,22,33,31,36,27,28,26,58,30,50,20,32,40,24,46,32,32,38,33,30,50,39,48,38,45,59,24,55,29,29,64,22,31,6,10
20.363415,42,47,49,44,43,27,22,32,14,24,43,42,45,62,17,54,27,26,34,6,14,27,31,44,23,38,33,13,36,27,28,26,58,45,45,61,32,40,24,45,53,32,43,28,30,20,39,22,38,30,59,11,31,36,29,64,22,31,8,23
20.37566061,36,32,56,23,43,19,22,32,14,24,43,42,45,10,17,54,52,26,34,6,14,50,25,3,23,38,33,31,36,27,28,26,58,30,44,7,32,40,24,46,32,32,38,33,30,50,39,48,6,45,21,24,31,36,29,55,22,31,8,10
20.38010343,36,32,56,23,43,19,22,32,14,24,43,64,2,34,17,54,52,26,34,6,44,27,55,56,23,38,33,31,36,27,28,26,58,30,44,28,32,40,24,46,32,32,38,33,30,50,39,48,30,45,8,24,31,46,29,64,25,31,8,10
20.38139968,36,32,56,23,43,19,22,32,14,54,43,15,45,34,17,0,52,26,34,6,14,27,59,19,23,38,33,31,36,27,28,26,58,30,44,28,32,40,24,46,32,32,21,33,30,50,39,48,38,45,59,24,39,46,29,7,22,37,8,10
20.38689943,36,32,56,23,43,19,22,32,14,24,43,42,45,34,17,54,52,26,34,6,14,27,63,52,23,38,33,31,36,27,28,26,58,30,53,28,32,40,24,46,32,32,38,33,30,50,39,18,38,45,8,24,0,46,29,54,22,31,8,10
20.38737704,60,32,56,23,43,19,22,32,14,18,43,42,45,34,17,54,52,26,34,6,14,25,46,56,23,38,33,31,36,27,28,26,58,30,44,28,32,40,21,46,32,32,38,33,30,50,42,48,38,45,59,24,35,46,29,64,22,31,8,10
20.39527889,59,47,6,56,43,56,36,32,14,24,25,45,45,15,17,54,27,26,34,6,14,27,31,59,23,38,33,13,29,27,28,26,9,30,47,19,32,40,24,45,32,32,43,31,30,44,28,48,38,30,59,35,31,46,29,64,22,31,8,27
20.40794798,52,32,32,23,43,19,22,32,14,24,43,42,45,34,17,54,52,26,39,6,14,56,36,63,23,38,33,31,36,27,28,26,58,30,44,28,32,40,24,55,32,32,38,33,30,50,39,48,38,45,59,24,31,24,29,64,0,31,8,10
20.41604788,59,47,40,56,43,20,22,32,14,12,43,42,45,18,17,24,27,26,34,45,14,27,31,56,23,22,33,13,36,27,35,26,58,30,57,61,32,40,24,20,32,32,43,33,30,44,39,48,38,30,59,24,31,7,29,64,22,31,8,23
20.42588846,42,50,49,30,43,56,38,32,43,24,1,42,45,18,17,54,27,26,34,6,14,27,31,56,23,38,33,31,36,27,28,26,58,30,47,61,32,40,24,45,32,32,43,27,30,46,0,48,38,30,59,24,31,46,29,64,22,31,8,23
20.42787092,59,6,36,30,43,26,42,30,14,24,50,42,45,18,17,54,27,26,34,45,14,27,31,56,23,38,33,13,36,64,28,26,48,30,47,61,40,40,24,45,32,32,43,33,30,44,39,21,38,30,59,24,31,46,29,64,60,31,8,23
20.43340448,64,32,56,23,43,19,22,32,14,24,43,42,45,34,3,34,52,9,34,6,14,27,31,24,23,38,33,31,26,27,28,26,58,30,44,28,32,40,24,46,32,32,38,33,30,8,39,22,38,45,59,24,55,46,29,64,19,20,8,10
20.44287977,44,32,49,5,43,56,22,11,14,24,25,42,45,34,17,54,27,26,34,6,14,27,25,40,23,38,33,13,36,27,21,26,26,30,25,7,32,40,26,45,32,32,43,33,6,22,39,48,38,30,59,24,14,46,54,64,22,31,8,23
20.44544854,52,32,56,23,43,44,22,32,14,24,34,42,45,34,3,54,52,26,34,6,14,27,21,56,23,38,33,31,36,27,28,26,58,30,44,28,32,40,24,46,32,41,38,33,30,50,61,48,38,45,52,24,20,46,29,64,22,31,8,10
20.4531767,36,32,56,23,43,19,22,32,14,15,43,42,45,34,17,54,52,26,34,6,14,27,0,62,23,38,33,31,36,27,28,26,42,30,44,28,32,40,24,46,32,32,38,33,30,50,39,48,38,45,59,24,31,9,29,64,0,31,8,10
20.46576591,36,32,56,23,43,19,22,32,14,24,43,42,45,34,17,33,52,26,34,6,20,57,60,46,23,38,33,31,36,27,28,26,8,30,44,28,32,40,24,46,32,32,38,64,30,50,39,48,38,45,59,24,31,46,29,64,22,62,8,10
20.47656746,36,32,56,23,43,19,22,3,14,24,5,42,45,34,17,54,52,26,34,6,14,27,31,24,23,38,33,31,36,27,28,26,58,30,44,28,32,40,24,46,61,32,38,33,30,50,39,48,38,45,59,24,31,6,29,64,22,31,8,10
20.4788108,59,47,49,56,43,56,22,51,14,24,43,42,45,18,17,15,27,14,34,6,14,27,31,24,23,38,33,13,36,27,28,26,58,30,47,61,32,40,24,45,32,32,43,37,30,44,23,48,38,30,59,24,31,46,29,17,22,43,8,23
20.49347819,36,32,56,23,43,19,22,32,14,3,43,42,45,34,17,54,52,26,34,6,14,62,34,56,23,38,33,39,13,27,28,26,60,30,44,28,32,40,24,46,32,32,38,33,30,50,39,48,38,45,59,24,31,46,29,64,22,31,8,10
20.49521972,59,47,49,56,43,56,22,32,14,24,43,42,45,18,17,54,27,26,34,6,14,27,31,56,23,38,33,13,36,27,28,26,58,30,47,61,32,40,24,45,32,32,43,33,30,44,39,48,38,30,59,24,31,46,29,64,22,31,8,23
20.50488083,55,54,49,30,43,56,18,32,14,24,26,42,45,18,17,54,27,26,34,6,14,27,31,56,23,38,33,13,36,31,28,26,58,30,47,61,32,40,24,45,32,6,43,33,30,44,39,48,38,30,59,24,31,46,29,64,22,31,8,26
20.51043125,36,32,56,23,43,19,22,32,14,24,43,42,45,34,17,54,52,26,34,6,44,27,50,19,23,38,33,31,36,27,28,26,58,8,44,28,32,40,24,46,32,32,38,33,30,50,39,48,38,45,59,24,3,46,29,64,22,63,8,10
20.51058763,52,17,32,56,43,56,22,32,14,24,43,42,45,18,17,54,27,26,34,6,14,27,31,56,23,38,33,13,36,27,28,26,60,30,47,61,25,40,24,45,32,32,41,33,30,44,39,48,38,30,64,24,31,46,29,64,22,37,8,10
20.53449369,52,17,32,56,43,56,22,32,46,24,43,42,45,18,17,54,41,26,34,6,14,27,31,56,23,38,33,32,36,27,28,26,60,30,47,61,25,63,24,45,32,16,23,64,30,44,39,48,38,30,34,24,31,46,29,64,22,37,8,23
20.53870686,49,32,32,23,43,19,22,32,14,24,43,64,45,34,17,54,52,26,34,6,14,27,31,11,23,38,33,31,36,27,28,26,58,30,44,7,32,40,24,46,32,32,38,33,30,50,39,7,38,45,59,24,29,49,29,64,22,62,4,10
20.54067591,59,14,45,56,43,56,22,32,14,24,43,42,51,58,17,54,27,26,20,6,14,27,31,56,23,38,39,13,37,27,28,26,58,30,47,10,32,40,24,45,32,32,43,33,30,44,39,48,38,30,21,24,31,46,29,64,22,31,5,23
20.55563024,4,32,63,56,43,56,22,32,14,24,34,42,45,18,17,54,27,26,34,6,14,27,31,24,23,38,33,13,36,27,21,26,58,30,29,7,32,40,24,45,32,32,57,64,30,44,39,48,38,30,8,24,31,46,29,64,21,31,8,23
20.5559226,52,17,32,56,50,56,34,32,14,24,30,42,45,18,17,54,27,26,34,6,14,27,51,24,23,38,33,13,36,27,28,26,60,30,47,61,31,40,24,45,15,32,41,33,30,44,39,48,38,30,64,24,31,15,29,64,22,37,8,10
20.56002851,36,32,56,23,43,19,22,32,14,15,43,42,45,57,17,54,52,26,34,6,14,38,14,56,23,38,33,31,36,27,49,26,58,30,44,28,32,40,40,46,32,32,38,33,30,50,39,48,38,45,59,24,55,46,29,64,22,31,8,10
20.56146962,46,32,56,23,43,19,22,32,14,24,43,42,45,34,61,54,52,26,34,6,14,27,31,48,23,38,33,31,36,27,28,56,35,11,44,28,38,40,24,46,32,32,57,33,30,50,39,48,38,45,59,24,31,46,29,64,22,64,8,10
20.56419448,52,51,32,56,43,56,22,32,14,24,49,42,45,18,17,54,27,26,34,6,14,18,31,56,23,38,33,25,57,27,28,26,60,30,47,61,33,40,24,45,32,32,23,33,40,44,39,48,38,30,64,45,31,46,29,64,22,37,29,13
20.56972191,52,32,56,23,43,19,22,32,14,24,34,42,45,34,41,54,57,26,34,6,14,27,31,58,23,12,33,31,48,21,28,26,8,30,44,28,32,40,24,46,32,34,38,33,30,50,39,48,38,45,59,24,31,46,29,64,0,54,8,10
20.57055717,36,32,56,23,43,19,22,32,14,24,43,42,45,34,17,54,52,26,34,6,14,27,60,58,23,60,33,31,36,27,33,26,14,30,44,28,32,8,19,46,32,32,38,33,30,50,39,48,38,45,59,24,31,46,29,64,58,38,8,10
20.57370084,42,47,38,12,43,56,22,30,14,24,59,42,45,10,17,45,27,26,34,6,14,27,31,26,23,38,33,13,61,27,28,26,48,30,7,61,32,40,52,45,32,16,43,33,30,39,39,48,38,30,62,24,39,46,29,64,22,31,8,23
20.58774868,59,47,43,56,43,56,22,10,14,24,43,42,45,18,17,54,27,26,34,6,14,27,55,26,23,38,33,13,36,27,28,26,58,30,19,61,32,40,24,45,32,34,43,33,30,44,42,48,38,30,59,24,31,46,29,64,22,31,4,23
20.59380305,20,47,49,41,43,56,22,55,14,24,37,11,45,22,3,54,36,26,34,6,14,27,59,29,23,38,33,31,36,27,28,26,58,30,47,61,32,40,24,45,32,32,43,33,30,51,39,48,55,26,59,24,31,46,29,64,22,31,8,23
20.59465579,59,47,43,56,43,56,22,54,15,33,43,42,45,18,17,54,27,26,34,6,14,27,8,56,23,38,33,13,36,27,28,26,40,46,47,61,32,40,24,45,32,32,43,33,30,44,39,48,38,30,59,24,31,46,29,64,22,31,8,23
20.59707313,37,17,32,56,43,56,20,32,14,24,43,42,45,18,17,2,27,26,34,6,14,27,31,56,23,38,33,13,36,61,28,55,16,30,47,61,25,40,24,45,32,32,41,27,30,44,39,48,38,30,55,24,31,46,29,64,22,37,8,10
20.60488179,55,47,47,59,43,56,43,53,14,24,43,42,45,18,17,54,31,26,34,6,14,27,31,56,23,38,33,13,36,27,28,26,58,30,47,61,32,40,24,45,32,32,40,33,30,44,39,3,38,30,23,24,51,46,29,64,22,31,8,23
20.60573967,36,32,56,23,43,19,22,32,14,18,43,42,45,34,17,54,52,26,34,6,4,49,20,56,23,38,2,31,36,27,28,26,58,30,44,28,32,40,24,46,32,32,38,33,30,50,39,48,5,45,64,24,31,46,29,64,22,31,8,10
20.61047346,59,47,60,56,43,56,22,32,14,24,43,42,45,18,17,54,27,26,34,6,44,27,25,56,23,38,33,13,36,27,51,26,58,30,47,61,32,40,24,45,32,1,43,33,30,44,39,48,38,30,59,24,31,46,29,28,22,29,8,23
20.61126317,64,58,36,56,12,56,22,32,14,24,43,42,45,18,17,54,27,26,17,6,14,27,31,56,23,38,31,13,38,27,14,26,58,30,33,34,32,40,24,45,32,61,43,33,30,44,39,48,38,30,17,24,39,46,29,64,19,31,8,23
20.61305062,52,17,32,56,50,56,34,61,14,24,30,45,45,18,3,54,27,26,34,6,14,27,31,24,23,38,33,61,36,27,28,26,60,30,47,61,31,40,24,45,34,32,41,33,30,44,39,48,38,30,52,24,31,15,29,64,22,54,8,26
20.6139573,52,17,32,56,43,26,22,3,14,24,43,42,35,18,17,54,27,26,34,6,14,27,31,56,23,38,33,13,36,27,4,26,60,30,12,61,24,40,24,45,32,32,41,33,30,44,39,48,38,32,8,24,31,46,29,64,22,37,8,10
20.61877293,59,47,11,56,22,56,34,10,14,24,43,42,45,18,17,54,27,26,34,6,14,27,31,56,23,38,36,13,36,32,34,26,58,30,47,61,25,40,24,45,32,32,45,33,48,44,39,48,38,30,55,24,31,46,29,64,27,31,55,23
20.61981187,59,57,49,56,43,52,22,32,22,24,43,42,45,18,17,54,27,26,34,6,14,41,31,56,23,38,33,1,36,35,28,26,58,30,47,61,32,40,24,45,32,32,43,37,30,44,39,48,38,30,59,24,31,6,29,64,22,31,8,23
20.62064016,7,47,49,23,43,7,22,32,14,54,43,42,45,41,3,54,1,26,34,6,26,27,31,26,23,38,33,16,36,27,28,26,58,30,47,61,32,40,24,45,32,32,43,33,30,8,39,64,38,30,52,24,31,27,29,64,57,31,8,23
20.62114532,52,17,32,56,50,10,59,42,20,24,30,51,45,6,17,47,27,24,34,47,32,27,55,15,23,38,33,13,50,27,28,2,60,25,47,27,31,27,24,44,5,15,41,33,30,44,44,48,38,33,64,24,31,36,29,27,22,37,8,41
20.62345334,52,17,32,56,20,56,22,42,34,24,30,11,45,18,17,47,25,24,35,6,34,27,51,26,28,28,33,13,50,49,28,26,4,30,47,61,9,27,21,45,33,15,41,33,30,44,39,48,38,37,64,24,13,15,29,27,22,37,8,10
20.63100721,59,47,49,56,43,56,22,32,14,24,43,42,45,18,17,54,39,26,34,45,14,27,9,9,28,38,33,13,36,27,28,26,34,30,59,61,31,40,24,35,32,32,43,59,54,44,39,48,38,30,59,24,31,46,29,64,22,31,8,23
20.63547106,59,47,49,56,43,56,22,6,14,12,43,42,45,18,17,19,27,26,34,6,21,27,31,59,23,38,33,13,36,27,51,26,58,30,48,61,32,40,24,45,32,32,43,33,30,44,39,48,38,30,59,24,31,36,29,64,22,31,8,23
20.64885361,59,47,49,56,43,56,22,3,14,24,43,42,45,18,17,54,27,26,34,6,14,27,31,37,23,38,10,13,36,37,47,26,48,30,47,61,32,40,24,45,32,32,32,33,42,44,39,48,38,30,59,24,31,46,29,64,49,48,21,23
20.65016789,56,47,49,12,43,15,22,32,14,24,58,42,33,18,17,54,27,26,34,6,14,18,31,30,23,38,33,13,36,27,25,26,58,30,47,7,32,40,24,49,32,32,0,33,30,37,39,48,38,30,59,24,58,46,29,64,14,33,8,23
20.65224446,52,17,32,56,50,56,36,32,14,24,46,42,45,18,17,23,27,26,2,6,14,27,6,24,23,38,33,13,36,27,28,26,50,37,50,61,31,21,24,45,12,32,41,33,30,44,39,48,38,11,64,24,31,27,29,64,22,37,24,10
20.65827325,52,17,32,56,50,56,34,22,14,24,30,42,45,18,17,54,27,26,34,6,17,27,51,24,23,38,33,13,36,27,54,50,60,37,47,61,31,40,24,45,12,32,41,26,30,44,39,48,38,30,64,24,31,6,29,33,22,37,8,10
20.6697579,18,9,49,56,43,38,22,32,14,24,37,56,45,18,59,54,27,26,34,6,14,27,31,26,23,38,47,13,36,27,21,26,58,30,47,61,32,40,52,45,32,32,43,33,30,44,39,48,38,30,4,24,59,46,29,64,22,31,8,23
20.68330483,59,47,49,56,43,56,22,32,20,24,43,42,45,18,17,33,27,26,34,6,14,55,31,56,23,38,33,13,36,27,28,26,58,30,47,61,39,40,24,19,32,32,43,33,6,44,39,48,38,30,59,24,31,0,29,64,22,38,8,23
20.68384172,1,8,51,56,43,38,22,32,14,24,43,42,45,18,17,54,27,26,34,48,14,27,23,56,58,38,33,13,12,27,28,26,58,30,33,61,32,40,24,45,32,32,14,60,30,44,39,48,38,30,52,24,31,46,29,64,19,31,29,55
20.69296749,59,47,49,56,43,56,11,32,39,24,43,42,45,18,17,30,27,26,34,6,14,27,31,56,23,38,7,19,36,26,28,26,58,30,47,61,32,40,24,45,32,32,43,33,30,2,0,6,38,30,12,24,31,46,29,64,22,31,8,26
20.69825992,59,17,49,1,43,56,22,32,14,24,43,42,45,46,17,54,42,26,34,6,14,27,31,64,23,38,33,28,41,27,28,26,44,30,47,61,32,40,60,45,32,32,1,33,61,44,39,48,38,30,5,24,31,46,29,64,34,31,48,23
20.70232485,52,17,32,56,43,19,22,32,14,24,43,42,45,18,17,54,27,26,34,6,14,58,31,56,23,38,33,13,36,27,28,40,60,30,47,61,25,63,24,45,32,32,41,21,30,44,53,48,38,30,64,24,31,46,29,64,22,37,8,26
20.70814895,59,39,49,56,43,60,22,32,14,24,43,42,45,18,17,19,27,26,34,6,14,27,31,56,23,38,55,0,36,27,63,26,58,30,47,61,32,40,24,45,32,32,43,47,30,38,39,48,38,30,59,24,31,46,29,64,22,31,8,35
20.71677804,52,51,58,56,50,45,26,51,20,24,30,42,45,46,17,47,29,24,34,6,34,27,58,15,23,38,33,13,50,49,28,56,60,59,47,23,31,27,21,45,34,15,41,33,30,44,39,11,38,37,64,24,31,15,29,27,22,37,40,10
20.71694393,52,50,32,56,50,56,34,32,51,24,30,42,45,18,17,54,27,12,34,6,14,27,51,26,23,38,33,13,36,27,28,2,39,30,47,61,31,62,24,45,20,32,41,33,30,44,39,48,38,46,64,24,31,15,29,64,22,37,8,22
20.72683025,59,47,49,56,43,56,51,32,14,24,43,52,45,18,17,54,27,26,28,6,14,27,31,56,23,38,33,13,36,27,28,26,22,30,47,61,32,40,24,45,32,32,1,33,2,44,39,44,38,30,4,24,31,46,29,64,22,31,8,23
20.73244802,52,17,32,56,43,56,22,30,39,24,43,42,45,18,17,54,27,26,34,6,14,27,31,56,23,38,33,13,36,27,5,63,60,30,47,61,35,40,24,45,32,32,20,33,30,44,39,48,38,30,55,24,31,46,29,64,22,11,8,55
20.74317788,59,47,49,3,43,56,10,32,64,24,37,42,45,18,17,54,27,34,46,6,14,27,31,56,23,38,33,13,36,27,28,26,16,8,47,61,32,40,24,45,32,32,43,33,30,44,39,6,38,30,8,24,31,46,29,64,22,31,8,23
20.74841311,59,47,33,56,43,47,22,32,14,24,29,42,45,18,17,54,57,26,34,6,14,27,31,56,23,38,33,13,36,30,49,26,58,30,47,61,32,40,24,45,63,32,16,33,40,44,31,48,38,30,59,24,31,46,29,64,0,13,31,23
20.74862339,52,47,49,56,43,56,22,32,14,24,47,42,45,18,17,54,27,26,34,6,14,49,3,40,40,38,33,13,36,27,28,26,58,30,47,51,56,40,24,35,32,32,17,33,56,44,42,48,38,30,59,24,31,46,29,64,22,25,8,23
20.7507284,59,47,49,56,43,56,22,32,14,52,43,42,45,18,0,54,27,26,34,6,31,27,31,56,23,0,33,13,36,27,28,26,58,30,47,61,32,40,24,45,32,32,43,33,30,44,39,48,20,30,59,24,31,39,29,4,22,11,8,23
20.7545438,28,47,7,56,43,56,22,32,14,24,43,42,45,41,17,54,27,58,10,0,14,27,31,56,23,38,33,13,36,27,35,26,58,30,48,38,32,40,24,45,32,58,43,64,30,44,39,48,38,30,30,24,31,46,3,64,22,31,8,23
20.76089281,61,47,0,56,43,56,22,32,14,24,43,42,45,18,49,54,9,36,23,6,14,27,31,56,23,38,33,13,36,27,28,26,23,30,47,51,32,40,24,45,32,32,43,37,6,44,39,48,38,30,28,24,31,4,29,64,12,31,8,55
20.76124035,59,47,49,56,43,56,22,42,14,24,43,42,45,18,17,54,39,26,34,6,17,27,31,56,23,38,33,55,36,27,45,26,58,30,47,61,32,40,24,45,32,32,43,33,30,44,39,8,38,30,59,24,63,15,29,64,22,31,8,23
20.76301479,52,17,43,56,50,38,34,42,20,18,30,42,45,6,17,47,39,24,34,11,14,38,29,15,23,15,33,13,50,49,28,26,60,37,62,61,31,27,21,45,33,56,42,33,30,50,39,36,5,37,64,24,31,15,29,27,22,37,53,10
20.7661553,52,17,32,56,43,19,22,32,14,18,43,42,45,18,17,54,27,26,34,6,14,27,36,56,23,38,33,13,36,27,20,26,60,30,9,61,25,40,24,45,32,32,41,60,6,28,39,48,38,30,64,24,31,46,12,64,22,37,8,41
20.77886431,52,47,11,56,43,56,22,32,55,24,22,42,45,18,17,54,27,26,34,6,14,27,31,56,23,38,33,13,36,22,28,26,58,30,47,61,32,56,24,45,32,32,17,33,26,44,39,23,38,30,7,24,31,64,29,64,22,31,8,1
20.77944601,59,48,49,1,43,56,22,32,55,24,43,42,45,18,17,54,27,26,34,6,14,27,31,56,23,38,33,13,36,27,28,26,58,30,47,44,32,40,24,45,32,32,23,64,40,44,39,48,38,30,58,24,10,46,19,64,50,31,54,23
20.78116154,52,17,32,56,20,56,22,32,14,24,43,42,25,18,17,54,27,26,34,6,14,27,31,56,15,38,33,13,36,27,28,26,60,13,47,61,25,61,24,45,13,32,41,33,30,44,39,48,38,32,64,24,31,46,29,64,22,37,8,10
20.78244481,52,41,32,56,24,56,22,42,20,24,30,42,45,6,17,47,27,24,34,6,14,27,51,15,23,52,0,13,38,49,28,26,60,19,47,61,31,27,35,45,52,15,41,33,30,8,42,48,38,32,64,24,31,15,29,27,22,37,15,41
20.78708796,52,47,27,56,43,56,22,32,18,24,50,42,45,18,17,54,64,26,34,6,14,27,21,56,23,38,33,13,36,27,28,26,58,30,47,24,32,40,24,45,32,32,41,33,61,44,39,48,38,30,59,24,31,46,43,64,22,51,10,3
20.7954474,52,17,32,56,43,56,22,11,14,24,43,42,45,18,17,54,27,26,31,6,14,27,31,59,15,38,33,13,36,27,28,26,60,30,47,61,25,57,24,45,32,32,41,33,30,44,39,48,38,30,4,9,31,46,29,64,22,37,8,10
20.81433044,8,47,49,56,50,63,22,32,14,24,43,42,45,18,17,54,27,26,34,6,14,27,31,56,23,38,33,25,36,27,28,61,58,30,47,61,32,57,52,45,32,32,43,33,45,30,39,48,38,30,59,24,15,46,29,64,22,31,8,23
20.82706706,52,17,32,56,50,56,2,32,14,24,27,42,45,18,17,54,27,24,34,6,14,27,3,24,23,38,33,13,36,27,28,26,60,30,33,61,33,40,24,45,53,39,41,0,30,44,39,48,38,30,64,24,31,15,29,64,22,37,8,10
20.83295262,59,47,49,56,43,56,22,32,14,24,30,7,45,18,17,54,27,26,34,6,14,58,47,22,23,38,33,13,36,27,28,3,12,30,47,61,33,40,24,9,32,32,43,33,30,44,50,54,38,30,59,26,31,46,29,64,22,31,8,23
20.84179899,52,8,32,56,50,56,37,42,48,24,43,42,33,16,17,34,27,24,34,6,14,27,51,15,20,41,33,13,50,49,28,26,60,59,47,61,31,44,21,45,18,15,48,33,30,44,39,48,38,55,64,24,31,29,29,27,22,48,8,27
20.84580084,16,47,49,54,43,56,22,32,14,24,0,38,45,2,17,54,12,26,34,6,14,27,31,19,23,38,33,19,36,27,28,26,58,30,48,61,32,40,24,45,5,32,43,33,30,10,39,48,38,30,59,54,21,46,29,64,22,31,8,23
20.85525588,41,48,49,56,43,56,22,35,14,24,27,42,8,18,17,54,27,26,34,6,14,27,24,59,23,38,23,13,61,27,28,26,57,30,47,61,32,40,54,45,32,32,64,33,30,44,39,48,38,30,61,24,13,46,29,64,22,31,8,23
20.86859678,52,17,32,56,50,56,17,32,14,24,30,42,45,18,27,54,27,26,34,6,14,27,55,44,4,38,33,51,36,27,28,26,60,20,47,61,31,40,24,45,55,32,41,42,30,44,39,48,38,55,64,24,31,15,29,64,22,37,8,10
20.87067221,34,47,49,56,43,56,22,32,14,24,46,64,45,18,17,54,27,9,34,6,14,57,60,56,23,38,33,13,36,27,28,26,47,30,47,61,32,40,24,7,32,32,43,33,32,44,39,32,38,16,59,9,31,46,29,64,22,31,8,23
20.87555274,52,50,3,56,50,56,34,32,14,6,30,42,45,18,17,27,29,26,34,6,14,27,23,59,23,38,33,13,36,27,60,26,60,30,47,61,31,40,24,45,15,32,41,64,30,44,39,48,60,26,64,24,31,27,29,27,22,37,8,10
20.87909538,52,17,6,56,50,56,34,11,14,24,1,42,45,18,17,54,27,26,34,6,36,27,55,24,23,38,33,13,36,50,28,26,60,30,47,61,31,40,24,45,27,32,41,33,30,44,39,48,38,27,64,24,31,43,29,64,22,56,8,10
20.87941031,49,47,49,56,49,56,50,55,14,24,47,42,45,10,17,54,4,26,34,6,14,27,17,61,23,38,33,13,36,27,28,26,50,30,50,61,32,40,24,45,32,32,43,33,30,50,39,48,38,30,48,24,10,46,8,29,22,31,8,23
20.88317804,59,47,2,56,43,56,61,32,14,24,46,42,45,44,17,54,27,55,34,6,14,27,31,24,23,38,33,13,36,27,28,26,18,30,47,7,46,40,24,45,32,32,18,33,3,19,39,48,38,30,59,24,54,46,29,64,44,31,42,3
20.88585698,42,17,32,56,12,45,59,42,20,24,30,42,45,6,17,62,27,24,23,1,44,27,29,15,23,15,33,4,58,49,28,26,56,19,47,61,31,61,21,45,33,15,32,33,26,44,39,48,38,37,29,24,31,15,29,27,22,64,8,10
20.88723979,60,16,32,30,2,26,7,42,39,24,30,42,39,6,5,19,29,26,34,6,30,27,25,15,40,15,44,13,41,49,33,52,60,59,47,12,24,49,24,49,5,32,17,14,30,44,63,48,38,37,18,24,31,43,6,27,34,38,40,10
20.90054302,52,17,32,56,50,56,59,42,20,24,30,42,45,6,17,47,27,24,34,6,14,27,51,15,23,15,33,13,50,49,28,26,60,59,47,61,31,27,21,45,33,15,41,33,30,44,39,48,38,37,64,24,31,15,29,27,22,37,8,10
20.91248102,55,17,32,56,2,14,59,42,20,24,30,42,45,6,17,47,27,24,34,45,14,27,51,15,15,39,33,13,33,49,28,63,34,61,51,61,33,27,21,45,20,15,41,33,30,44,15,48,38,37,64,24,31,15,29,27,22,37,8,10
20.91505047,52,6,18,56,50,56,59,42,20,24,30,42,45,34,17,48,27,24,34,6,14,27,51,38,23,60,14,13,53,23,28,26,60,31,47,7,52,27,21,45,53,32,41,33,30,44,39,48,38,37,59,24,31,15,29,27,22,37,8,4
20.92376039,52,51,32,56,15,56,42,47,16,24,30,42,45,6,17,19,27,24,34,48,14,27,51,36,23,19,33,13,50,35,60,26,60,59,47,61,31,27,21,45,32,15,41,15,30,44,39,48,38,37,64,24,31,15,13,27,22,37,8,10
20.92679989,59,47,49,56,43,56,22,51,14,24,43,42,45,46,17,54,27,26,34,6,14,27,31,56,23,38,33,13,36,4,28,26,56,30,47,61,44,40,24,45,39,32,57,33,45,19,39,48,63,30,64,24,31,46,29,64,19,43,25,23
20.93628162,52,53,32,56,50,56,51,42,39,24,63,42,45,6,17,49,27,24,34,6,14,27,23,15,23,15,33,13,23,49,28,26,30,37,22,61,31,51,21,45,62,32,41,33,57,44,39,48,38,2,64,24,31,27,29,27,22,37,8,10
20.94704378,52,17,32,56,50,56,59,42,20,50,30,42,38,6,17,54,27,24,34,6,14,20,8,46,23,15,33,13,50,49,20,26,21,59,47,61,31,27,21,45,53,15,17,37,30,33,39,48,38,37,64,24,31,27,29,27,22,37,12,10
20.9486839,52,49,32,56,50,42,21,42,43,24,30,42,45,10,17,47,27,24,34,6,14,27,51,29,23,44,33,55,50,49,28,63,60,8,47,61,31,19,21,45,12,37,41,33,30,44,39,48,38,62,64,24,31,15,29,27,22,37,5,10
20.95376022,52,55,32,56,12,56,29,47,20,24,30,42,45,6,20,62,27,24,34,6,14,27,51,15,14,15,55,13,50,49,57,26,23,59,47,61,31,33,21,45,33,38,41,33,30,50,39,40,38,37,64,24,31,43,29,27,22,37,8,10
20.96171687,59,47,49,56,50,0,22,32,14,24,58,42,63,18,17,54,27,26,34,6,14,27,31,2,23,38,33,13,23,27,49,26,58,30,47,61,25,40,24,45,32,32,5,33,48,44,39,48,38,30,59,24,10,46,29,24,52,31,12,23
20.96996448,52,8,32,56,2,26,22,42,20,24,30,64,25,6,17,19,29,24,20,6,14,27,51,15,44,15,33,13,41,49,63,19,9,19,47,7,24,49,24,29,33,16,23,33,32,49,42,3,45,37,18,24,31,43,6,27,22,38,29,10
20.97746913,4,45,6,56,43,56,22,32,47,24,43,42,45,18,17,54,27,26,17,0,14,27,31,56,23,38,33,13,36,27,28,26,58,30,2,59,32,40,24,45,32,6,43,60,30,44,39,48,38,30,2,24,31,46,19,64,22,31,8,64
20.99932369,52,44,11,56,50,27,59,51,20,24,30,42,45,6,17,47,27,24,34,6,14,12,23,59,23,15,33,13,41,49,28,0,60,59,47,61,31,27,21,45,42,32,41,33,30,16,39,48,38,13,43,24,31,15,29,27,22,37,8,10
21.00742984,48,17,47,56,50,7,59,42,20,14,42,42,9,6,49,47,27,30,34,6,14,27,51,15,23,15,33,43,50,49,28,26,60,59,0,61,31,49,21,45,33,15,21,33,30,44,39,5,38,37,18,24,31,15,29,29,22,37,30,10
21.02056731,52,17,32,56,39,56,59,42,20,24,30,35,45,6,17,47,27,24,20,8,33,2,51,15,23,15,33,13,63,49,28,26,60,59,47,61,17,27,13,45,33,15,41,33,30,44,39,48,38,37,64,24,57,15,29,27,39,37,40,10
21.02592939,52,17,32,56,50,2,59,42,20,24,43,63,45,46,17,47,27,11,34,6,14,55,51,26,23,15,33,13,50,49,20,26,23,59,22,38,31,53,21,45,33,15,57,33,30,30,39,48,38,37,64,24,10,15,29,27,22,37,49,48
21.06816872,52,50,32,56,50,63,59,42,20,24,30,42,45,6,17,47,27,24,34,6,44,42,51,40,51,58,33,13,50,49,28,26,13,59,47,61,26,12,21,45,32,15,41,33,30,44,39,48,38,37,64,24,10,15,29,27,62,37,29,10
21.08838838,59,47,63,56,2,56,10,32,14,24,43,42,45,18,17,54,27,11,34,6,14,27,31,56,11,38,33,13,36,33,31,26,58,30,47,61,10,40,24,45,32,32,56,33,57,44,39,48,38,30,59,24,31,46,29,64,21,5,16,23
21.09743588,52,59,36,56,50,44,59,42,20,24,30,52,45,6,17,47,6,24,4,45,14,58,51,26,23,0,60,13,58,49,33,26,60,20,47,61,31,26,21,45,33,38,41,33,30,44,39,48,38,37,64,24,31,15,29,27,22,37,8,41
21.10565689,52,17,32,1,50,56,59,42,20,24,30,6,48,6,17,19,27,24,34,11,14,27,51,15,23,38,33,25,45,37,28,26,60,59,47,61,31,27,21,45,48,18,41,33,45,44,24,48,38,37,64,24,31,15,8,56,11,19,8,10
21.12413529,64,47,49,7,43,56,53,32,62,24,43,42,45,18,17,54,27,26,47,6,14,27,21,56,23,38,0,13,55,27,49,26,58,30,47,61,32,40,24,45,32,32,29,33,6,44,39,48,38,30,59,63,31,46,29,64,59,31,14,23
21.12450593,52,17,32,56,50,56,59,42,14,24,30,42,45,6,17,47,27,24,34,48,14,27,51,15,23,15,18,25,41,10,25,26,60,59,47,61,14,27,17,45,33,15,41,33,30,61,39,48,38,55,64,24,31,17,29,12,22,37,8,10
21.1261372,52,14,44,56,16,56,59,22,20,24,43,42,45,6,17,47,14,24,34,6,14,27,51,15,23,15,28,13,50,49,51,26,60,58,47,61,31,27,23,15,33,15,41,33,32,44,39,48,45,37,64,24,31,15,29,27,22,43,8,10
21.12948736,52,51,32,56,2,26,17,53,34,52,53,42,45,6,17,19,29,24,34,0,32,27,51,15,23,17,33,28,41,49,28,8,60,59,22,12,2,49,24,45,53,32,23,33,30,8,14,48,38,37,64,24,31,1,6,27,22,38,40,10
21.13067148,52,17,32,56,50,56,59,31,20,24,30,42,3,6,17,47,6,24,34,48,30,49,51,15,4,0,9,13,41,17,28,26,60,59,47,61,31,27,52,45,33,41,41,33,30,44,39,48,38,6,64,26,31,15,29,27,22,54,23,23
21.13195259,52,8,32,56,50,56,9,60,20,24,30,42,45,6,17,47,27,24,34,6,14,27,51,15,62,15,33,13,50,49,28,26,60,59,47,53,31,9,21,45,20,48,41,33,30,44,39,48,38,42,32,24,31,2,29,17,22,37,8,10
21.13551659,52,17,32,40,50,14,59,42,20,24,30,42,45,6,17,47,22,24,34,6,14,27,51,15,23,15,33,13,50,49,28,19,60,59,47,38,31,27,21,2,33,15,31,33,16,44,0,48,49,37,64,39,31,15,62,27,22,14,8,10
21.13686638,11,48,32,23,2,26,22,42,20,24,37,33,45,6,48,19,29,19,7,6,32,44,51,15,23,15,2,13,13,49,51,19,50,59,47,61,24,49,24,12,20,4,17,33,30,44,42,48,38,37,64,24,31,43,6,27,45,38,40,10
21.16774709,52,17,47,56,50,2,59,42,20,24,30,42,45,6,17,47,27,52,34,6,14,27,51,15,31,15,33,31,50,49,63,26,58,59,55,61,31,27,21,36,33,40,55,33,30,44,39,48,38,55,64,24,59,15,29,27,22,43,17,10
21.16789947,52,17,32,56,50,56,59,52,20,9,30,52,45,18,17,47,27,24,34,6,62,27,51,15,23,15,33,13,20,3,28,55,60,59,47,61,24,27,21,45,20,15,41,33,26,44,31,48,55,37,64,24,31,15,29,27,22,37,21,10
21.19326596,52,8,32,56,50,56,8,56,14,24,30,42,2,18,48,54,27,11,34,6,14,27,51,18,23,38,33,13,36,27,28,26,60,43,47,61,53,63,24,45,15,32,41,33,30,44,39,48,38,11,64,24,31,15,29,64,22,37,8,64
21.21377825,52,51,32,56,50,56,59,42,17,24,30,5,45,27,17,47,39,12,64,6,14,27,51,15,23,38,25,13,63,49,28,26,60,59,47,61,38,27,9,37,33,15,41,33,30,44,39,48,38,33,64,24,31,15,29,8,0,37,8,10