branin,x_0,x_1,x_2,x_3,x_4,x_5,x_6,x_7,x_8,x_9,x_10,x_11,x_12,x_13,x_14,x_15,x_16,x_17,x_18,x_19,x_20,x_21,x_22,x_23,x_24,x_25,x_26,x_27,x_28,x_29,x_30,x_31
701.9848735211857,6.0,12.0,9.0,7.0,15.0,7.0,11.0,12.0,4.0,0.0,4.0,14.0,3.0,7.0,1.0,9.0,15.0,13.0,6.0,3.0,13.0,6.0,5.0,1.0,3.0,10.0,1.0,10.0,12.0,3.0,14.0,7.0
577.6992232444858,13.0,4.0,9.0,7.0,15.0,7.0,15.0,13.0,4.0,0.0,4.0,7.0,14.0,7.0,4.0,9.0,15.0,13.0,6.0,2.0,13.0,6.0,5.0,10.0,2.0,10.0,7.0,9.0,5.0,3.0,5.0,7.0
729.3857774786036,6.0,4.0,7.0,1.0,0.0,7.0,15.0,12.0,4.0,0.0,9.0,3.0,14.0,7.0,8.0,9.0,15.0,13.0,6.0,9.0,15.0,6.0,5.0,10.0,8.0,10.0,4.0,14.0,5.0,3.0,5.0,3.0
964.447021308428,6.0,12.0,9.0,7.0,0.0,11.0,11.0,11.0,4.0,15.0,9.0,15.0,14.0,7.0,8.0,7.0,15.0,13.0,10.0,3.0,13.0,10.0,5.0,4.0,2.0,10.0,14.0,14.0,5.0,3.0,15.0,3.0
975.6718038944987,6.0,1.0,7.0,14.0,0.0,7.0,11.0,11.0,4.0,5.0,9.0,14.0,14.0,7.0,4.0,7.0,15.0,8.0,5.0,3.0,3.0,6.0,5.0,10.0,8.0,10.0,12.0,10.0,5.0,14.0,5.0,3.0
903.6420528255418,11.0,4.0,9.0,12.0,15.0,7.0,15.0,13.0,4.0,15.0,4.0,2.0,14.0,7.0,4.0,9.0,15.0,13.0,14.0,2.0,13.0,6.0,8.0,10.0,8.0,10.0,7.0,9.0,12.0,14.0,5.0,7.0
652.8603092286293,8.0,4.0,9.0,7.0,0.0,7.0,11.0,0.0,4.0,0.0,4.0,14.0,14.0,7.0,1.0,7.0,2.0,13.0,14.0,2.0,13.0,6.0,12.0,9.0,8.0,10.0,7.0,10.0,5.0,3.0,5.0,7.0
687.4842155579738,13.0,4.0,9.0,7.0,5.0,7.0,15.0,11.0,10.0,15.0,4.0,6.0,14.0,7.0,12.0,9.0,15.0,6.0,6.0,2.0,3.0,6.0,5.0,10.0,3.0,10.0,10.0,10.0,5.0,3.0,5.0,7.0
815.8566530772288,11.0,4.0,9.0,12.0,15.0,7.0,11.0,11.0,4.0,15.0,4.0,15.0,14.0,7.0,4.0,7.0,15.0,13.0,6.0,2.0,13.0,6.0,5.0,1.0,8.0,10.0,7.0,11.0,5.0,3.0,15.0,7.0
704.6704062935877,6.0,4.0,8.0,7.0,15.0,7.0,15.0,0.0,4.0,15.0,9.0,15.0,14.0,7.0,1.0,9.0,15.0,13.0,6.0,9.0,13.0,6.0,5.0,10.0,2.0,10.0,12.0,9.0,5.0,3.0,7.0,7.0
781.7653870982092,13.0,12.0,8.0,7.0,0.0,7.0,15.0,7.0,10.0,0.0,14.0,7.0,14.0,11.0,8.0,9.0,15.0,15.0,6.0,3.0,15.0,6.0,1.0,10.0,2.0,10.0,7.0,9.0,5.0,14.0,5.0,7.0
617.5976782884737,13.0,6.0,3.0,7.0,0.0,11.0,15.0,13.0,4.0,0.0,4.0,7.0,14.0,1.0,1.0,9.0,15.0,13.0,6.0,3.0,15.0,6.0,12.0,10.0,2.0,10.0,5.0,9.0,12.0,2.0,5.0,7.0
813.535365088453,13.0,1.0,9.0,7.0,0.0,1.0,15.0,13.0,11.0,0.0,14.0,7.0,14.0,0.0,7.0,9.0,15.0,13.0,5.0,2.0,15.0,6.0,14.0,10.0,2.0,10.0,7.0,9.0,6.0,3.0,5.0,2.0
827.2981631033969,13.0,12.0,5.0,7.0,4.0,7.0,15.0,13.0,4.0,0.0,9.0,7.0,14.0,11.0,8.0,9.0,2.0,13.0,6.0,2.0,3.0,6.0,14.0,10.0,2.0,3.0,7.0,9.0,2.0,3.0,5.0,2.0
493.49023016722487,13.0,4.0,7.0,7.0,4.0,15.0,15.0,13.0,4.0,3.0,9.0,2.0,14.0,7.0,2.0,9.0,15.0,13.0,6.0,2.0,3.0,10.0,4.0,10.0,3.0,10.0,4.0,9.0,12.0,3.0,5.0,7.0
629.5055183108085,13.0,4.0,9.0,7.0,15.0,8.0,15.0,13.0,11.0,3.0,4.0,3.0,14.0,7.0,4.0,9.0,0.0,13.0,5.0,2.0,3.0,8.0,14.0,10.0,3.0,7.0,7.0,9.0,1.0,3.0,5.0,3.0
742.7007882903005,8.0,4.0,9.0,7.0,15.0,8.0,15.0,13.0,4.0,0.0,8.0,11.0,3.0,1.0,7.0,9.0,15.0,13.0,5.0,2.0,13.0,3.0,14.0,10.0,2.0,10.0,7.0,9.0,12.0,3.0,5.0,2.0
585.3616848548077,13.0,4.0,7.0,7.0,15.0,10.0,15.0,13.0,4.0,11.0,9.0,11.0,14.0,7.0,4.0,9.0,2.0,13.0,5.0,2.0,3.0,8.0,12.0,10.0,2.0,7.0,5.0,9.0,6.0,3.0,5.0,3.0
846.8111690354509,13.0,3.0,5.0,13.0,4.0,11.0,15.0,13.0,4.0,0.0,9.0,11.0,14.0,7.0,1.0,9.0,0.0,13.0,5.0,2.0,13.0,8.0,12.0,10.0,2.0,10.0,7.0,9.0,1.0,3.0,5.0,3.0
698.2591537614511,13.0,4.0,7.0,7.0,15.0,8.0,15.0,13.0,4.0,0.0,4.0,2.0,14.0,6.0,1.0,9.0,15.0,13.0,6.0,2.0,13.0,3.0,14.0,10.0,2.0,10.0,1.0,4.0,12.0,3.0,5.0,3.0
746.3986641879293,6.0,4.0,7.0,7.0,5.0,3.0,15.0,13.0,4.0,0.0,4.0,2.0,14.0,14.0,1.0,9.0,2.0,13.0,5.0,2.0,13.0,10.0,5.0,10.0,2.0,10.0,4.0,9.0,2.0,3.0,5.0,3.0
515.2824813221816,13.0,4.0,3.0,7.0,15.0,7.0,15.0,13.0,4.0,0.0,3.0,2.0,3.0,7.0,1.0,9.0,15.0,6.0,6.0,2.0,3.0,10.0,4.0,10.0,2.0,10.0,7.0,9.0,3.0,3.0,5.0,3.0
876.4994455108409,13.0,4.0,3.0,7.0,15.0,13.0,15.0,13.0,4.0,0.0,3.0,2.0,3.0,7.0,4.0,14.0,0.0,13.0,5.0,9.0,13.0,14.0,5.0,10.0,2.0,10.0,7.0,9.0,2.0,3.0,5.0,12.0
593.3592009684241,13.0,4.0,9.0,7.0,5.0,13.0,2.0,13.0,4.0,0.0,9.0,7.0,3.0,7.0,4.0,9.0,15.0,13.0,5.0,2.0,13.0,6.0,12.0,10.0,3.0,10.0,4.0,9.0,12.0,3.0,5.0,2.0
1038.760557500609,6.0,4.0,7.0,14.0,14.0,1.0,3.0,13.0,4.0,0.0,9.0,14.0,14.0,7.0,12.0,9.0,15.0,13.0,2.0,2.0,13.0,10.0,12.0,10.0,2.0,2.0,7.0,9.0,15.0,3.0,5.0,2.0
850.645152285265,13.0,6.0,9.0,7.0,15.0,13.0,15.0,13.0,11.0,10.0,4.0,7.0,5.0,7.0,4.0,9.0,15.0,13.0,6.0,2.0,13.0,6.0,5.0,10.0,2.0,7.0,12.0,14.0,12.0,3.0,5.0,7.0
693.4285874067009,13.0,4.0,9.0,7.0,15.0,8.0,15.0,13.0,4.0,0.0,8.0,11.0,5.0,7.0,4.0,9.0,15.0,6.0,6.0,2.0,3.0,6.0,12.0,10.0,7.0,2.0,7.0,9.0,1.0,3.0,9.0,2.0
883.2699165105382,13.0,4.0,9.0,14.0,15.0,11.0,15.0,13.0,4.0,0.0,8.0,7.0,3.0,7.0,4.0,9.0,11.0,13.0,6.0,2.0,3.0,6.0,14.0,10.0,2.0,10.0,12.0,9.0,3.0,3.0,5.0,5.0
472.9052600766953,13.0,1.0,9.0,7.0,15.0,8.0,15.0,13.0,4.0,3.0,3.0,14.0,14.0,7.0,4.0,9.0,0.0,13.0,10.0,2.0,13.0,6.0,4.0,10.0,2.0,7.0,1.0,9.0,5.0,3.0,5.0,7.0
478.9880509303061,13.0,4.0,9.0,2.0,15.0,1.0,15.0,13.0,4.0,10.0,8.0,7.0,3.0,7.0,4.0,9.0,15.0,13.0,6.0,2.0,13.0,6.0,12.0,0.0,3.0,10.0,7.0,10.0,6.0,3.0,5.0,2.0
546.8359625213014,13.0,1.0,9.0,7.0,5.0,1.0,15.0,13.0,4.0,10.0,7.0,7.0,3.0,6.0,4.0,9.0,15.0,13.0,14.0,2.0,3.0,6.0,5.0,0.0,3.0,7.0,7.0,10.0,12.0,3.0,5.0,7.0
830.5714829534285,13.0,4.0,9.0,14.0,15.0,8.0,15.0,13.0,11.0,10.0,9.0,7.0,3.0,7.0,1.0,9.0,15.0,13.0,6.0,2.0,3.0,6.0,12.0,4.0,3.0,10.0,7.0,10.0,12.0,10.0,5.0,2.0
634.9277148315291,13.0,4.0,9.0,8.0,15.0,1.0,15.0,13.0,4.0,11.0,9.0,7.0,3.0,7.0,1.0,9.0,15.0,13.0,10.0,2.0,3.0,6.0,12.0,0.0,3.0,2.0,12.0,10.0,6.0,4.0,5.0,2.0
618.5829645033552,8.0,4.0,9.0,2.0,5.0,11.0,15.0,13.0,6.0,0.0,9.0,7.0,3.0,7.0,4.0,9.0,15.0,13.0,6.0,2.0,3.0,6.0,12.0,0.0,3.0,10.0,7.0,10.0,12.0,11.0,5.0,2.0
794.9968673049824,13.0,6.0,9.0,7.0,15.0,11.0,10.0,13.0,11.0,10.0,9.0,7.0,3.0,7.0,4.0,9.0,15.0,13.0,6.0,2.0,13.0,6.0,12.0,0.0,3.0,10.0,12.0,10.0,3.0,3.0,5.0,2.0
331.3874602603555,13.0,4.0,3.0,2.0,14.0,1.0,2.0,13.0,4.0,11.0,8.0,7.0,14.0,6.0,4.0,9.0,15.0,6.0,5.0,9.0,10.0,6.0,8.0,0.0,3.0,9.0,7.0,9.0,6.0,3.0,5.0,8.0
543.7127708514872,13.0,9.0,3.0,2.0,15.0,1.0,15.0,13.0,4.0,6.0,8.0,8.0,14.0,0.0,4.0,9.0,15.0,6.0,6.0,2.0,13.0,8.0,14.0,0.0,3.0,2.0,1.0,9.0,6.0,3.0,5.0,3.0
501.00503392590997,13.0,1.0,9.0,2.0,7.0,1.0,15.0,13.0,4.0,3.0,8.0,7.0,14.0,6.0,4.0,9.0,15.0,6.0,14.0,2.0,13.0,8.0,12.0,10.0,3.0,8.0,12.0,9.0,6.0,3.0,5.0,7.0
587.6454324665633,13.0,3.0,7.0,2.0,15.0,1.0,15.0,13.0,4.0,3.0,8.0,7.0,11.0,6.0,4.0,9.0,15.0,6.0,10.0,2.0,13.0,8.0,5.0,0.0,3.0,3.0,7.0,14.0,6.0,3.0,5.0,4.0
518.7100012187037,13.0,1.0,3.0,2.0,4.0,1.0,15.0,13.0,4.0,11.0,8.0,7.0,11.0,0.0,4.0,9.0,15.0,8.0,6.0,2.0,13.0,8.0,14.0,0.0,3.0,7.0,7.0,9.0,6.0,3.0,5.0,4.0
755.0976415902164,13.0,6.0,9.0,2.0,14.0,1.0,15.0,13.0,4.0,10.0,8.0,11.0,5.0,6.0,4.0,9.0,0.0,6.0,14.0,9.0,13.0,8.0,5.0,0.0,3.0,7.0,12.0,10.0,3.0,3.0,5.0,2.0
567.1016543386589,13.0,3.0,9.0,2.0,14.0,1.0,15.0,0.0,4.0,10.0,8.0,14.0,3.0,6.0,4.0,9.0,15.0,15.0,14.0,9.0,13.0,8.0,12.0,0.0,3.0,7.0,7.0,9.0,6.0,3.0,9.0,5.0
479.91189482501744,13.0,6.0,9.0,2.0,7.0,1.0,15.0,0.0,4.0,0.0,8.0,3.0,14.0,7.0,4.0,14.0,0.0,13.0,5.0,2.0,13.0,8.0,12.0,0.0,3.0,4.0,7.0,10.0,6.0,3.0,5.0,3.0
714.1724296533484,13.0,4.0,8.0,2.0,7.0,1.0,9.0,13.0,4.0,0.0,8.0,14.0,5.0,7.0,4.0,9.0,0.0,13.0,5.0,7.0,13.0,6.0,14.0,0.0,3.0,2.0,7.0,14.0,6.0,3.0,5.0,7.0
669.4009662161894,13.0,6.0,9.0,2.0,4.0,1.0,15.0,13.0,4.0,10.0,8.0,14.0,14.0,1.0,4.0,9.0,15.0,13.0,14.0,1.0,13.0,6.0,12.0,0.0,3.0,8.0,12.0,9.0,6.0,3.0,9.0,8.0
700.1928290817183,13.0,9.0,7.0,2.0,15.0,1.0,15.0,13.0,4.0,10.0,8.0,8.0,3.0,7.0,4.0,15.0,0.0,6.0,14.0,2.0,13.0,10.0,14.0,9.0,3.0,10.0,7.0,10.0,6.0,3.0,5.0,1.0
333.3447574528914,13.0,4.0,9.0,2.0,15.0,1.0,15.0,3.0,4.0,3.0,8.0,11.0,3.0,11.0,4.0,9.0,15.0,6.0,5.0,7.0,13.0,6.0,12.0,0.0,3.0,7.0,12.0,4.0,6.0,3.0,5.0,2.0
810.1913605036383,13.0,15.0,5.0,2.0,15.0,1.0,15.0,13.0,4.0,3.0,8.0,14.0,3.0,7.0,4.0,9.0,0.0,15.0,4.0,2.0,13.0,6.0,12.0,0.0,3.0,7.0,12.0,10.0,6.0,3.0,5.0,2.0
573.6429145270567,13.0,4.0,9.0,2.0,14.0,1.0,15.0,12.0,4.0,10.0,8.0,14.0,5.0,7.0,4.0,9.0,11.0,13.0,14.0,3.0,13.0,6.0,14.0,0.0,3.0,10.0,10.0,4.0,6.0,3.0,5.0,2.0
557.2422276513021,7.0,3.0,5.0,2.0,15.0,1.0,15.0,12.0,4.0,10.0,8.0,4.0,3.0,1.0,4.0,9.0,2.0,13.0,14.0,9.0,13.0,6.0,12.0,0.0,3.0,7.0,10.0,14.0,6.0,3.0,14.0,3.0
505.8639041785804,3.0,4.0,9.0,2.0,15.0,1.0,15.0,0.0,4.0,3.0,8.0,11.0,3.0,6.0,4.0,9.0,0.0,15.0,14.0,7.0,13.0,8.0,8.0,0.0,3.0,7.0,1.0,4.0,6.0,3.0,5.0,12.0
566.0541780897918,13.0,4.0,9.0,2.0,15.0,1.0,15.0,12.0,4.0,3.0,8.0,11.0,3.0,6.0,4.0,9.0,15.0,6.0,5.0,9.0,13.0,6.0,4.0,0.0,3.0,2.0,12.0,9.0,6.0,3.0,7.0,3.0
596.6825019218654,13.0,4.0,5.0,2.0,15.0,1.0,15.0,3.0,4.0,3.0,8.0,11.0,3.0,11.0,4.0,9.0,7.0,6.0,5.0,11.0,13.0,6.0,4.0,0.0,3.0,7.0,12.0,14.0,6.0,3.0,5.0,3.0
422.3344817760337,2.0,9.0,9.0,2.0,15.0,1.0,15.0,0.0,4.0,3.0,8.0,14.0,3.0,6.0,4.0,9.0,10.0,6.0,5.0,7.0,13.0,6.0,12.0,0.0,3.0,8.0,1.0,9.0,6.0,3.0,5.0,7.0
682.5064935278349,13.0,1.0,11.0,2.0,15.0,1.0,2.0,0.0,4.0,3.0,8.0,11.0,3.0,11.0,4.0,9.0,0.0,6.0,5.0,9.0,13.0,6.0,12.0,0.0,3.0,7.0,12.0,10.0,6.0,3.0,5.0,3.0
560.5323322518982,13.0,6.0,9.0,2.0,15.0,1.0,2.0,3.0,4.0,3.0,8.0,3.0,11.0,11.0,4.0,9.0,15.0,13.0,14.0,7.0,5.0,3.0,12.0,0.0,3.0,7.0,4.0,4.0,6.0,3.0,5.0,2.0
649.4109536923451,13.0,12.0,5.0,2.0,15.0,1.0,1.0,3.0,4.0,3.0,8.0,14.0,3.0,11.0,4.0,9.0,10.0,6.0,5.0,7.0,13.0,3.0,12.0,0.0,3.0,7.0,7.0,4.0,6.0,3.0,5.0,2.0
542.4404609387097,13.0,4.0,5.0,2.0,15.0,1.0,4.0,3.0,4.0,11.0,8.0,11.0,0.0,11.0,4.0,9.0,0.0,6.0,14.0,7.0,13.0,6.0,12.0,0.0,3.0,7.0,1.0,14.0,6.0,3.0,5.0,2.0
507.90956738129506,13.0,3.0,3.0,2.0,15.0,1.0,2.0,3.0,4.0,3.0,8.0,3.0,3.0,11.0,4.0,9.0,10.0,6.0,14.0,7.0,13.0,10.0,12.0,0.0,10.0,7.0,12.0,4.0,6.0,3.0,5.0,2.0
847.4454326083935,13.0,3.0,7.0,2.0,0.0,1.0,15.0,3.0,4.0,3.0,8.0,14.0,14.0,11.0,4.0,9.0,0.0,6.0,2.0,7.0,13.0,6.0,12.0,0.0,3.0,7.0,7.0,4.0,6.0,3.0,5.0,2.0
578.4409329146815,13.0,4.0,9.0,2.0,15.0,11.0,15.0,0.0,4.0,13.0,8.0,11.0,3.0,11.0,4.0,14.0,15.0,15.0,5.0,7.0,13.0,3.0,12.0,0.0,3.0,8.0,12.0,4.0,6.0,3.0,5.0,12.0
662.4057412957271,13.0,4.0,9.0,2.0,15.0,11.0,3.0,5.0,10.0,10.0,8.0,11.0,3.0,1.0,4.0,3.0,2.0,8.0,5.0,2.0,13.0,11.0,14.0,0.0,3.0,7.0,12.0,4.0,6.0,3.0,5.0,12.0
625.5923195083009,9.0,4.0,9.0,2.0,15.0,1.0,4.0,7.0,4.0,0.0,8.0,11.0,3.0,11.0,4.0,14.0,15.0,13.0,5.0,7.0,13.0,8.0,12.0,10.0,3.0,7.0,12.0,4.0,6.0,3.0,5.0,12.0
707.8532582579654,6.0,4.0,9.0,2.0,15.0,1.0,2.0,0.0,4.0,0.0,8.0,11.0,3.0,11.0,4.0,15.0,15.0,15.0,5.0,2.0,13.0,8.0,14.0,0.0,3.0,7.0,12.0,4.0,6.0,3.0,5.0,7.0
409.21038672391825,13.0,4.0,9.0,2.0,15.0,1.0,2.0,13.0,4.0,6.0,8.0,11.0,3.0,11.0,4.0,14.0,15.0,4.0,5.0,3.0,13.0,1.0,12.0,1.0,3.0,7.0,12.0,10.0,6.0,3.0,5.0,1.0
807.0309786216105,13.0,4.0,9.0,2.0,15.0,10.0,15.0,3.0,10.0,10.0,8.0,11.0,3.0,1.0,4.0,9.0,15.0,13.0,5.0,7.0,13.0,11.0,12.0,0.0,2.0,4.0,12.0,9.0,6.0,11.0,5.0,2.0
789.003734914023,13.0,4.0,9.0,7.0,15.0,1.0,15.0,3.0,14.0,15.0,8.0,11.0,5.0,1.0,4.0,14.0,15.0,8.0,5.0,7.0,13.0,10.0,12.0,0.0,3.0,14.0,12.0,10.0,6.0,14.0,5.0,4.0
782.5674188432499,13.0,4.0,9.0,13.0,15.0,11.0,15.0,3.0,4.0,11.0,8.0,11.0,3.0,7.0,4.0,14.0,15.0,13.0,5.0,7.0,15.0,8.0,12.0,0.0,3.0,8.0,12.0,10.0,6.0,14.0,5.0,4.0
489.9437628125192,13.0,6.0,9.0,7.0,15.0,1.0,15.0,3.0,4.0,3.0,8.0,11.0,3.0,7.0,4.0,9.0,15.0,6.0,5.0,7.0,13.0,10.0,12.0,0.0,2.0,8.0,12.0,10.0,6.0,3.0,5.0,5.0
569.5569835140673,13.0,4.0,9.0,2.0,15.0,11.0,15.0,3.0,4.0,3.0,8.0,3.0,3.0,0.0,4.0,9.0,15.0,13.0,5.0,4.0,15.0,8.0,12.0,0.0,3.0,8.0,12.0,10.0,6.0,3.0,5.0,2.0
858.957853472986,13.0,12.0,9.0,2.0,15.0,1.0,15.0,13.0,6.0,3.0,12.0,11.0,3.0,0.0,4.0,9.0,15.0,6.0,5.0,4.0,13.0,10.0,12.0,0.0,3.0,7.0,12.0,14.0,6.0,3.0,5.0,2.0
533.6882890318303,13.0,6.0,9.0,2.0,15.0,1.0,15.0,4.0,14.0,10.0,3.0,7.0,3.0,0.0,8.0,9.0,15.0,6.0,5.0,3.0,13.0,10.0,12.0,10.0,3.0,7.0,1.0,10.0,6.0,3.0,15.0,2.0
802.5542049995964,13.0,6.0,9.0,2.0,15.0,1.0,15.0,13.0,6.0,6.0,3.0,3.0,3.0,11.0,8.0,9.0,15.0,6.0,5.0,7.0,13.0,6.0,1.0,1.0,2.0,4.0,12.0,14.0,6.0,3.0,5.0,2.0
465.6051376496467,13.0,4.0,9.0,2.0,15.0,1.0,15.0,7.0,6.0,3.0,12.0,3.0,3.0,11.0,8.0,9.0,15.0,6.0,5.0,2.0,10.0,10.0,12.0,0.0,2.0,10.0,12.0,13.0,6.0,3.0,8.0,2.0
646.3238387022462,13.0,4.0,9.0,2.0,7.0,1.0,15.0,13.0,10.0,3.0,8.0,11.0,3.0,0.0,4.0,9.0,15.0,6.0,5.0,7.0,13.0,10.0,12.0,0.0,2.0,7.0,4.0,9.0,1.0,3.0,8.0,2.0
680.4679342196741,13.0,1.0,9.0,2.0,15.0,10.0,15.0,3.0,4.0,10.0,8.0,12.0,11.0,11.0,8.0,9.0,15.0,8.0,5.0,3.0,13.0,6.0,12.0,10.0,3.0,7.0,12.0,10.0,6.0,3.0,5.0,2.0
465.7085039218996,13.0,12.0,9.0,2.0,15.0,1.0,15.0,9.0,4.0,3.0,14.0,3.0,9.0,11.0,2.0,9.0,2.0,13.0,5.0,3.0,13.0,6.0,12.0,0.0,3.0,7.0,12.0,1.0,6.0,3.0,5.0,2.0
812.1566780183277,13.0,6.0,9.0,2.0,15.0,1.0,15.0,15.0,4.0,3.0,12.0,11.0,11.0,1.0,12.0,9.0,2.0,6.0,5.0,4.0,13.0,6.0,12.0,0.0,3.0,4.0,12.0,14.0,6.0,3.0,5.0,2.0
474.88203146899343,8.0,1.0,9.0,2.0,15.0,1.0,15.0,7.0,4.0,10.0,14.0,2.0,5.0,11.0,4.0,9.0,15.0,8.0,5.0,2.0,13.0,3.0,12.0,10.0,3.0,7.0,12.0,12.0,6.0,3.0,5.0,3.0
568.7914975389135,13.0,1.0,9.0,2.0,15.0,1.0,15.0,3.0,4.0,6.0,7.0,3.0,11.0,11.0,12.0,9.0,15.0,6.0,5.0,11.0,13.0,6.0,12.0,0.0,3.0,4.0,12.0,12.0,6.0,3.0,5.0,2.0
454.4496411522809,13.0,4.0,9.0,2.0,15.0,1.0,15.0,4.0,4.0,3.0,8.0,3.0,3.0,1.0,8.0,9.0,2.0,4.0,5.0,5.0,13.0,1.0,12.0,9.0,3.0,7.0,12.0,4.0,6.0,3.0,5.0,2.0
302.9391872668988,13.0,6.0,9.0,2.0,15.0,1.0,15.0,4.0,14.0,3.0,8.0,3.0,3.0,4.0,4.0,9.0,15.0,7.0,6.0,2.0,13.0,6.0,12.0,0.0,3.0,4.0,12.0,4.0,6.0,3.0,5.0,2.0
479.5386129743951,13.0,6.0,3.0,2.0,15.0,1.0,15.0,4.0,4.0,3.0,12.0,3.0,3.0,14.0,4.0,9.0,15.0,8.0,5.0,2.0,13.0,6.0,12.0,10.0,3.0,7.0,12.0,4.0,6.0,3.0,5.0,2.0
629.8906274333428,11.0,4.0,9.0,2.0,4.0,1.0,15.0,13.0,4.0,3.0,12.0,2.0,11.0,11.0,8.0,9.0,2.0,13.0,5.0,2.0,13.0,3.0,12.0,10.0,3.0,7.0,12.0,4.0,6.0,3.0,5.0,5.0
526.1747236624408,13.0,4.0,5.0,2.0,15.0,1.0,4.0,7.0,4.0,3.0,8.0,3.0,9.0,11.0,4.0,9.0,15.0,13.0,5.0,2.0,13.0,6.0,12.0,5.0,3.0,7.0,12.0,9.0,6.0,3.0,14.0,3.0
481.7893284059541,7.0,4.0,9.0,2.0,15.0,1.0,15.0,7.0,4.0,3.0,8.0,7.0,3.0,11.0,8.0,9.0,7.0,6.0,5.0,2.0,13.0,6.0,12.0,0.0,3.0,10.0,12.0,14.0,6.0,3.0,5.0,2.0
464.2229140804083,13.0,4.0,9.0,2.0,15.0,1.0,15.0,13.0,14.0,10.0,8.0,2.0,3.0,11.0,4.0,9.0,2.0,6.0,5.0,3.0,13.0,6.0,12.0,10.0,3.0,4.0,1.0,14.0,6.0,3.0,14.0,3.0
740.4302067613135,13.0,1.0,9.0,2.0,4.0,1.0,15.0,13.0,6.0,15.0,8.0,7.0,3.0,11.0,4.0,9.0,15.0,3.0,5.0,9.0,13.0,6.0,12.0,10.0,3.0,10.0,12.0,14.0,6.0,3.0,5.0,2.0
567.825993986447,13.0,6.0,9.0,2.0,15.0,1.0,15.0,13.0,4.0,10.0,8.0,7.0,3.0,11.0,8.0,9.0,11.0,13.0,5.0,7.0,13.0,6.0,8.0,0.0,3.0,7.0,12.0,7.0,6.0,3.0,5.0,2.0
486.4304335267877,13.0,4.0,9.0,2.0,4.0,1.0,15.0,3.0,4.0,3.0,8.0,2.0,3.0,11.0,8.0,9.0,15.0,8.0,5.0,2.0,13.0,6.0,12.0,9.0,3.0,7.0,12.0,10.0,6.0,3.0,5.0,5.0
292.9775025345337,13.0,4.0,9.0,1.0,15.0,1.0,15.0,8.0,6.0,3.0,8.0,2.0,3.0,11.0,8.0,9.0,7.0,6.0,5.0,7.0,13.0,6.0,12.0,1.0,3.0,7.0,12.0,4.0,6.0,3.0,5.0,2.0
594.5373615239561,13.0,4.0,9.0,2.0,14.0,1.0,15.0,7.0,14.0,3.0,8.0,11.0,3.0,11.0,4.0,9.0,2.0,6.0,4.0,2.0,13.0,11.0,12.0,5.0,3.0,7.0,12.0,14.0,6.0,3.0,5.0,3.0
408.38435641145816,13.0,4.0,9.0,2.0,4.0,1.0,15.0,7.0,14.0,10.0,4.0,7.0,3.0,11.0,8.0,9.0,2.0,8.0,5.0,7.0,13.0,6.0,12.0,5.0,3.0,7.0,12.0,4.0,6.0,3.0,3.0,5.0
403.9918260454073,13.0,4.0,9.0,2.0,4.0,10.0,15.0,7.0,12.0,3.0,8.0,2.0,3.0,11.0,8.0,9.0,15.0,8.0,5.0,7.0,13.0,6.0,12.0,11.0,3.0,7.0,12.0,4.0,6.0,3.0,5.0,3.0
359.9567226098331,13.0,4.0,9.0,2.0,15.0,1.0,15.0,7.0,14.0,3.0,8.0,2.0,3.0,11.0,4.0,9.0,2.0,6.0,5.0,7.0,13.0,6.0,8.0,10.0,3.0,10.0,12.0,10.0,6.0,3.0,5.0,3.0
540.5885891172495,13.0,4.0,5.0,7.0,15.0,1.0,4.0,3.0,4.0,3.0,8.0,2.0,3.0,11.0,8.0,9.0,15.0,6.0,5.0,2.0,10.0,6.0,12.0,1.0,13.0,7.0,12.0,14.0,6.0,3.0,5.0,2.0
428.92251106281856,13.0,6.0,9.0,7.0,15.0,1.0,15.0,7.0,4.0,3.0,8.0,7.0,3.0,11.0,4.0,9.0,2.0,6.0,5.0,3.0,13.0,6.0,1.0,15.0,3.0,7.0,1.0,4.0,6.0,3.0,5.0,5.0
731.6451166768153,13.0,4.0,9.0,2.0,15.0,1.0,15.0,3.0,6.0,10.0,8.0,11.0,3.0,11.0,8.0,9.0,2.0,6.0,5.0,7.0,13.0,6.0,12.0,15.0,3.0,7.0,12.0,14.0,6.0,3.0,5.0,3.0
512.0402597426101,9.0,4.0,9.0,2.0,15.0,1.0,15.0,3.0,9.0,3.0,8.0,11.0,3.0,11.0,8.0,9.0,2.0,6.0,5.0,3.0,13.0,6.0,12.0,0.0,3.0,7.0,12.0,14.0,6.0,3.0,5.0,2.0
583.7956735251261,13.0,4.0,9.0,2.0,4.0,1.0,15.0,3.0,4.0,3.0,8.0,11.0,3.0,11.0,8.0,9.0,11.0,6.0,5.0,2.0,13.0,0.0,12.0,10.0,3.0,7.0,12.0,10.0,6.0,3.0,5.0,3.0
381.806493513795,13.0,4.0,9.0,2.0,15.0,13.0,15.0,2.0,4.0,3.0,8.0,3.0,5.0,11.0,4.0,9.0,15.0,6.0,5.0,3.0,5.0,9.0,8.0,0.0,3.0,10.0,12.0,4.0,6.0,3.0,5.0,2.0
502.6903102184019,13.0,4.0,9.0,7.0,15.0,1.0,15.0,11.0,14.0,3.0,8.0,11.0,11.0,11.0,4.0,9.0,15.0,6.0,5.0,3.0,13.0,3.0,9.0,0.0,3.0,4.0,12.0,4.0,6.0,3.0,5.0,2.0
426.2735952243442,8.0,4.0,9.0,2.0,15.0,1.0,15.0,13.0,4.0,3.0,8.0,2.0,3.0,11.0,4.0,9.0,15.0,6.0,5.0,3.0,6.0,6.0,9.0,0.0,3.0,6.0,1.0,4.0,6.0,3.0,5.0,2.0
736.3571872448099,13.0,4.0,9.0,2.0,4.0,1.0,1.0,11.0,4.0,3.0,3.0,3.0,3.0,11.0,4.0,14.0,15.0,6.0,5.0,2.0,13.0,6.0,1.0,0.0,3.0,4.0,1.0,4.0,6.0,3.0,5.0,2.0
487.356193418,13.0,4.0,9.0,2.0,15.0,7.0,15.0,7.0,14.0,3.0,8.0,7.0,3.0,11.0,4.0,9.0,15.0,6.0,5.0,3.0,13.0,14.0,5.0,0.0,3.0,1.0,12.0,4.0,6.0,3.0,14.0,2.0
521.2068008497331,13.0,6.0,9.0,7.0,15.0,1.0,15.0,13.0,4.0,3.0,8.0,2.0,5.0,11.0,4.0,9.0,15.0,6.0,5.0,2.0,13.0,6.0,8.0,0.0,3.0,9.0,1.0,4.0,6.0,3.0,5.0,2.0
539.5675319567501,13.0,4.0,9.0,2.0,15.0,1.0,15.0,11.0,4.0,3.0,3.0,11.0,3.0,11.0,4.0,9.0,15.0,8.0,5.0,3.0,10.0,6.0,12.0,10.0,3.0,4.0,14.0,10.0,6.0,11.0,5.0,2.0
461.9652053917986,8.0,4.0,9.0,2.0,15.0,1.0,15.0,8.0,4.0,3.0,8.0,11.0,3.0,11.0,4.0,9.0,15.0,6.0,5.0,7.0,7.0,6.0,12.0,0.0,7.0,0.0,1.0,4.0,6.0,11.0,5.0,2.0
379.4766958871162,9.0,4.0,9.0,7.0,4.0,1.0,15.0,5.0,4.0,3.0,8.0,2.0,3.0,11.0,4.0,9.0,15.0,6.0,5.0,7.0,13.0,6.0,8.0,10.0,3.0,15.0,10.0,4.0,2.0,11.0,5.0,2.0
679.236678126775,11.0,6.0,9.0,2.0,15.0,1.0,15.0,13.0,4.0,3.0,8.0,11.0,3.0,11.0,4.0,9.0,15.0,6.0,5.0,2.0,13.0,6.0,12.0,10.0,3.0,0.0,12.0,4.0,6.0,11.0,5.0,2.0
512.9775554831986,11.0,4.0,9.0,2.0,15.0,1.0,15.0,3.0,4.0,3.0,8.0,13.0,3.0,11.0,4.0,14.0,15.0,6.0,6.0,7.0,13.0,6.0,13.0,10.0,3.0,10.0,12.0,10.0,6.0,3.0,14.0,2.0
358.9517687391467,13.0,4.0,9.0,2.0,4.0,1.0,15.0,9.0,4.0,3.0,8.0,2.0,3.0,11.0,4.0,9.0,15.0,3.0,6.0,4.0,10.0,6.0,12.0,1.0,3.0,4.0,12.0,4.0,6.0,3.0,5.0,3.0
388.36783623208436,11.0,4.0,9.0,2.0,4.0,6.0,15.0,0.0,4.0,3.0,15.0,2.0,3.0,11.0,4.0,9.0,2.0,8.0,5.0,3.0,7.0,6.0,12.0,0.0,3.0,4.0,12.0,10.0,6.0,3.0,5.0,2.0
389.06524487047204,13.0,4.0,9.0,2.0,15.0,1.0,3.0,1.0,4.0,3.0,8.0,3.0,3.0,11.0,4.0,9.0,2.0,8.0,5.0,7.0,7.0,6.0,12.0,0.0,3.0,4.0,12.0,4.0,6.0,13.0,14.0,2.0
459.56053541624726,8.0,4.0,9.0,2.0,15.0,1.0,15.0,7.0,4.0,3.0,13.0,11.0,3.0,11.0,4.0,9.0,15.0,3.0,5.0,7.0,13.0,6.0,12.0,0.0,3.0,10.0,1.0,4.0,5.0,11.0,5.0,2.0
490.5868874567599,13.0,4.0,14.0,2.0,4.0,1.0,15.0,3.0,4.0,3.0,8.0,2.0,3.0,11.0,4.0,9.0,15.0,13.0,6.0,3.0,5.0,6.0,12.0,10.0,3.0,4.0,12.0,4.0,3.0,3.0,14.0,2.0
437.1347840531394,13.0,4.0,9.0,2.0,15.0,1.0,3.0,3.0,4.0,3.0,14.0,11.0,3.0,11.0,4.0,9.0,15.0,8.0,10.0,7.0,13.0,6.0,12.0,0.0,3.0,15.0,10.0,4.0,6.0,3.0,5.0,3.0
423.29476776987104,13.0,4.0,9.0,2.0,15.0,1.0,15.0,11.0,4.0,3.0,8.0,3.0,3.0,11.0,4.0,9.0,11.0,4.0,5.0,7.0,10.0,6.0,12.0,0.0,7.0,10.0,12.0,4.0,6.0,11.0,5.0,2.0
722.8569498932955,0.0,4.0,9.0,7.0,5.0,1.0,15.0,3.0,4.0,3.0,8.0,2.0,3.0,11.0,4.0,9.0,15.0,6.0,6.0,14.0,13.0,6.0,12.0,10.0,3.0,4.0,12.0,4.0,6.0,11.0,5.0,2.0
388.63972231702786,9.0,4.0,9.0,2.0,15.0,1.0,15.0,7.0,4.0,3.0,14.0,6.0,3.0,11.0,4.0,9.0,15.0,8.0,5.0,3.0,7.0,6.0,12.0,0.0,3.0,4.0,12.0,10.0,6.0,3.0,5.0,2.0
367.07395805217664,11.0,4.0,9.0,2.0,15.0,1.0,15.0,7.0,14.0,3.0,4.0,2.0,3.0,11.0,4.0,9.0,15.0,3.0,6.0,7.0,13.0,6.0,12.0,10.0,7.0,7.0,12.0,4.0,6.0,3.0,5.0,3.0
344.0416838162963,11.0,4.0,9.0,2.0,15.0,1.0,15.0,9.0,14.0,3.0,8.0,3.0,3.0,11.0,4.0,9.0,15.0,8.0,6.0,7.0,13.0,6.0,12.0,0.0,3.0,7.0,10.0,4.0,6.0,11.0,5.0,12.0
546.5014827775801,13.0,4.0,9.0,2.0,15.0,1.0,4.0,9.0,4.0,3.0,14.0,11.0,3.0,11.0,4.0,9.0,15.0,8.0,5.0,7.0,10.0,6.0,12.0,1.0,3.0,4.0,1.0,4.0,6.0,11.0,5.0,12.0
501.4552879061007,13.0,4.0,9.0,2.0,4.0,1.0,15.0,11.0,4.0,3.0,8.0,11.0,3.0,11.0,4.0,9.0,15.0,3.0,5.0,7.0,13.0,6.0,12.0,10.0,3.0,10.0,14.0,4.0,6.0,1.0,5.0,2.0
356.85104349513824,8.0,4.0,9.0,2.0,15.0,1.0,15.0,9.0,4.0,3.0,8.0,3.0,3.0,11.0,4.0,9.0,15.0,6.0,5.0,7.0,7.0,6.0,12.0,10.0,7.0,4.0,14.0,4.0,6.0,11.0,5.0,2.0
364.973687134704,9.0,4.0,9.0,2.0,4.0,1.0,3.0,8.0,4.0,3.0,4.0,3.0,3.0,11.0,4.0,14.0,15.0,6.0,5.0,7.0,13.0,6.0,12.0,0.0,3.0,10.0,13.0,4.0,6.0,3.0,5.0,3.0
580.6063455720576,8.0,4.0,9.0,2.0,15.0,1.0,15.0,11.0,4.0,3.0,8.0,11.0,3.0,11.0,4.0,14.0,15.0,6.0,6.0,7.0,13.0,6.0,12.0,10.0,3.0,10.0,1.0,4.0,6.0,3.0,5.0,2.0
511.0434724549149,11.0,4.0,9.0,2.0,15.0,13.0,15.0,11.0,4.0,3.0,14.0,2.0,3.0,11.0,4.0,9.0,9.0,3.0,5.0,7.0,13.0,6.0,14.0,10.0,3.0,7.0,12.0,4.0,6.0,11.0,5.0,2.0
350.2468741602684,8.0,4.0,9.0,2.0,15.0,1.0,3.0,11.0,4.0,0.0,3.0,3.0,3.0,11.0,4.0,9.0,15.0,8.0,5.0,5.0,7.0,6.0,12.0,0.0,3.0,7.0,5.0,4.0,6.0,1.0,5.0,2.0
404.09385322668857,9.0,4.0,9.0,2.0,15.0,1.0,15.0,9.0,4.0,3.0,4.0,11.0,3.0,11.0,4.0,14.0,15.0,6.0,5.0,7.0,12.0,6.0,12.0,0.0,13.0,10.0,14.0,4.0,6.0,3.0,5.0,3.0
276.7619745272938,13.0,4.0,9.0,2.0,15.0,1.0,3.0,9.0,4.0,3.0,14.0,7.0,3.0,11.0,4.0,9.0,15.0,6.0,5.0,7.0,7.0,6.0,12.0,0.0,7.0,7.0,12.0,4.0,6.0,4.0,5.0,2.0
405.51401237029495,13.0,4.0,9.0,2.0,6.0,13.0,15.0,8.0,4.0,3.0,14.0,4.0,3.0,11.0,4.0,9.0,15.0,6.0,5.0,7.0,13.0,6.0,12.0,0.0,7.0,7.0,12.0,4.0,6.0,1.0,5.0,12.0
486.20538534562894,13.0,4.0,9.0,2.0,15.0,1.0,15.0,7.0,4.0,3.0,4.0,3.0,3.0,11.0,4.0,9.0,15.0,3.0,5.0,7.0,10.0,6.0,1.0,0.0,7.0,7.0,12.0,4.0,6.0,8.0,15.0,2.0
342.5701080642316,13.0,4.0,9.0,2.0,4.0,1.0,15.0,7.0,4.0,3.0,14.0,8.0,3.0,11.0,4.0,9.0,15.0,6.0,5.0,7.0,7.0,6.0,12.0,0.0,4.0,7.0,12.0,4.0,6.0,4.0,5.0,3.0
495.02363466968814,13.0,4.0,9.0,2.0,15.0,1.0,15.0,3.0,4.0,3.0,8.0,7.0,3.0,11.0,4.0,9.0,15.0,8.0,5.0,7.0,7.0,6.0,1.0,0.0,2.0,4.0,14.0,4.0,6.0,5.0,5.0,3.0
462.12595144184354,13.0,4.0,9.0,2.0,11.0,1.0,3.0,9.0,4.0,3.0,3.0,7.0,3.0,1.0,4.0,9.0,2.0,3.0,5.0,3.0,7.0,6.0,12.0,0.0,7.0,7.0,12.0,4.0,6.0,1.0,5.0,12.0
382.9436157089354,13.0,4.0,9.0,2.0,15.0,1.0,3.0,7.0,4.0,3.0,10.0,7.0,3.0,11.0,4.0,9.0,15.0,8.0,5.0,7.0,7.0,6.0,12.0,0.0,7.0,7.0,12.0,10.0,6.0,4.0,5.0,3.0
272.44585327069495,13.0,4.0,9.0,2.0,15.0,1.0,3.0,7.0,4.0,3.0,14.0,2.0,3.0,11.0,4.0,9.0,15.0,8.0,14.0,7.0,7.0,6.0,12.0,0.0,7.0,4.0,12.0,4.0,6.0,1.0,5.0,3.0
489.0170171757787,13.0,4.0,5.0,2.0,15.0,1.0,3.0,7.0,4.0,3.0,14.0,2.0,3.0,1.0,4.0,9.0,2.0,6.0,5.0,3.0,7.0,6.0,12.0,0.0,10.0,4.0,12.0,10.0,6.0,4.0,5.0,0.0
312.52020421499935,13.0,4.0,9.0,2.0,15.0,1.0,3.0,9.0,14.0,3.0,14.0,7.0,3.0,11.0,4.0,9.0,15.0,8.0,5.0,14.0,7.0,6.0,12.0,0.0,7.0,7.0,10.0,4.0,6.0,1.0,5.0,5.0
379.3483097219886,13.0,4.0,9.0,2.0,15.0,1.0,3.0,7.0,4.0,3.0,4.0,2.0,3.0,11.0,4.0,9.0,15.0,8.0,14.0,3.0,7.0,6.0,12.0,0.0,7.0,4.0,14.0,10.0,6.0,11.0,5.0,11.0
335.6297401929304,13.0,4.0,9.0,2.0,15.0,1.0,3.0,7.0,4.0,3.0,14.0,2.0,3.0,1.0,4.0,9.0,2.0,8.0,4.0,14.0,7.0,6.0,12.0,0.0,7.0,4.0,12.0,4.0,6.0,7.0,9.0,3.0
364.9605819259501,13.0,12.0,9.0,2.0,15.0,1.0,3.0,9.0,4.0,3.0,14.0,2.0,3.0,4.0,4.0,9.0,15.0,8.0,14.0,3.0,7.0,6.0,9.0,0.0,7.0,4.0,12.0,4.0,6.0,1.0,5.0,3.0
312.9559843122023,13.0,4.0,9.0,2.0,15.0,1.0,4.0,7.0,4.0,3.0,14.0,2.0,3.0,1.0,4.0,9.0,15.0,8.0,5.0,7.0,7.0,6.0,12.0,0.0,7.0,4.0,10.0,4.0,6.0,1.0,15.0,3.0
431.57082217982565,13.0,4.0,3.0,2.0,15.0,1.0,3.0,7.0,9.0,3.0,14.0,2.0,3.0,11.0,4.0,9.0,15.0,8.0,5.0,0.0,7.0,6.0,12.0,0.0,7.0,4.0,12.0,10.0,6.0,11.0,5.0,3.0
328.59228729197685,13.0,12.0,9.0,2.0,7.0,1.0,3.0,9.0,4.0,3.0,3.0,7.0,3.0,11.0,4.0,9.0,2.0,8.0,14.0,7.0,7.0,6.0,12.0,0.0,7.0,4.0,14.0,4.0,6.0,1.0,15.0,3.0
334.5630450978348,13.0,12.0,9.0,2.0,15.0,1.0,6.0,7.0,4.0,3.0,14.0,2.0,3.0,7.0,4.0,9.0,15.0,6.0,14.0,7.0,7.0,6.0,12.0,0.0,7.0,4.0,12.0,4.0,6.0,4.0,15.0,3.0
378.879847280195,13.0,4.0,9.0,2.0,15.0,1.0,1.0,7.0,4.0,3.0,14.0,2.0,3.0,14.0,4.0,9.0,2.0,3.0,14.0,7.0,7.0,6.0,12.0,0.0,5.0,4.0,12.0,4.0,6.0,1.0,15.0,3.0
343.8493849723804,13.0,4.0,9.0,2.0,15.0,1.0,4.0,7.0,4.0,3.0,14.0,2.0,3.0,13.0,4.0,9.0,2.0,3.0,14.0,7.0,7.0,7.0,12.0,0.0,7.0,4.0,12.0,4.0,6.0,1.0,5.0,3.0
479.80555389986887,13.0,4.0,9.0,2.0,15.0,1.0,6.0,7.0,4.0,3.0,14.0,7.0,11.0,14.0,4.0,9.0,2.0,8.0,14.0,7.0,7.0,6.0,12.0,0.0,7.0,4.0,14.0,4.0,6.0,11.0,5.0,3.0
364.85815876240446,13.0,4.0,9.0,2.0,15.0,1.0,1.0,7.0,4.0,9.0,14.0,2.0,3.0,4.0,4.0,9.0,2.0,4.0,14.0,7.0,7.0,6.0,12.0,0.0,7.0,4.0,12.0,4.0,6.0,1.0,5.0,3.0
334.51525420222026,13.0,4.0,9.0,2.0,15.0,1.0,3.0,7.0,4.0,4.0,14.0,2.0,3.0,12.0,4.0,9.0,11.0,8.0,14.0,7.0,7.0,6.0,1.0,10.0,7.0,4.0,12.0,4.0,6.0,1.0,3.0,3.0
390.96089240962147,13.0,4.0,9.0,2.0,4.0,1.0,3.0,7.0,4.0,3.0,14.0,3.0,3.0,14.0,4.0,9.0,1.0,4.0,14.0,7.0,7.0,6.0,8.0,0.0,7.0,4.0,12.0,4.0,6.0,1.0,14.0,3.0
412.1638661573572,13.0,4.0,9.0,2.0,4.0,1.0,3.0,8.0,4.0,3.0,14.0,7.0,1.0,11.0,4.0,9.0,2.0,8.0,14.0,7.0,7.0,3.0,12.0,10.0,7.0,4.0,12.0,4.0,6.0,1.0,5.0,3.0
399.5026838486043,13.0,4.0,9.0,7.0,15.0,1.0,1.0,7.0,4.0,3.0,14.0,2.0,3.0,14.0,4.0,9.0,2.0,4.0,14.0,7.0,7.0,6.0,12.0,0.0,7.0,4.0,12.0,4.0,6.0,1.0,5.0,3.0
473.9414428259112,13.0,4.0,9.0,2.0,15.0,12.0,6.0,7.0,4.0,15.0,14.0,2.0,3.0,11.0,4.0,9.0,15.0,8.0,14.0,7.0,7.0,3.0,12.0,0.0,7.0,14.0,14.0,4.0,6.0,1.0,5.0,3.0
282.5068517111481,13.0,4.0,9.0,2.0,15.0,1.0,3.0,7.0,4.0,3.0,14.0,2.0,3.0,11.0,4.0,9.0,2.0,8.0,14.0,3.0,7.0,10.0,12.0,1.0,7.0,2.0,14.0,4.0,6.0,1.0,5.0,12.0
407.6938646073729,13.0,4.0,9.0,2.0,15.0,1.0,3.0,9.0,4.0,3.0,14.0,2.0,9.0,11.0,4.0,9.0,15.0,8.0,14.0,7.0,7.0,10.0,14.0,10.0,14.0,4.0,14.0,4.0,6.0,1.0,5.0,3.0
533.3080569157704,13.0,12.0,9.0,2.0,15.0,1.0,1.0,7.0,4.0,3.0,14.0,2.0,3.0,11.0,4.0,9.0,15.0,8.0,14.0,7.0,7.0,7.0,12.0,0.0,7.0,7.0,12.0,4.0,2.0,1.0,5.0,3.0
462.6676149623909,13.0,12.0,9.0,2.0,15.0,1.0,6.0,7.0,4.0,3.0,3.0,2.0,3.0,4.0,4.0,9.0,15.0,6.0,14.0,7.0,7.0,6.0,12.0,0.0,7.0,4.0,12.0,4.0,6.0,1.0,5.0,3.0
414.7284541845172,13.0,4.0,9.0,2.0,15.0,10.0,3.0,9.0,4.0,3.0,14.0,7.0,3.0,11.0,4.0,9.0,15.0,8.0,14.0,7.0,8.0,6.0,12.0,10.0,7.0,4.0,4.0,4.0,6.0,1.0,5.0,3.0
267.9980831393132,13.0,4.0,9.0,2.0,15.0,3.0,3.0,9.0,4.0,3.0,14.0,2.0,3.0,11.0,4.0,9.0,15.0,8.0,14.0,7.0,7.0,6.0,12.0,0.0,13.0,7.0,12.0,4.0,6.0,1.0,15.0,2.0
341.7334288752615,13.0,4.0,9.0,2.0,15.0,1.0,3.0,9.0,4.0,0.0,14.0,7.0,3.0,11.0,4.0,9.0,9.0,8.0,5.0,7.0,8.0,6.0,12.0,1.0,7.0,4.0,4.0,4.0,6.0,1.0,5.0,3.0
460.14201587537576,13.0,4.0,9.0,2.0,6.0,1.0,3.0,7.0,4.0,3.0,14.0,2.0,3.0,11.0,4.0,9.0,11.0,8.0,5.0,7.0,10.0,6.0,12.0,0.0,7.0,14.0,10.0,4.0,6.0,1.0,5.0,3.0
362.7398821298346,13.0,4.0,9.0,2.0,15.0,1.0,3.0,1.0,4.0,3.0,14.0,2.0,3.0,11.0,4.0,9.0,2.0,8.0,4.0,7.0,7.0,3.0,9.0,10.0,7.0,4.0,10.0,4.0,6.0,1.0,5.0,3.0
426.9151921451307,13.0,4.0,9.0,2.0,15.0,1.0,3.0,7.0,4.0,3.0,14.0,2.0,3.0,11.0,7.0,9.0,11.0,8.0,14.0,7.0,7.0,6.0,12.0,0.0,7.0,4.0,12.0,4.0,6.0,4.0,12.0,12.0
387.79822938949,13.0,1.0,9.0,2.0,15.0,1.0,3.0,9.0,4.0,3.0,14.0,2.0,3.0,11.0,4.0,9.0,12.0,8.0,4.0,7.0,7.0,6.0,14.0,0.0,13.0,7.0,12.0,4.0,6.0,1.0,9.0,12.0
295.38685439746325,13.0,4.0,9.0,2.0,6.0,12.0,3.0,7.0,4.0,3.0,14.0,2.0,3.0,11.0,4.0,9.0,2.0,8.0,4.0,7.0,7.0,6.0,12.0,0.0,7.0,7.0,12.0,4.0,6.0,4.0,15.0,5.0
294.8743272832586,3.0,4.0,9.0,2.0,7.0,1.0,3.0,9.0,4.0,3.0,14.0,2.0,3.0,11.0,4.0,9.0,2.0,8.0,4.0,7.0,7.0,6.0,12.0,0.0,7.0,7.0,12.0,4.0,6.0,1.0,5.0,2.0
358.0194408756531,13.0,4.0,9.0,2.0,7.0,13.0,3.0,7.0,4.0,3.0,14.0,2.0,3.0,11.0,4.0,9.0,2.0,8.0,14.0,7.0,7.0,6.0,12.0,0.0,13.0,4.0,12.0,4.0,6.0,4.0,5.0,2.0
365.30902215965756,13.0,4.0,9.0,2.0,14.0,1.0,3.0,7.0,4.0,3.0,14.0,2.0,9.0,11.0,4.0,9.0,9.0,8.0,14.0,7.0,7.0,0.0,12.0,1.0,7.0,4.0,14.0,4.0,6.0,0.0,5.0,2.0
324.2076796449122,13.0,4.0,9.0,2.0,15.0,1.0,3.0,7.0,4.0,9.0,14.0,2.0,3.0,11.0,4.0,9.0,15.0,8.0,4.0,7.0,7.0,3.0,12.0,0.0,7.0,15.0,14.0,4.0,6.0,1.0,15.0,3.0
279.45633022966643,13.0,4.0,9.0,2.0,15.0,1.0,3.0,7.0,4.0,3.0,14.0,2.0,3.0,11.0,4.0,9.0,9.0,8.0,14.0,7.0,7.0,3.0,12.0,0.0,7.0,4.0,14.0,9.0,6.0,1.0,15.0,2.0
313.1333881307354,13.0,4.0,9.0,2.0,15.0,1.0,3.0,7.0,14.0,3.0,14.0,2.0,11.0,11.0,4.0,9.0,9.0,8.0,14.0,4.0,7.0,3.0,12.0,0.0,7.0,4.0,12.0,4.0,6.0,1.0,15.0,5.0
309.578040373683,13.0,4.0,9.0,2.0,14.0,1.0,3.0,7.0,4.0,3.0,14.0,2.0,3.0,11.0,4.0,9.0,11.0,8.0,5.0,7.0,7.0,1.0,12.0,0.0,7.0,4.0,14.0,4.0,6.0,1.0,5.0,12.0
386.5536803602748,13.0,4.0,9.0,2.0,6.0,1.0,3.0,7.0,4.0,3.0,14.0,2.0,11.0,11.0,7.0,9.0,2.0,8.0,14.0,7.0,7.0,6.0,12.0,0.0,7.0,3.0,12.0,4.0,6.0,8.0,15.0,3.0
407.9265126027854,13.0,4.0,9.0,2.0,15.0,1.0,3.0,7.0,4.0,3.0,14.0,2.0,11.0,11.0,4.0,9.0,8.0,8.0,14.0,7.0,7.0,6.0,12.0,0.0,7.0,7.0,12.0,4.0,5.0,2.0,5.0,3.0
392.3494182284201,13.0,4.0,9.0,2.0,15.0,1.0,3.0,9.0,4.0,3.0,14.0,2.0,11.0,11.0,4.0,9.0,9.0,8.0,14.0,7.0,7.0,3.0,12.0,0.0,13.0,4.0,12.0,4.0,6.0,8.0,5.0,3.0
278.0534932536474,13.0,4.0,9.0,2.0,15.0,1.0,3.0,7.0,4.0,3.0,12.0,2.0,3.0,11.0,4.0,9.0,2.0,8.0,14.0,7.0,7.0,6.0,12.0,0.0,7.0,4.0,12.0,4.0,5.0,7.0,5.0,2.0
316.75137321388434,13.0,4.0,9.0,2.0,15.0,1.0,3.0,7.0,4.0,3.0,14.0,2.0,9.0,11.0,4.0,5.0,2.0,8.0,14.0,7.0,7.0,6.0,14.0,0.0,7.0,4.0,12.0,4.0,6.0,4.0,5.0,5.0
605.4604024692533,13.0,4.0,9.0,2.0,15.0,1.0,3.0,7.0,4.0,3.0,14.0,2.0,11.0,11.0,4.0,9.0,15.0,8.0,14.0,7.0,7.0,10.0,12.0,0.0,7.0,7.0,12.0,4.0,6.0,4.0,0.0,3.0
516.0321996164155,9.0,4.0,9.0,2.0,15.0,1.0,3.0,7.0,13.0,15.0,14.0,2.0,14.0,11.0,4.0,9.0,15.0,8.0,14.0,7.0,7.0,3.0,12.0,0.0,7.0,10.0,12.0,4.0,6.0,4.0,5.0,3.0
278.1725395401959,13.0,4.0,9.0,2.0,15.0,1.0,3.0,7.0,4.0,3.0,14.0,2.0,3.0,11.0,4.0,9.0,15.0,8.0,14.0,7.0,7.0,7.0,12.0,1.0,7.0,7.0,12.0,4.0,6.0,4.0,5.0,3.0
446.99496053035904,13.0,4.0,9.0,2.0,7.0,1.0,3.0,7.0,4.0,15.0,14.0,2.0,3.0,11.0,4.0,9.0,15.0,8.0,5.0,7.0,7.0,6.0,12.0,10.0,7.0,11.0,12.0,4.0,6.0,0.0,5.0,3.0
397.1172276619241,13.0,4.0,9.0,2.0,15.0,1.0,3.0,9.0,4.0,9.0,14.0,2.0,3.0,11.0,4.0,9.0,15.0,8.0,4.0,7.0,7.0,3.0,12.0,0.0,10.0,14.0,12.0,4.0,6.0,1.0,5.0,3.0
603.1734997077905,13.0,4.0,9.0,12.0,4.0,1.0,3.0,9.0,4.0,3.0,14.0,2.0,3.0,11.0,9.0,9.0,2.0,8.0,10.0,7.0,7.0,6.0,6.0,0.0,13.0,4.0,14.0,4.0,2.0,0.0,5.0,2.0
347.3349330450564,13.0,4.0,9.0,2.0,15.0,1.0,3.0,9.0,4.0,3.0,14.0,2.0,3.0,11.0,4.0,6.0,2.0,8.0,14.0,3.0,7.0,6.0,12.0,0.0,5.0,4.0,12.0,9.0,5.0,1.0,5.0,0.0
488.6107482754756,13.0,4.0,5.0,2.0,15.0,1.0,3.0,4.0,4.0,3.0,14.0,7.0,3.0,11.0,4.0,9.0,9.0,3.0,4.0,7.0,7.0,6.0,12.0,0.0,10.0,4.0,12.0,9.0,2.0,1.0,5.0,2.0
459.564520922131,13.0,4.0,9.0,6.0,5.0,1.0,3.0,0.0,4.0,9.0,14.0,7.0,3.0,11.0,4.0,9.0,2.0,8.0,5.0,7.0,7.0,6.0,14.0,0.0,13.0,4.0,12.0,9.0,6.0,1.0,5.0,2.0
257.465389447441,13.0,4.0,9.0,2.0,15.0,1.0,3.0,9.0,4.0,11.0,14.0,2.0,3.0,11.0,4.0,9.0,2.0,8.0,10.0,7.0,7.0,6.0,14.0,0.0,11.0,4.0,12.0,4.0,15.0,1.0,5.0,2.0
233.1328779491612,13.0,4.0,9.0,2.0,7.0,1.0,3.0,9.0,14.0,3.0,14.0,2.0,3.0,11.0,4.0,9.0,9.0,8.0,5.0,2.0,7.0,6.0,12.0,0.0,7.0,4.0,12.0,4.0,15.0,1.0,5.0,5.0
386.0487484760661,11.0,4.0,9.0,2.0,15.0,13.0,3.0,4.0,4.0,3.0,14.0,2.0,3.0,11.0,7.0,9.0,5.0,6.0,4.0,7.0,7.0,6.0,12.0,0.0,7.0,4.0,12.0,4.0,8.0,1.0,5.0,9.0
251.3092457549216,13.0,4.0,9.0,1.0,6.0,1.0,3.0,7.0,4.0,3.0,14.0,2.0,3.0,11.0,7.0,9.0,15.0,3.0,5.0,7.0,7.0,6.0,12.0,0.0,7.0,4.0,14.0,4.0,10.0,1.0,5.0,9.0
339.9653459663239,13.0,4.0,9.0,2.0,7.0,1.0,3.0,7.0,4.0,3.0,14.0,2.0,3.0,11.0,4.0,9.0,9.0,8.0,4.0,2.0,7.0,6.0,12.0,8.0,7.0,0.0,12.0,4.0,14.0,1.0,5.0,5.0
344.3249880087826,13.0,4.0,9.0,2.0,15.0,1.0,3.0,9.0,4.0,3.0,14.0,2.0,3.0,11.0,4.0,5.0,13.0,9.0,4.0,7.0,7.0,6.0,12.0,0.0,7.0,4.0,12.0,4.0,2.0,3.0,5.0,5.0
276.06693777662,13.0,1.0,9.0,2.0,7.0,1.0,3.0,9.0,14.0,3.0,14.0,2.0,3.0,11.0,4.0,9.0,10.0,6.0,5.0,2.0,7.0,6.0,12.0,0.0,2.0,4.0,12.0,4.0,15.0,1.0,5.0,5.0
271.9405440134357,13.0,4.0,9.0,2.0,7.0,1.0,1.0,9.0,14.0,3.0,14.0,2.0,3.0,11.0,4.0,9.0,2.0,5.0,5.0,2.0,7.0,6.0,12.0,0.0,7.0,4.0,12.0,4.0,10.0,1.0,5.0,5.0
286.82149866794515,11.0,4.0,9.0,2.0,7.0,1.0,3.0,9.0,14.0,3.0,14.0,2.0,3.0,11.0,4.0,9.0,9.0,3.0,5.0,2.0,7.0,6.0,12.0,0.0,7.0,4.0,12.0,4.0,3.0,1.0,5.0,4.0
346.30374065430556,11.0,4.0,9.0,2.0,7.0,1.0,3.0,9.0,14.0,3.0,14.0,2.0,3.0,11.0,4.0,9.0,11.0,3.0,5.0,2.0,7.0,6.0,2.0,0.0,7.0,4.0,12.0,4.0,8.0,1.0,5.0,5.0
355.0792326614249,11.0,1.0,9.0,2.0,7.0,1.0,3.0,9.0,14.0,3.0,14.0,2.0,3.0,11.0,4.0,9.0,11.0,13.0,5.0,2.0,7.0,6.0,12.0,0.0,7.0,4.0,12.0,4.0,15.0,1.0,5.0,5.0
272.4285566166192,13.0,4.0,9.0,2.0,7.0,1.0,3.0,9.0,14.0,3.0,14.0,2.0,3.0,11.0,7.0,7.0,9.0,8.0,5.0,2.0,7.0,6.0,12.0,0.0,7.0,4.0,10.0,4.0,5.0,1.0,5.0,4.0
495.9155139203608,13.0,4.0,9.0,2.0,7.0,1.0,4.0,9.0,14.0,11.0,14.0,2.0,3.0,11.0,4.0,7.0,9.0,5.0,5.0,3.0,7.0,6.0,1.0,0.0,7.0,4.0,14.0,4.0,5.0,1.0,5.0,5.0
225.1388015572708,13.0,4.0,9.0,2.0,7.0,1.0,1.0,9.0,14.0,3.0,14.0,2.0,3.0,11.0,4.0,7.0,9.0,8.0,5.0,3.0,7.0,6.0,9.0,0.0,7.0,4.0,14.0,1.0,15.0,1.0,5.0,9.0
392.3863555753143,13.0,4.0,9.0,2.0,7.0,1.0,3.0,9.0,4.0,3.0,13.0,2.0,3.0,11.0,4.0,7.0,9.0,8.0,5.0,3.0,7.0,6.0,2.0,0.0,7.0,4.0,12.0,4.0,15.0,1.0,5.0,5.0
472.5326842092879,13.0,4.0,9.0,2.0,7.0,1.0,1.0,9.0,14.0,3.0,14.0,2.0,3.0,11.0,2.0,7.0,9.0,8.0,5.0,3.0,7.0,6.0,1.0,0.0,7.0,4.0,14.0,4.0,5.0,1.0,5.0,5.0
405.87165248654094,13.0,4.0,9.0,2.0,14.0,1.0,3.0,9.0,14.0,3.0,13.0,2.0,3.0,11.0,4.0,5.0,9.0,8.0,5.0,2.0,7.0,6.0,12.0,11.0,7.0,4.0,12.0,8.0,15.0,1.0,5.0,12.0
397.8583803016502,13.0,4.0,9.0,2.0,7.0,13.0,3.0,9.0,4.0,15.0,13.0,2.0,3.0,11.0,4.0,9.0,9.0,8.0,5.0,2.0,7.0,6.0,12.0,0.0,7.0,4.0,12.0,4.0,15.0,1.0,5.0,4.0
328.81123895302267,13.0,4.0,5.0,2.0,4.0,1.0,3.0,9.0,14.0,3.0,10.0,2.0,3.0,11.0,4.0,9.0,9.0,8.0,5.0,2.0,7.0,6.0,12.0,0.0,7.0,4.0,12.0,4.0,15.0,1.0,5.0,4.0
377.2641549121622,13.0,4.0,9.0,2.0,4.0,1.0,3.0,9.0,10.0,3.0,4.0,2.0,3.0,11.0,4.0,9.0,2.0,8.0,5.0,2.0,12.0,6.0,12.0,0.0,7.0,4.0,12.0,4.0,15.0,1.0,5.0,12.0
391.1277043280208,13.0,4.0,5.0,2.0,7.0,1.0,3.0,9.0,5.0,3.0,13.0,2.0,3.0,11.0,4.0,9.0,9.0,8.0,5.0,2.0,7.0,6.0,12.0,0.0,2.0,4.0,12.0,4.0,15.0,1.0,5.0,12.0
405.1085766901967,7.0,4.0,9.0,2.0,4.0,1.0,3.0,9.0,14.0,3.0,14.0,2.0,3.0,0.0,4.0,9.0,9.0,8.0,5.0,2.0,7.0,6.0,12.0,0.0,5.0,4.0,12.0,4.0,6.0,1.0,5.0,5.0
377.5050293864298,13.0,4.0,5.0,2.0,4.0,1.0,3.0,9.0,14.0,3.0,8.0,7.0,3.0,11.0,7.0,9.0,2.0,8.0,4.0,2.0,7.0,6.0,12.0,0.0,7.0,4.0,12.0,6.0,6.0,1.0,5.0,5.0
272.9408396246953,13.0,4.0,5.0,2.0,14.0,1.0,3.0,9.0,14.0,3.0,14.0,2.0,3.0,1.0,4.0,9.0,2.0,8.0,5.0,7.0,7.0,6.0,12.0,0.0,7.0,4.0,12.0,4.0,15.0,1.0,15.0,5.0
420.47362973775756,13.0,4.0,2.0,2.0,14.0,1.0,3.0,9.0,12.0,3.0,14.0,3.0,3.0,11.0,4.0,9.0,2.0,8.0,10.0,2.0,7.0,6.0,12.0,0.0,5.0,4.0,12.0,4.0,2.0,1.0,5.0,5.0
379.5868552177569,13.0,4.0,5.0,2.0,7.0,1.0,3.0,9.0,14.0,3.0,14.0,2.0,3.0,1.0,4.0,9.0,9.0,8.0,5.0,7.0,7.0,6.0,12.0,1.0,2.0,4.0,12.0,4.0,15.0,1.0,5.0,5.0
554.9927159722915,13.0,4.0,9.0,2.0,4.0,1.0,3.0,9.0,14.0,3.0,14.0,15.0,3.0,11.0,4.0,9.0,9.0,8.0,4.0,4.0,7.0,6.0,12.0,0.0,7.0,4.0,12.0,4.0,2.0,1.0,5.0,5.0
378.89207421941387,13.0,4.0,9.0,7.0,8.0,1.0,3.0,9.0,14.0,3.0,14.0,2.0,3.0,0.0,4.0,9.0,9.0,8.0,10.0,2.0,7.0,6.0,12.0,0.0,7.0,4.0,12.0,4.0,6.0,1.0,5.0,12.0
490.07876722037935,13.0,4.0,9.0,2.0,14.0,1.0,3.0,9.0,14.0,11.0,14.0,2.0,3.0,11.0,4.0,9.0,9.0,8.0,5.0,2.0,7.0,6.0,12.0,0.0,2.0,3.0,12.0,4.0,2.0,1.0,5.0,5.0
326.12066944018534,13.0,4.0,9.0,2.0,4.0,1.0,3.0,9.0,14.0,3.0,14.0,2.0,3.0,11.0,4.0,9.0,7.0,8.0,14.0,2.0,7.0,6.0,12.0,0.0,2.0,4.0,12.0,6.0,6.0,1.0,5.0,5.0
655.5227474304473,13.0,15.0,9.0,12.0,15.0,1.0,3.0,9.0,14.0,3.0,14.0,2.0,3.0,0.0,4.0,9.0,12.0,8.0,4.0,2.0,7.0,6.0,12.0,0.0,7.0,4.0,12.0,4.0,6.0,1.0,5.0,5.0
275.096730873136,13.0,4.0,9.0,2.0,15.0,1.0,3.0,7.0,14.0,3.0,14.0,8.0,3.0,11.0,4.0,13.0,9.0,8.0,4.0,7.0,7.0,6.0,12.0,0.0,7.0,4.0,12.0,4.0,15.0,1.0,5.0,5.0
396.5946464961667,13.0,4.0,5.0,2.0,7.0,1.0,3.0,13.0,14.0,3.0,14.0,7.0,3.0,11.0,4.0,9.0,9.0,3.0,4.0,2.0,7.0,6.0,12.0,0.0,7.0,4.0,12.0,11.0,15.0,1.0,5.0,12.0
376.2914348171051,13.0,4.0,9.0,12.0,15.0,1.0,3.0,7.0,14.0,3.0,14.0,7.0,3.0,11.0,4.0,9.0,9.0,8.0,5.0,7.0,12.0,6.0,12.0,0.0,7.0,4.0,12.0,4.0,15.0,1.0,5.0,5.0
277.4415923559728,13.0,4.0,9.0,2.0,7.0,1.0,3.0,13.0,14.0,3.0,14.0,8.0,3.0,11.0,4.0,9.0,10.0,8.0,5.0,7.0,7.0,6.0,12.0,0.0,7.0,4.0,12.0,4.0,15.0,1.0,5.0,5.0
494.35172041118875,13.0,4.0,9.0,12.0,7.0,1.0,3.0,9.0,14.0,3.0,14.0,7.0,3.0,11.0,4.0,9.0,2.0,8.0,5.0,2.0,10.0,8.0,12.0,0.0,7.0,4.0,12.0,4.0,2.0,1.0,5.0,5.0
466.61658909026323,13.0,4.0,1.0,2.0,7.0,1.0,3.0,9.0,14.0,3.0,14.0,2.0,3.0,1.0,4.0,9.0,2.0,6.0,10.0,2.0,7.0,6.0,12.0,0.0,7.0,4.0,12.0,4.0,15.0,1.0,5.0,0.0
272.8029685366519,13.0,4.0,5.0,2.0,7.0,1.0,3.0,9.0,14.0,3.0,14.0,2.0,3.0,7.0,4.0,9.0,9.0,6.0,13.0,2.0,7.0,8.0,12.0,0.0,7.0,4.0,12.0,4.0,6.0,3.0,5.0,1.0
226.88081368206755,13.0,4.0,9.0,2.0,7.0,1.0,3.0,9.0,14.0,3.0,14.0,2.0,9.0,1.0,4.0,9.0,15.0,8.0,5.0,7.0,7.0,6.0,12.0,0.0,10.0,4.0,12.0,4.0,15.0,1.0,5.0,2.0
488.9354073442366,13.0,4.0,9.0,2.0,7.0,1.0,3.0,9.0,4.0,3.0,14.0,2.0,3.0,1.0,4.0,9.0,2.0,3.0,5.0,2.0,7.0,6.0,12.0,1.0,7.0,4.0,12.0,4.0,3.0,1.0,5.0,12.0
336.280657247988,13.0,4.0,9.0,2.0,7.0,1.0,3.0,9.0,14.0,3.0,14.0,2.0,3.0,1.0,4.0,9.0,15.0,8.0,14.0,2.0,7.0,6.0,12.0,8.0,7.0,4.0,12.0,4.0,15.0,1.0,5.0,12.0
234.91716277202502,13.0,4.0,8.0,2.0,14.0,1.0,3.0,9.0,14.0,3.0,14.0,2.0,3.0,11.0,4.0,9.0,12.0,8.0,4.0,2.0,7.0,6.0,12.0,0.0,7.0,4.0,12.0,4.0,15.0,3.0,15.0,5.0
263.54703574843853,13.0,4.0,9.0,2.0,14.0,1.0,3.0,5.0,14.0,3.0,14.0,2.0,3.0,11.0,4.0,9.0,9.0,8.0,14.0,9.0,7.0,6.0,12.0,0.0,7.0,4.0,12.0,4.0,15.0,0.0,5.0,5.0
349.2245074181816,13.0,4.0,2.0,2.0,14.0,1.0,3.0,9.0,14.0,3.0,14.0,2.0,3.0,11.0,4.0,9.0,9.0,8.0,14.0,7.0,7.0,1.0,5.0,0.0,7.0,4.0,12.0,4.0,15.0,0.0,5.0,5.0
400.59153858336737,13.0,4.0,11.0,2.0,7.0,1.0,3.0,9.0,14.0,3.0,14.0,2.0,3.0,11.0,4.0,9.0,15.0,9.0,6.0,4.0,7.0,6.0,5.0,0.0,7.0,4.0,12.0,4.0,15.0,15.0,5.0,5.0
374.7789771476201,13.0,4.0,5.0,2.0,6.0,1.0,3.0,9.0,14.0,3.0,14.0,2.0,3.0,11.0,4.0,9.0,9.0,8.0,7.0,2.0,7.0,6.0,12.0,0.0,7.0,10.0,11.0,9.0,15.0,8.0,5.0,5.0
242.4703441636635,13.0,4.0,9.0,2.0,11.0,1.0,3.0,9.0,14.0,3.0,14.0,2.0,3.0,11.0,4.0,5.0,9.0,8.0,5.0,2.0,7.0,6.0,12.0,0.0,5.0,10.0,7.0,4.0,15.0,1.0,15.0,5.0
354.63403338933415,13.0,4.0,5.0,2.0,14.0,1.0,3.0,9.0,14.0,3.0,14.0,2.0,3.0,11.0,4.0,9.0,15.0,8.0,5.0,7.0,7.0,6.0,12.0,0.0,7.0,14.0,10.0,4.0,6.0,1.0,5.0,5.0
251.74282822453225,13.0,4.0,9.0,2.0,7.0,1.0,3.0,9.0,14.0,3.0,14.0,2.0,3.0,11.0,4.0,9.0,15.0,8.0,5.0,2.0,7.0,6.0,12.0,0.0,3.0,4.0,7.0,4.0,6.0,1.0,5.0,5.0
228.18777842637996,13.0,4.0,11.0,2.0,14.0,1.0,3.0,9.0,14.0,3.0,14.0,2.0,2.0,11.0,4.0,9.0,9.0,8.0,5.0,7.0,7.0,6.0,12.0,0.0,1.0,11.0,12.0,4.0,15.0,1.0,5.0,5.0
258.85690166757684,13.0,4.0,11.0,2.0,7.0,1.0,3.0,9.0,14.0,3.0,14.0,2.0,3.0,11.0,4.0,9.0,9.0,8.0,5.0,2.0,7.0,6.0,12.0,0.0,5.0,10.0,10.0,4.0,15.0,1.0,15.0,5.0
400.9137541634741,13.0,4.0,9.0,2.0,6.0,1.0,3.0,13.0,14.0,0.0,14.0,2.0,9.0,11.0,1.0,9.0,9.0,8.0,4.0,2.0,7.0,6.0,12.0,0.0,3.0,4.0,12.0,4.0,15.0,1.0,9.0,5.0
222.16287839434023,13.0,4.0,9.0,2.0,7.0,1.0,3.0,8.0,14.0,3.0,14.0,2.0,3.0,10.0,3.0,9.0,15.0,8.0,6.0,2.0,7.0,6.0,12.0,0.0,3.0,4.0,12.0,4.0,15.0,4.0,5.0,5.0
255.66002221117088,13.0,4.0,9.0,2.0,7.0,1.0,3.0,13.0,14.0,3.0,14.0,2.0,3.0,11.0,4.0,9.0,9.0,8.0,4.0,7.0,7.0,6.0,12.0,0.0,3.0,4.0,12.0,4.0,15.0,5.0,5.0,5.0
371.06314967544466,13.0,4.0,9.0,2.0,7.0,1.0,3.0,2.0,14.0,3.0,14.0,2.0,3.0,11.0,4.0,0.0,10.0,8.0,4.0,4.0,7.0,6.0,12.0,0.0,5.0,4.0,12.0,4.0,15.0,3.0,5.0,5.0
418.2114579241338,13.0,4.0,9.0,2.0,7.0,1.0,3.0,9.0,13.0,3.0,14.0,2.0,9.0,11.0,4.0,9.0,9.0,8.0,6.0,4.0,7.0,6.0,12.0,0.0,7.0,4.0,12.0,13.0,15.0,1.0,15.0,2.0
452.3102908598696,13.0,4.0,11.0,2.0,7.0,1.0,3.0,9.0,14.0,3.0,14.0,13.0,3.0,11.0,4.0,5.0,15.0,8.0,4.0,2.0,7.0,6.0,12.0,0.0,1.0,4.0,12.0,4.0,15.0,3.0,15.0,3.0
423.3414087710463,13.0,4.0,9.0,2.0,7.0,1.0,3.0,9.0,14.0,3.0,14.0,15.0,3.0,11.0,4.0,9.0,15.0,8.0,4.0,2.0,7.0,6.0,12.0,0.0,3.0,4.0,12.0,4.0,15.0,4.0,5.0,5.0
259.16994205779906,3.0,4.0,9.0,2.0,6.0,1.0,3.0,9.0,14.0,3.0,14.0,2.0,3.0,11.0,4.0,9.0,15.0,8.0,5.0,2.0,7.0,6.0,12.0,0.0,5.0,4.0,12.0,4.0,15.0,5.0,15.0,5.0
405.95998308699785,13.0,4.0,9.0,2.0,7.0,1.0,3.0,9.0,14.0,3.0,14.0,15.0,3.0,13.0,4.0,9.0,2.0,8.0,4.0,2.0,7.0,6.0,12.0,0.0,3.0,4.0,12.0,4.0,15.0,3.0,15.0,5.0
258.20723957417454,3.0,4.0,9.0,2.0,7.0,1.0,3.0,13.0,14.0,3.0,14.0,2.0,3.0,11.0,4.0,9.0,15.0,8.0,4.0,2.0,7.0,6.0,12.0,0.0,10.0,4.0,12.0,4.0,15.0,3.0,15.0,5.0
340.835373320926,7.0,4.0,9.0,2.0,14.0,1.0,3.0,9.0,14.0,3.0,14.0,2.0,3.0,0.0,4.0,5.0,9.0,8.0,4.0,2.0,7.0,6.0,12.0,0.0,3.0,4.0,12.0,4.0,15.0,4.0,15.0,5.0
406.1327785766417,13.0,4.0,9.0,2.0,7.0,3.0,3.0,9.0,14.0,3.0,14.0,15.0,3.0,11.0,4.0,5.0,9.0,8.0,8.0,2.0,7.0,6.0,12.0,0.0,5.0,4.0,12.0,4.0,15.0,2.0,2.0,5.0
459.7477518605201,13.0,4.0,9.0,2.0,4.0,1.0,15.0,9.0,14.0,3.0,14.0,15.0,3.0,11.0,4.0,9.0,2.0,8.0,4.0,2.0,7.0,6.0,12.0,0.0,10.0,4.0,12.0,4.0,15.0,4.0,15.0,5.0
482.0360747599304,13.0,4.0,9.0,2.0,7.0,1.0,3.0,13.0,14.0,3.0,14.0,15.0,3.0,11.0,4.0,9.0,15.0,8.0,4.0,2.0,7.0,6.0,14.0,0.0,5.0,15.0,12.0,4.0,15.0,3.0,5.0,5.0
237.10667856937093,7.0,4.0,9.0,2.0,14.0,1.0,3.0,13.0,14.0,3.0,14.0,2.0,3.0,11.0,4.0,9.0,9.0,8.0,5.0,2.0,7.0,6.0,12.0,0.0,10.0,4.0,12.0,4.0,15.0,4.0,5.0,5.0
402.5644447885257,2.0,4.0,9.0,9.0,7.0,1.0,3.0,13.0,14.0,3.0,14.0,2.0,3.0,11.0,4.0,9.0,9.0,8.0,5.0,2.0,7.0,6.0,12.0,0.0,2.0,4.0,12.0,4.0,15.0,5.0,5.0,5.0
449.98236812461306,3.0,4.0,9.0,2.0,7.0,1.0,3.0,4.0,10.0,3.0,14.0,2.0,3.0,11.0,4.0,5.0,15.0,8.0,5.0,2.0,10.0,6.0,11.0,0.0,3.0,4.0,12.0,4.0,15.0,14.0,15.0,5.0
516.1087820221386,0.0,4.0,9.0,2.0,14.0,1.0,3.0,4.0,14.0,3.0,14.0,2.0,3.0,11.0,4.0,5.0,15.0,8.0,5.0,7.0,7.0,6.0,12.0,0.0,5.0,4.0,14.0,4.0,15.0,14.0,5.0,5.0
321.38106460549005,13.0,4.0,9.0,2.0,7.0,1.0,3.0,2.0,14.0,3.0,14.0,2.0,3.0,11.0,1.0,9.0,9.0,8.0,5.0,7.0,7.0,6.0,12.0,0.0,3.0,4.0,12.0,4.0,15.0,3.0,5.0,5.0
415.04574775247863,9.0,4.0,9.0,1.0,7.0,1.0,3.0,7.0,14.0,3.0,15.0,2.0,3.0,11.0,1.0,0.0,15.0,8.0,5.0,2.0,7.0,6.0,12.0,0.0,7.0,4.0,12.0,4.0,15.0,5.0,5.0,5.0
302.52585892997183,9.0,4.0,5.0,2.0,7.0,1.0,3.0,13.0,14.0,3.0,14.0,2.0,3.0,11.0,4.0,2.0,9.0,8.0,5.0,2.0,7.0,6.0,11.0,0.0,7.0,4.0,12.0,4.0,15.0,1.0,5.0,5.0
641.4926293991995,0.0,4.0,9.0,2.0,7.0,1.0,3.0,15.0,14.0,3.0,4.0,2.0,3.0,11.0,4.0,9.0,15.0,8.0,5.0,2.0,1.0,6.0,12.0,0.0,7.0,4.0,12.0,4.0,15.0,14.0,5.0,5.0
325.60177130234683,3.0,4.0,11.0,2.0,7.0,1.0,3.0,8.0,14.0,3.0,14.0,2.0,3.0,11.0,4.0,11.0,9.0,8.0,5.0,2.0,7.0,6.0,12.0,0.0,7.0,10.0,12.0,4.0,6.0,3.0,15.0,5.0
293.54105255657163,7.0,4.0,9.0,2.0,7.0,1.0,3.0,4.0,14.0,3.0,4.0,2.0,3.0,11.0,4.0,9.0,9.0,8.0,5.0,2.0,7.0,6.0,12.0,0.0,7.0,4.0,12.0,4.0,15.0,3.0,9.0,5.0
449.43315680612704,2.0,4.0,9.0,2.0,11.0,1.0,3.0,13.0,14.0,3.0,8.0,2.0,3.0,11.0,4.0,9.0,15.0,8.0,1.0,2.0,10.0,6.0,12.0,0.0,7.0,4.0,12.0,4.0,6.0,1.0,5.0,5.0
314.74173222387196,3.0,4.0,9.0,2.0,7.0,1.0,3.0,3.0,14.0,3.0,14.0,2.0,3.0,11.0,4.0,5.0,15.0,8.0,5.0,2.0,10.0,6.0,12.0,0.0,4.0,4.0,14.0,4.0,15.0,1.0,5.0,5.0
232.20798362700523,7.0,4.0,9.0,2.0,7.0,1.0,7.0,3.0,4.0,3.0,14.0,2.0,3.0,11.0,4.0,9.0,15.0,8.0,5.0,2.0,10.0,6.0,14.0,0.0,7.0,4.0,14.0,4.0,15.0,5.0,5.0,5.0
347.0668816315148,3.0,4.0,9.0,2.0,7.0,1.0,3.0,3.0,14.0,3.0,14.0,2.0,3.0,15.0,4.0,5.0,14.0,8.0,5.0,2.0,6.0,6.0,12.0,0.0,5.0,4.0,12.0,4.0,15.0,1.0,5.0,5.0
412.5737980173164,0.0,4.0,9.0,2.0,7.0,1.0,3.0,4.0,14.0,3.0,8.0,2.0,3.0,11.0,14.0,5.0,15.0,8.0,5.0,2.0,7.0,6.0,12.0,0.0,7.0,4.0,12.0,4.0,15.0,1.0,5.0,5.0
317.0309029851766,13.0,4.0,9.0,2.0,7.0,1.0,3.0,3.0,14.0,3.0,14.0,2.0,3.0,11.0,4.0,6.0,12.0,8.0,5.0,2.0,10.0,6.0,12.0,0.0,7.0,4.0,12.0,4.0,15.0,3.0,5.0,5.0
452.0581924947076,7.0,4.0,9.0,2.0,14.0,1.0,3.0,9.0,14.0,3.0,7.0,2.0,3.0,0.0,4.0,9.0,12.0,8.0,5.0,2.0,7.0,6.0,12.0,0.0,7.0,4.0,12.0,4.0,15.0,14.0,5.0,5.0
542.3383349582157,3.0,4.0,9.0,2.0,7.0,1.0,3.0,9.0,14.0,3.0,4.0,2.0,3.0,11.0,7.0,9.0,10.0,8.0,1.0,2.0,7.0,6.0,12.0,11.0,7.0,4.0,12.0,4.0,15.0,1.0,15.0,5.0
369.5331059613533,7.0,4.0,9.0,2.0,7.0,1.0,3.0,4.0,14.0,3.0,8.0,2.0,3.0,11.0,4.0,9.0,12.0,8.0,5.0,2.0,7.0,6.0,3.0,0.0,7.0,4.0,12.0,4.0,6.0,3.0,5.0,5.0
348.6028938569887,7.0,4.0,9.0,2.0,7.0,1.0,3.0,9.0,14.0,3.0,8.0,2.0,8.0,11.0,4.0,9.0,12.0,8.0,5.0,2.0,10.0,6.0,14.0,0.0,7.0,4.0,12.0,4.0,2.0,5.0,15.0,5.0
553.6329091363234,0.0,4.0,9.0,2.0,7.0,1.0,3.0,4.0,14.0,3.0,12.0,2.0,3.0,11.0,4.0,9.0,15.0,8.0,4.0,2.0,7.0,6.0,14.0,0.0,7.0,4.0,12.0,4.0,15.0,14.0,5.0,5.0
601.4934851393778,13.0,4.0,5.0,2.0,7.0,1.0,3.0,9.0,14.0,11.0,14.0,2.0,3.0,11.0,4.0,9.0,9.0,6.0,5.0,2.0,7.0,6.0,12.0,9.0,1.0,4.0,14.0,4.0,15.0,15.0,6.0,5.0
337.8391564612276,3.0,4.0,9.0,2.0,14.0,1.0,3.0,13.0,4.0,3.0,14.0,2.0,3.0,11.0,4.0,9.0,9.0,8.0,10.0,2.0,7.0,6.0,12.0,9.0,7.0,8.0,12.0,4.0,15.0,1.0,15.0,5.0
530.4695209615154,13.0,4.0,5.0,2.0,7.0,1.0,3.0,9.0,14.0,11.0,14.0,2.0,3.0,0.0,4.0,9.0,9.0,6.0,4.0,2.0,7.0,5.0,12.0,0.0,1.0,4.0,11.0,4.0,15.0,1.0,5.0,5.0
461.2554022127089,3.0,4.0,8.0,2.0,7.0,1.0,3.0,13.0,14.0,3.0,14.0,2.0,3.0,0.0,4.0,9.0,9.0,8.0,1.0,2.0,7.0,6.0,12.0,0.0,8.0,4.0,12.0,4.0,15.0,1.0,15.0,5.0
289.1947479886599,13.0,4.0,8.0,2.0,7.0,1.0,3.0,9.0,14.0,11.0,14.0,2.0,3.0,3.0,4.0,9.0,9.0,6.0,10.0,2.0,7.0,6.0,12.0,0.0,15.0,4.0,12.0,4.0,15.0,1.0,15.0,5.0
226.32017022000795,3.0,4.0,9.0,2.0,7.0,1.0,3.0,9.0,14.0,3.0,14.0,2.0,3.0,11.0,4.0,9.0,9.0,6.0,11.0,2.0,7.0,3.0,12.0,0.0,5.0,4.0,12.0,4.0,15.0,3.0,5.0,5.0
532.3494690124242,13.0,4.0,5.0,2.0,7.0,1.0,3.0,9.0,14.0,3.0,4.0,2.0,3.0,0.0,4.0,5.0,10.0,8.0,1.0,2.0,7.0,6.0,12.0,0.0,7.0,4.0,12.0,4.0,15.0,1.0,15.0,5.0
407.5832551602755,3.0,4.0,8.0,2.0,7.0,1.0,3.0,13.0,14.0,11.0,14.0,2.0,3.0,7.0,4.0,9.0,9.0,8.0,5.0,9.0,7.0,12.0,12.0,0.0,10.0,4.0,12.0,4.0,15.0,1.0,15.0,5.0
233.16910718970985,13.0,4.0,9.0,2.0,7.0,1.0,3.0,9.0,14.0,3.0,14.0,2.0,3.0,7.0,4.0,9.0,14.0,8.0,5.0,2.0,7.0,6.0,12.0,0.0,14.0,4.0,12.0,4.0,15.0,3.0,5.0,9.0
278.2375970199017,13.0,4.0,5.0,2.0,7.0,3.0,3.0,13.0,14.0,3.0,14.0,2.0,3.0,11.0,4.0,5.0,9.0,8.0,5.0,2.0,7.0,6.0,12.0,0.0,5.0,4.0,12.0,4.0,15.0,1.0,15.0,5.0
240.56467635162102,3.0,4.0,9.0,2.0,7.0,1.0,3.0,9.0,14.0,3.0,14.0,2.0,3.0,7.0,4.0,9.0,15.0,8.0,5.0,7.0,7.0,6.0,12.0,0.0,3.0,4.0,12.0,1.0,15.0,1.0,15.0,5.0
362.04002321563513,13.0,4.0,9.0,2.0,7.0,1.0,3.0,13.0,14.0,11.0,14.0,2.0,3.0,0.0,4.0,9.0,15.0,8.0,5.0,2.0,7.0,6.0,8.0,0.0,7.0,4.0,7.0,4.0,15.0,3.0,5.0,5.0
304.3448897270455,13.0,4.0,9.0,2.0,7.0,1.0,3.0,9.0,14.0,3.0,12.0,3.0,3.0,11.0,4.0,9.0,15.0,8.0,5.0,7.0,7.0,6.0,12.0,0.0,1.0,4.0,12.0,4.0,15.0,3.0,15.0,3.0
329.392895814953,13.0,4.0,9.0,7.0,7.0,1.0,3.0,10.0,14.0,11.0,14.0,2.0,3.0,15.0,4.0,9.0,15.0,8.0,5.0,2.0,7.0,5.0,12.0,0.0,7.0,4.0,12.0,4.0,15.0,1.0,15.0,5.0
323.67458241910737,13.0,4.0,9.0,2.0,7.0,1.0,3.0,9.0,14.0,3.0,14.0,2.0,3.0,0.0,4.0,9.0,14.0,8.0,5.0,7.0,7.0,6.0,12.0,0.0,7.0,4.0,12.0,4.0,15.0,8.0,5.0,5.0
211.87813070465972,13.0,4.0,9.0,2.0,7.0,1.0,3.0,9.0,14.0,3.0,14.0,2.0,3.0,7.0,4.0,9.0,15.0,8.0,5.0,2.0,7.0,6.0,14.0,0.0,5.0,4.0,12.0,4.0,15.0,5.0,15.0,5.0
415.3089752890713,13.0,4.0,9.0,2.0,6.0,1.0,3.0,9.0,14.0,3.0,14.0,2.0,3.0,0.0,4.0,0.0,15.0,8.0,5.0,2.0,7.0,6.0,12.0,0.0,3.0,4.0,12.0,4.0,15.0,1.0,5.0,5.0
330.89450168915647,3.0,4.0,9.0,2.0,7.0,1.0,3.0,9.0,14.0,3.0,14.0,2.0,3.0,0.0,4.0,9.0,15.0,8.0,5.0,7.0,7.0,5.0,12.0,0.0,3.0,4.0,12.0,4.0,15.0,1.0,15.0,5.0
267.9573156206302,9.0,4.0,9.0,2.0,7.0,1.0,3.0,5.0,14.0,3.0,14.0,2.0,3.0,7.0,4.0,9.0,8.0,8.0,5.0,11.0,7.0,1.0,12.0,0.0,3.0,4.0,12.0,4.0,15.0,1.0,15.0,5.0
348.46751459864436,3.0,4.0,8.0,2.0,7.0,1.0,3.0,13.0,14.0,3.0,4.0,2.0,3.0,7.0,4.0,9.0,9.0,8.0,5.0,2.0,7.0,6.0,12.0,0.0,3.0,4.0,12.0,4.0,15.0,1.0,5.0,5.0
290.3283072406453,13.0,4.0,5.0,2.0,7.0,1.0,3.0,9.0,14.0,3.0,14.0,2.0,3.0,11.0,4.0,9.0,9.0,8.0,4.0,2.0,7.0,6.0,12.0,0.0,7.0,4.0,12.0,1.0,15.0,8.0,5.0,5.0
329.55880387136955,13.0,4.0,5.0,2.0,7.0,1.0,3.0,9.0,14.0,3.0,14.0,2.0,3.0,7.0,4.0,9.0,15.0,8.0,5.0,2.0,7.0,6.0,14.0,0.0,7.0,4.0,12.0,11.0,15.0,1.0,5.0,5.0
346.550147075016,13.0,4.0,8.0,2.0,7.0,1.0,3.0,13.0,14.0,3.0,14.0,2.0,3.0,11.0,4.0,9.0,14.0,8.0,5.0,2.0,7.0,6.0,14.0,0.0,7.0,4.0,14.0,15.0,15.0,1.0,15.0,5.0
467.93680302468186,13.0,4.0,11.0,2.0,7.0,1.0,3.0,9.0,14.0,3.0,4.0,2.0,3.0,7.0,4.0,9.0,15.0,8.0,5.0,2.0,7.0,6.0,12.0,0.0,7.0,4.0,12.0,15.0,15.0,1.0,5.0,5.0
282.271551088562,13.0,4.0,9.0,2.0,7.0,1.0,3.0,13.0,14.0,3.0,14.0,2.0,3.0,11.0,4.0,9.0,15.0,8.0,5.0,2.0,10.0,6.0,12.0,0.0,7.0,4.0,12.0,8.0,15.0,5.0,6.0,5.0
195.35962615862434,13.0,4.0,9.0,2.0,7.0,1.0,3.0,9.0,14.0,3.0,14.0,2.0,1.0,11.0,4.0,5.0,9.0,5.0,5.0,2.0,7.0,6.0,12.0,0.0,7.0,4.0,12.0,1.0,15.0,5.0,15.0,5.0
463.30274366459213,13.0,4.0,9.0,1.0,7.0,1.0,3.0,9.0,10.0,11.0,14.0,2.0,3.0,7.0,4.0,2.0,9.0,6.0,5.0,2.0,7.0,6.0,9.0,0.0,12.0,4.0,12.0,4.0,15.0,14.0,15.0,5.0
334.8046456421201,13.0,4.0,9.0,2.0,7.0,1.0,3.0,9.0,14.0,3.0,4.0,2.0,7.0,11.0,4.0,6.0,9.0,8.0,5.0,2.0,7.0,6.0,12.0,0.0,8.0,4.0,12.0,4.0,15.0,5.0,5.0,5.0
432.14087885231874,3.0,4.0,9.0,2.0,14.0,12.0,3.0,9.0,14.0,3.0,14.0,2.0,3.0,11.0,4.0,5.0,15.0,8.0,5.0,2.0,7.0,6.0,12.0,0.0,8.0,4.0,12.0,4.0,15.0,14.0,15.0,5.0
414.63354706008766,3.0,4.0,9.0,2.0,7.0,1.0,3.0,13.0,14.0,11.0,14.0,2.0,3.0,11.0,4.0,9.0,9.0,8.0,5.0,7.0,7.0,6.0,12.0,0.0,8.0,4.0,12.0,5.0,15.0,13.0,15.0,5.0
267.96560830515153,13.0,4.0,14.0,2.0,6.0,1.0,3.0,9.0,14.0,3.0,14.0,2.0,1.0,7.0,4.0,5.0,9.0,5.0,5.0,7.0,10.0,6.0,12.0,0.0,10.0,4.0,14.0,1.0,6.0,5.0,15.0,5.0
250.68950256716275,13.0,4.0,9.0,2.0,14.0,1.0,3.0,13.0,14.0,3.0,11.0,2.0,1.0,11.0,4.0,5.0,15.0,5.0,4.0,2.0,10.0,6.0,12.0,0.0,7.0,4.0,12.0,1.0,6.0,5.0,15.0,5.0
377.27894245889166,9.0,4.0,9.0,2.0,6.0,1.0,3.0,13.0,14.0,3.0,14.0,2.0,14.0,11.0,4.0,5.0,9.0,5.0,5.0,7.0,7.0,14.0,12.0,0.0,7.0,4.0,12.0,1.0,15.0,5.0,15.0,0.0
334.9419389395456,13.0,4.0,9.0,2.0,7.0,1.0,3.0,13.0,14.0,3.0,14.0,2.0,1.0,11.0,7.0,5.0,9.0,9.0,5.0,7.0,7.0,6.0,12.0,0.0,1.0,4.0,12.0,1.0,6.0,5.0,15.0,5.0
277.61952030881383,13.0,4.0,9.0,2.0,7.0,1.0,3.0,9.0,11.0,11.0,14.0,2.0,1.0,11.0,4.0,5.0,5.0,5.0,8.0,2.0,7.0,6.0,12.0,0.0,7.0,4.0,12.0,1.0,15.0,3.0,15.0,5.0
197.23862768711575,9.0,4.0,9.0,2.0,7.0,1.0,3.0,9.0,14.0,3.0,14.0,2.0,7.0,7.0,4.0,5.0,9.0,5.0,5.0,7.0,10.0,6.0,12.0,0.0,8.0,4.0,12.0,1.0,15.0,5.0,15.0,5.0
356.11376789826534,9.0,4.0,9.0,15.0,7.0,7.0,3.0,9.0,14.0,3.0,14.0,2.0,1.0,11.0,4.0,5.0,9.0,5.0,5.0,7.0,7.0,6.0,12.0,0.0,8.0,4.0,12.0,1.0,15.0,5.0,15.0,5.0
310.2276198202859,13.0,4.0,8.0,2.0,6.0,1.0,3.0,9.0,14.0,11.0,14.0,2.0,1.0,7.0,4.0,6.0,9.0,5.0,5.0,7.0,7.0,6.0,12.0,0.0,7.0,4.0,12.0,1.0,15.0,5.0,15.0,5.0
280.6443898954124,13.0,4.0,9.0,2.0,7.0,1.0,3.0,9.0,14.0,3.0,14.0,2.0,3.0,11.0,4.0,5.0,9.0,5.0,5.0,2.0,7.0,6.0,12.0,11.0,14.0,4.0,12.0,1.0,15.0,5.0,15.0,5.0
320.64933680522046,13.0,4.0,9.0,2.0,7.0,1.0,3.0,9.0,14.0,11.0,14.0,2.0,7.0,11.0,4.0,5.0,9.0,5.0,5.0,2.0,7.0,6.0,12.0,0.0,14.0,4.0,12.0,1.0,15.0,5.0,15.0,5.0
375.6565361104561,9.0,4.0,9.0,2.0,7.0,1.0,3.0,9.0,14.0,3.0,14.0,2.0,1.0,11.0,4.0,5.0,9.0,5.0,5.0,7.0,7.0,6.0,12.0,11.0,1.0,4.0,12.0,1.0,15.0,5.0,15.0,5.0
299.4902650800234,3.0,4.0,9.0,1.0,7.0,1.0,3.0,9.0,14.0,11.0,14.0,2.0,1.0,11.0,4.0,5.0,9.0,5.0,5.0,7.0,7.0,6.0,12.0,0.0,5.0,4.0,12.0,1.0,15.0,5.0,15.0,5.0
255.72234197120713,9.0,4.0,9.0,2.0,6.0,1.0,3.0,9.0,14.0,3.0,14.0,2.0,1.0,9.0,4.0,5.0,9.0,5.0,5.0,2.0,7.0,6.0,12.0,0.0,3.0,4.0,12.0,1.0,15.0,5.0,15.0,5.0
255.2961596827548,3.0,4.0,9.0,2.0,7.0,1.0,3.0,9.0,14.0,3.0,14.0,2.0,1.0,7.0,4.0,5.0,9.0,5.0,5.0,2.0,7.0,6.0,12.0,0.0,8.0,4.0,12.0,1.0,15.0,5.0,15.0,3.0
400.71964966171055,0.0,4.0,9.0,2.0,6.0,1.0,3.0,9.0,14.0,3.0,14.0,2.0,1.0,11.0,4.0,5.0,9.0,5.0,5.0,2.0,7.0,6.0,12.0,0.0,5.0,4.0,12.0,1.0,15.0,5.0,15.0,5.0
346.1099972419997,13.0,4.0,9.0,2.0,7.0,12.0,3.0,9.0,14.0,3.0,14.0,2.0,7.0,11.0,4.0,5.0,15.0,5.0,5.0,2.0,15.0,6.0,12.0,0.0,7.0,4.0,12.0,1.0,2.0,5.0,15.0,5.0
235.55578645870827,13.0,4.0,9.0,2.0,7.0,3.0,3.0,9.0,14.0,3.0,14.0,2.0,14.0,11.0,4.0,5.0,10.0,5.0,5.0,6.0,7.0,6.0,12.0,0.0,7.0,4.0,14.0,1.0,15.0,5.0,15.0,5.0
324.968000500824,13.0,4.0,9.0,2.0,7.0,12.0,3.0,9.0,14.0,3.0,14.0,4.0,7.0,11.0,4.0,5.0,9.0,5.0,5.0,2.0,10.0,6.0,12.0,0.0,7.0,4.0,14.0,1.0,15.0,5.0,15.0,5.0
219.04082019573025,13.0,4.0,9.0,2.0,6.0,11.0,3.0,9.0,14.0,3.0,14.0,2.0,1.0,15.0,4.0,5.0,9.0,5.0,5.0,2.0,7.0,3.0,12.0,0.0,8.0,4.0,12.0,1.0,15.0,5.0,15.0,5.0
207.86349966338582,13.0,4.0,9.0,2.0,6.0,6.0,3.0,9.0,14.0,3.0,14.0,2.0,14.0,7.0,3.0,5.0,9.0,5.0,5.0,2.0,5.0,6.0,12.0,0.0,7.0,4.0,14.0,1.0,15.0,5.0,15.0,5.0
268.72208008763397,9.0,4.0,9.0,2.0,7.0,11.0,3.0,9.0,14.0,3.0,14.0,2.0,1.0,7.0,4.0,5.0,9.0,5.0,11.0,2.0,15.0,6.0,12.0,0.0,7.0,4.0,12.0,1.0,15.0,5.0,15.0,5.0
271.9818873507351,13.0,4.0,9.0,2.0,7.0,12.0,3.0,9.0,14.0,3.0,14.0,2.0,3.0,9.0,7.0,5.0,9.0,5.0,5.0,2.0,15.0,6.0,12.0,0.0,7.0,4.0,12.0,1.0,15.0,5.0,15.0,9.0
308.7573872237204,13.0,9.0,9.0,2.0,7.0,7.0,3.0,9.0,14.0,3.0,14.0,2.0,7.0,11.0,4.0,5.0,9.0,5.0,5.0,2.0,5.0,6.0,12.0,0.0,7.0,4.0,12.0,1.0,15.0,5.0,15.0,5.0
251.04408644075812,13.0,4.0,9.0,2.0,7.0,3.0,3.0,9.0,4.0,3.0,14.0,2.0,7.0,11.0,4.0,5.0,5.0,5.0,5.0,7.0,7.0,6.0,12.0,0.0,7.0,4.0,14.0,1.0,15.0,5.0,15.0,5.0
259.2582967437489,13.0,4.0,9.0,2.0,7.0,12.0,3.0,9.0,14.0,3.0,14.0,2.0,3.0,15.0,4.0,5.0,9.0,5.0,8.0,2.0,10.0,6.0,12.0,0.0,7.0,4.0,8.0,1.0,15.0,5.0,14.0,5.0
214.53898930408945,13.0,4.0,9.0,2.0,7.0,1.0,3.0,9.0,14.0,3.0,14.0,2.0,3.0,11.0,4.0,5.0,9.0,5.0,5.0,2.0,10.0,6.0,12.0,0.0,7.0,4.0,12.0,1.0,15.0,5.0,15.0,0.0
409.44820099099496,13.0,4.0,9.0,2.0,6.0,1.0,3.0,9.0,14.0,3.0,14.0,2.0,1.0,9.0,4.0,5.0,9.0,5.0,5.0,2.0,10.0,6.0,12.0,0.0,8.0,15.0,12.0,1.0,15.0,5.0,15.0,0.0
390.6051137382561,2.0,4.0,9.0,2.0,6.0,1.0,3.0,9.0,14.0,3.0,14.0,2.0,1.0,10.0,4.0,5.0,9.0,5.0,5.0,2.0,5.0,6.0,12.0,11.0,7.0,4.0,12.0,1.0,15.0,5.0,15.0,8.0
205.0903233471997,9.0,4.0,9.0,2.0,6.0,1.0,3.0,9.0,14.0,3.0,14.0,2.0,1.0,11.0,4.0,5.0,9.0,5.0,5.0,2.0,5.0,6.0,12.0,0.0,8.0,4.0,12.0,1.0,15.0,5.0,15.0,3.0
380.6662918668719,9.0,4.0,9.0,2.0,6.0,1.0,3.0,9.0,14.0,3.0,14.0,7.0,14.0,15.0,4.0,5.0,9.0,5.0,5.0,2.0,7.0,6.0,12.0,0.0,7.0,4.0,12.0,1.0,15.0,5.0,15.0,5.0
281.3660753196656,9.0,4.0,9.0,2.0,7.0,7.0,3.0,9.0,14.0,3.0,14.0,2.0,1.0,7.0,4.0,5.0,9.0,5.0,5.0,2.0,10.0,6.0,12.0,0.0,7.0,4.0,14.0,1.0,15.0,8.0,15.0,7.0
218.04768138341979,9.0,4.0,9.0,2.0,14.0,1.0,3.0,9.0,14.0,3.0,14.0,2.0,1.0,7.0,7.0,5.0,9.0,6.0,5.0,2.0,7.0,6.0,12.0,0.0,7.0,4.0,12.0,1.0,15.0,5.0,15.0,5.0
205.4838917716404,9.0,4.0,5.0,2.0,7.0,1.0,3.0,9.0,14.0,3.0,14.0,2.0,1.0,11.0,7.0,5.0,9.0,5.0,5.0,2.0,15.0,6.0,12.0,0.0,7.0,4.0,12.0,1.0,15.0,5.0,15.0,5.0
298.789345855958,13.0,4.0,9.0,2.0,7.0,1.0,3.0,9.0,14.0,3.0,14.0,2.0,1.0,7.0,4.0,5.0,9.0,5.0,5.0,2.0,7.0,6.0,12.0,0.0,7.0,4.0,12.0,1.0,15.0,5.0,15.0,11.0
202.57648970079197,13.0,4.0,9.0,2.0,7.0,1.0,3.0,9.0,14.0,3.0,14.0,2.0,1.0,14.0,4.0,5.0,9.0,5.0,5.0,2.0,7.0,6.0,12.0,0.0,8.0,7.0,12.0,1.0,14.0,5.0,15.0,5.0
234.81318919273372,13.0,4.0,9.0,2.0,9.0,1.0,3.0,9.0,14.0,3.0,14.0,2.0,1.0,7.0,4.0,5.0,9.0,5.0,5.0,2.0,3.0,6.0,12.0,0.0,8.0,4.0,12.0,1.0,15.0,5.0,15.0,5.0
193.6944193008616,13.0,4.0,9.0,2.0,7.0,1.0,3.0,9.0,14.0,3.0,14.0,2.0,1.0,15.0,4.0,5.0,9.0,5.0,5.0,2.0,15.0,6.0,12.0,0.0,7.0,4.0,12.0,1.0,15.0,5.0,15.0,7.0
207.12041510411774,13.0,4.0,9.0,2.0,7.0,1.0,3.0,9.0,14.0,3.0,14.0,2.0,1.0,15.0,4.0,5.0,9.0,6.0,5.0,2.0,10.0,6.0,12.0,0.0,8.0,4.0,12.0,1.0,15.0,5.0,15.0,2.0
348.8357727313294,13.0,4.0,8.0,2.0,7.0,1.0,3.0,9.0,14.0,3.0,14.0,2.0,1.0,9.0,4.0,5.0,9.0,5.0,5.0,2.0,10.0,6.0,12.0,0.0,7.0,4.0,12.0,1.0,15.0,14.0,15.0,5.0
331.5182261757503,13.0,9.0,9.0,2.0,6.0,1.0,3.0,9.0,14.0,3.0,14.0,2.0,1.0,9.0,4.0,5.0,9.0,5.0,5.0,2.0,7.0,6.0,12.0,0.0,1.0,7.0,12.0,1.0,15.0,5.0,15.0,5.0
416.76075951490725,3.0,4.0,9.0,2.0,7.0,1.0,3.0,9.0,14.0,3.0,14.0,2.0,7.0,11.0,3.0,5.0,9.0,5.0,5.0,2.0,5.0,6.0,2.0,0.0,7.0,4.0,12.0,1.0,15.0,5.0,15.0,7.0
265.9805977571362,9.0,4.0,9.0,2.0,7.0,1.0,3.0,9.0,14.0,3.0,14.0,2.0,14.0,11.0,4.0,5.0,9.0,5.0,5.0,2.0,14.0,6.0,12.0,0.0,7.0,7.0,12.0,1.0,15.0,3.0,15.0,5.0
298.7574269238371,13.0,9.0,9.0,2.0,7.0,1.0,3.0,9.0,14.0,3.0,14.0,2.0,6.0,11.0,4.0,5.0,9.0,5.0,5.0,2.0,15.0,6.0,12.0,0.0,7.0,4.0,12.0,1.0,6.0,5.0,15.0,0.0
292.0974134826394,13.0,4.0,9.0,2.0,7.0,1.0,3.0,9.0,14.0,3.0,14.0,2.0,14.0,11.0,3.0,5.0,9.0,5.0,5.0,2.0,10.0,6.0,12.0,0.0,7.0,4.0,12.0,1.0,15.0,5.0,15.0,0.0
287.2277429263402,9.0,4.0,9.0,2.0,7.0,1.0,3.0,9.0,4.0,3.0,14.0,2.0,14.0,11.0,4.0,5.0,9.0,5.0,5.0,2.0,15.0,6.0,12.0,0.0,7.0,4.0,12.0,1.0,15.0,5.0,15.0,5.0
437.9012417022093,2.0,4.0,9.0,2.0,6.0,12.0,3.0,9.0,4.0,3.0,14.0,2.0,1.0,7.0,4.0,5.0,9.0,5.0,5.0,7.0,5.0,6.0,12.0,0.0,11.0,4.0,12.0,1.0,2.0,5.0,15.0,5.0
310.09367153659815,2.0,4.0,9.0,2.0,7.0,11.0,3.0,9.0,14.0,3.0,14.0,2.0,1.0,14.0,4.0,5.0,9.0,5.0,5.0,2.0,5.0,6.0,12.0,0.0,13.0,4.0,12.0,1.0,6.0,5.0,15.0,5.0
397.44917447866356,13.0,4.0,9.0,15.0,6.0,11.0,3.0,9.0,14.0,3.0,14.0,2.0,1.0,15.0,4.0,5.0,9.0,5.0,5.0,9.0,7.0,6.0,12.0,0.0,7.0,7.0,14.0,1.0,15.0,5.0,15.0,5.0
218.02099848030906,13.0,4.0,13.0,2.0,7.0,6.0,3.0,13.0,14.0,3.0,14.0,2.0,1.0,14.0,4.0,5.0,9.0,5.0,5.0,2.0,7.0,6.0,12.0,0.0,3.0,4.0,8.0,1.0,15.0,5.0,15.0,5.0
229.68060635596194,5.0,4.0,8.0,2.0,7.0,6.0,3.0,13.0,14.0,3.0,14.0,2.0,1.0,15.0,4.0,5.0,9.0,5.0,5.0,2.0,7.0,6.0,12.0,0.0,7.0,4.0,14.0,1.0,2.0,5.0,15.0,5.0
367.292028997992,13.0,4.0,9.0,2.0,7.0,11.0,3.0,9.0,14.0,3.0,14.0,2.0,1.0,9.0,4.0,5.0,9.0,5.0,5.0,2.0,7.0,6.0,12.0,0.0,1.0,4.0,14.0,1.0,6.0,5.0,15.0,5.0
221.2798480810496,14.0,4.0,9.0,2.0,7.0,6.0,3.0,9.0,14.0,3.0,14.0,2.0,1.0,14.0,4.0,5.0,9.0,5.0,5.0,2.0,5.0,6.0,12.0,0.0,8.0,4.0,12.0,1.0,2.0,5.0,15.0,5.0
327.9314470048784,13.0,4.0,9.0,2.0,6.0,14.0,4.0,13.0,14.0,3.0,14.0,2.0,1.0,9.0,4.0,5.0,9.0,5.0,5.0,7.0,7.0,6.0,12.0,0.0,7.0,4.0,12.0,1.0,15.0,5.0,15.0,5.0
431.7152037488364,0.0,4.0,9.0,2.0,7.0,12.0,3.0,9.0,14.0,3.0,14.0,2.0,1.0,9.0,7.0,5.0,9.0,5.0,5.0,2.0,7.0,6.0,12.0,0.0,8.0,4.0,7.0,1.0,15.0,5.0,15.0,5.0
255.26732100082148,13.0,4.0,9.0,2.0,6.0,6.0,3.0,9.0,14.0,3.0,14.0,2.0,1.0,9.0,4.0,5.0,9.0,5.0,5.0,2.0,7.0,6.0,12.0,0.0,8.0,7.0,12.0,1.0,15.0,8.0,15.0,5.0
377.22678691584935,2.0,4.0,9.0,2.0,7.0,1.0,3.0,9.0,14.0,3.0,14.0,2.0,1.0,7.0,4.0,5.0,9.0,5.0,5.0,2.0,7.0,6.0,12.0,11.0,7.0,4.0,14.0,1.0,6.0,5.0,15.0,5.0
169.42244110898605,14.0,4.0,9.0,2.0,7.0,6.0,3.0,9.0,14.0,3.0,14.0,2.0,3.0,11.0,4.0,5.0,9.0,5.0,5.0,2.0,4.0,6.0,12.0,0.0,7.0,4.0,8.0,1.0,15.0,5.0,15.0,5.0
410.12124257486045,0.0,4.0,9.0,2.0,6.0,1.0,3.0,13.0,14.0,3.0,14.0,2.0,1.0,7.0,4.0,5.0,9.0,5.0,5.0,2.0,7.0,6.0,8.0,0.0,7.0,4.0,8.0,1.0,15.0,5.0,15.0,5.0
520.0823914579346,0.0,4.0,9.0,2.0,7.0,15.0,3.0,9.0,14.0,3.0,14.0,2.0,1.0,7.0,4.0,6.0,9.0,5.0,5.0,2.0,15.0,6.0,12.0,0.0,7.0,4.0,14.0,1.0,15.0,5.0,15.0,5.0
199.9317054389648,9.0,4.0,9.0,2.0,7.0,1.0,3.0,9.0,14.0,3.0,14.0,2.0,3.0,7.0,4.0,5.0,9.0,5.0,5.0,2.0,5.0,6.0,12.0,0.0,7.0,4.0,14.0,1.0,10.0,5.0,15.0,5.0
372.9396482569071,14.0,4.0,9.0,2.0,6.0,7.0,3.0,9.0,14.0,3.0,14.0,2.0,1.0,7.0,4.0,5.0,9.0,5.0,5.0,2.0,10.0,6.0,12.0,0.0,7.0,4.0,2.0,1.0,6.0,5.0,15.0,5.0
219.6868138622874,9.0,4.0,9.0,2.0,6.0,1.0,3.0,9.0,14.0,3.0,14.0,2.0,1.0,7.0,4.0,5.0,9.0,5.0,5.0,7.0,7.0,6.0,12.0,0.0,7.0,4.0,14.0,1.0,15.0,5.0,15.0,5.0
397.7330464958997,0.0,4.0,9.0,2.0,11.0,1.0,3.0,9.0,14.0,3.0,14.0,2.0,1.0,7.0,4.0,5.0,9.0,5.0,5.0,7.0,7.0,6.0,12.0,0.0,7.0,4.0,7.0,1.0,15.0,5.0,15.0,5.0
178.35531516249233,9.0,4.0,9.0,2.0,6.0,1.0,3.0,9.0,14.0,3.0,14.0,2.0,1.0,12.0,4.0,5.0,9.0,5.0,5.0,9.0,7.0,6.0,12.0,0.0,7.0,4.0,14.0,1.0,15.0,5.0,15.0,5.0
249.1405911540015,9.0,4.0,9.0,2.0,7.0,1.0,3.0,9.0,14.0,3.0,14.0,2.0,1.0,7.0,4.0,5.0,9.0,5.0,5.0,2.0,5.0,6.0,12.0,0.0,7.0,4.0,12.0,1.0,6.0,5.0,15.0,1.0
217.1048095607538,15.0,4.0,9.0,2.0,7.0,1.0,3.0,9.0,11.0,3.0,14.0,2.0,1.0,11.0,4.0,5.0,9.0,5.0,5.0,2.0,14.0,6.0,12.0,0.0,13.0,4.0,12.0,1.0,8.0,5.0,15.0,5.0
493.14731896987513,1.0,4.0,9.0,2.0,7.0,6.0,3.0,9.0,14.0,3.0,14.0,2.0,1.0,1.0,4.0,5.0,9.0,6.0,5.0,2.0,10.0,6.0,12.0,0.0,7.0,4.0,12.0,1.0,15.0,5.0,15.0,5.0
346.04842059268725,2.0,4.0,9.0,2.0,7.0,15.0,3.0,9.0,14.0,3.0,14.0,2.0,1.0,14.0,4.0,5.0,9.0,5.0,5.0,7.0,15.0,6.0,12.0,0.0,7.0,4.0,12.0,1.0,15.0,5.0,15.0,5.0
327.6793259691282,9.0,9.0,9.0,2.0,7.0,7.0,3.0,9.0,14.0,3.0,14.0,2.0,1.0,7.0,4.0,5.0,9.0,5.0,5.0,2.0,5.0,6.0,12.0,0.0,3.0,4.0,12.0,1.0,15.0,5.0,15.0,5.0
396.68067616537826,14.0,4.0,9.0,2.0,7.0,1.0,3.0,13.0,14.0,3.0,14.0,2.0,7.0,11.0,4.0,5.0,9.0,5.0,5.0,2.0,5.0,6.0,12.0,0.0,7.0,15.0,12.0,1.0,6.0,5.0,15.0,5.0
247.14949292267616,13.0,4.0,9.0,2.0,6.0,1.0,3.0,9.0,14.0,3.0,14.0,2.0,3.0,11.0,4.0,5.0,9.0,5.0,5.0,2.0,5.0,6.0,12.0,0.0,7.0,4.0,7.0,1.0,2.0,5.0,15.0,5.0
280.9214079871107,13.0,4.0,5.0,2.0,7.0,1.0,4.0,9.0,14.0,3.0,14.0,2.0,7.0,11.0,4.0,5.0,9.0,5.0,5.0,2.0,7.0,6.0,12.0,0.0,7.0,4.0,7.0,1.0,15.0,5.0,15.0,5.0
238.64418947361307,13.0,4.0,9.0,2.0,6.0,1.0,3.0,9.0,14.0,3.0,14.0,2.0,7.0,7.0,4.0,5.0,9.0,5.0,5.0,2.0,7.0,6.0,12.0,0.0,13.0,4.0,7.0,1.0,10.0,5.0,15.0,5.0
201.17818886493538,13.0,4.0,9.0,2.0,7.0,1.0,3.0,7.0,14.0,3.0,14.0,3.0,3.0,11.0,4.0,5.0,9.0,5.0,5.0,2.0,7.0,6.0,12.0,0.0,8.0,4.0,12.0,1.0,6.0,5.0,15.0,5.0
394.67921854218105,13.0,4.0,9.0,2.0,6.0,1.0,3.0,9.0,14.0,3.0,14.0,2.0,8.0,11.0,4.0,2.0,9.0,5.0,5.0,2.0,1.0,6.0,12.0,0.0,7.0,4.0,7.0,1.0,2.0,5.0,15.0,5.0
313.05519516096666,9.0,4.0,9.0,2.0,7.0,1.0,3.0,9.0,14.0,3.0,14.0,2.0,7.0,11.0,4.0,5.0,9.0,5.0,5.0,2.0,5.0,6.0,12.0,10.0,8.0,4.0,14.0,1.0,6.0,5.0,15.0,5.0
250.7712118406423,9.0,4.0,9.0,2.0,7.0,1.0,3.0,9.0,14.0,3.0,14.0,2.0,7.0,11.0,4.0,5.0,9.0,6.0,5.0,2.0,6.0,6.0,12.0,0.0,7.0,4.0,12.0,1.0,15.0,5.0,15.0,5.0
222.83929295837333,2.0,4.0,8.0,2.0,7.0,1.0,3.0,9.0,14.0,3.0,14.0,2.0,3.0,11.0,4.0,5.0,9.0,5.0,5.0,2.0,7.0,3.0,12.0,0.0,8.0,4.0,12.0,1.0,15.0,5.0,15.0,5.0
462.6520389946117,0.0,4.0,5.0,2.0,7.0,1.0,3.0,9.0,14.0,3.0,14.0,2.0,4.0,11.0,4.0,5.0,9.0,5.0,5.0,2.0,1.0,6.0,12.0,0.0,8.0,4.0,14.0,1.0,6.0,5.0,15.0,5.0
262.0814992401954,13.0,4.0,9.0,2.0,7.0,1.0,3.0,13.0,14.0,3.0,14.0,2.0,15.0,11.0,4.0,5.0,9.0,6.0,5.0,2.0,7.0,1.0,12.0,0.0,7.0,4.0,12.0,1.0,15.0,5.0,15.0,5.0
187.9744454565374,13.0,4.0,8.0,2.0,7.0,1.0,3.0,9.0,14.0,3.0,7.0,2.0,3.0,7.0,4.0,5.0,9.0,5.0,5.0,7.0,5.0,6.0,12.0,0.0,7.0,4.0,12.0,1.0,15.0,5.0,15.0,5.0
264.3125077595121,13.0,4.0,9.0,2.0,7.0,6.0,3.0,9.0,14.0,3.0,12.0,2.0,3.0,11.0,4.0,5.0,9.0,9.0,5.0,5.0,10.0,6.0,12.0,5.0,7.0,4.0,12.0,1.0,15.0,5.0,15.0,3.0
237.50873093346635,13.0,4.0,9.0,2.0,7.0,6.0,3.0,5.0,14.0,0.0,12.0,2.0,15.0,7.0,4.0,5.0,9.0,5.0,5.0,2.0,7.0,6.0,12.0,0.0,7.0,4.0,12.0,1.0,15.0,5.0,15.0,3.0
214.42695155609448,13.0,4.0,12.0,2.0,7.0,1.0,3.0,9.0,14.0,3.0,12.0,2.0,3.0,11.0,4.0,5.0,7.0,5.0,5.0,11.0,7.0,3.0,12.0,0.0,7.0,4.0,12.0,1.0,15.0,5.0,15.0,5.0
361.8789650586955,13.0,4.0,1.0,2.0,7.0,1.0,3.0,9.0,14.0,3.0,7.0,2.0,5.0,7.0,4.0,5.0,9.0,5.0,5.0,7.0,13.0,6.0,12.0,0.0,7.0,4.0,12.0,1.0,15.0,5.0,15.0,5.0
236.96290651697035,5.0,4.0,8.0,2.0,6.0,1.0,3.0,9.0,14.0,3.0,7.0,2.0,3.0,7.0,4.0,5.0,11.0,5.0,5.0,7.0,5.0,8.0,12.0,0.0,7.0,4.0,12.0,1.0,15.0,5.0,15.0,5.0
190.71558972711412,13.0,4.0,8.0,2.0,6.0,1.0,3.0,9.0,14.0,3.0,12.0,2.0,3.0,7.0,7.0,5.0,7.0,5.0,5.0,7.0,5.0,6.0,12.0,0.0,7.0,4.0,12.0,1.0,15.0,5.0,15.0,3.0
225.7586788614086,13.0,4.0,8.0,2.0,11.0,6.0,3.0,9.0,14.0,3.0,7.0,2.0,3.0,7.0,4.0,5.0,9.0,5.0,5.0,7.0,5.0,3.0,12.0,0.0,7.0,4.0,12.0,1.0,15.0,5.0,15.0,2.0
186.72238986919902,13.0,4.0,8.0,2.0,6.0,6.0,3.0,9.0,14.0,3.0,7.0,2.0,3.0,7.0,7.0,5.0,9.0,5.0,5.0,7.0,5.0,6.0,12.0,0.0,7.0,0.0,12.0,1.0,15.0,5.0,15.0,3.0
246.05613404412932,9.0,4.0,8.0,2.0,6.0,6.0,3.0,13.0,4.0,3.0,7.0,2.0,3.0,7.0,4.0,5.0,9.0,5.0,5.0,7.0,5.0,6.0,12.0,0.0,7.0,4.0,12.0,1.0,15.0,5.0,15.0,7.0
227.69839532620568,13.0,4.0,8.0,2.0,6.0,1.0,3.0,13.0,14.0,3.0,10.0,2.0,3.0,7.0,4.0,5.0,9.0,6.0,5.0,7.0,5.0,6.0,12.0,0.0,7.0,4.0,12.0,1.0,15.0,5.0,15.0,5.0
474.1679823768112,0.0,4.0,8.0,2.0,6.0,1.0,3.0,9.0,4.0,3.0,7.0,2.0,3.0,7.0,4.0,5.0,7.0,6.0,5.0,7.0,5.0,14.0,12.0,0.0,7.0,4.0,12.0,1.0,15.0,5.0,15.0,5.0
275.5382153627676,3.0,4.0,8.0,2.0,6.0,6.0,3.0,13.0,4.0,3.0,7.0,2.0,3.0,7.0,4.0,5.0,9.0,5.0,5.0,7.0,5.0,6.0,12.0,0.0,7.0,4.0,12.0,1.0,15.0,5.0,15.0,7.0
311.14056756589207,13.0,4.0,8.0,2.0,6.0,1.0,11.0,9.0,14.0,3.0,7.0,2.0,3.0,7.0,4.0,5.0,11.0,5.0,5.0,7.0,5.0,6.0,12.0,0.0,7.0,4.0,12.0,1.0,15.0,5.0,15.0,7.0
195.17954397362462,13.0,4.0,8.0,2.0,11.0,6.0,3.0,9.0,14.0,3.0,7.0,2.0,3.0,7.0,4.0,5.0,7.0,5.0,5.0,7.0,8.0,3.0,12.0,0.0,7.0,4.0,12.0,1.0,15.0,5.0,15.0,5.0
397.3274771762919,13.0,4.0,8.0,2.0,7.0,1.0,3.0,9.0,14.0,3.0,2.0,3.0,3.0,7.0,7.0,5.0,11.0,5.0,4.0,7.0,5.0,6.0,12.0,0.0,7.0,15.0,12.0,1.0,15.0,5.0,15.0,5.0
230.90054163739774,13.0,4.0,8.0,2.0,7.0,1.0,3.0,9.0,14.0,3.0,12.0,2.0,3.0,7.0,4.0,5.0,11.0,5.0,5.0,9.0,5.0,6.0,12.0,0.0,7.0,1.0,12.0,1.0,15.0,5.0,15.0,5.0
265.2474282024149,2.0,4.0,8.0,2.0,7.0,1.0,3.0,9.0,14.0,3.0,12.0,2.0,3.0,7.0,4.0,5.0,10.0,5.0,15.0,7.0,5.0,6.0,12.0,0.0,7.0,7.0,12.0,1.0,15.0,5.0,15.0,3.0
306.1606626364844,13.0,4.0,8.0,2.0,7.0,1.0,3.0,9.0,14.0,3.0,4.0,2.0,3.0,7.0,4.0,5.0,11.0,6.0,4.0,7.0,5.0,6.0,12.0,0.0,7.0,11.0,12.0,1.0,15.0,5.0,15.0,3.0
356.18025488148845,13.0,4.0,8.0,2.0,7.0,1.0,3.0,9.0,14.0,3.0,12.0,3.0,3.0,7.0,4.0,5.0,11.0,5.0,5.0,7.0,5.0,6.0,12.0,0.0,7.0,15.0,12.0,1.0,15.0,5.0,15.0,5.0
371.45042671157114,13.0,4.0,8.0,2.0,7.0,1.0,3.0,7.0,14.0,3.0,7.0,2.0,3.0,7.0,0.0,5.0,2.0,5.0,5.0,7.0,5.0,8.0,12.0,0.0,7.0,4.0,12.0,1.0,15.0,5.0,15.0,5.0
173.29162797597414,13.0,4.0,8.0,2.0,14.0,1.0,3.0,9.0,14.0,3.0,7.0,2.0,3.0,7.0,7.0,5.0,10.0,5.0,5.0,7.0,5.0,6.0,12.0,0.0,7.0,4.0,12.0,1.0,15.0,3.0,15.0,5.0
222.4058394169351,13.0,4.0,8.0,0.0,7.0,1.0,3.0,9.0,14.0,3.0,7.0,2.0,3.0,7.0,7.0,5.0,9.0,5.0,5.0,7.0,5.0,6.0,12.0,0.0,7.0,4.0,12.0,1.0,2.0,5.0,15.0,5.0
193.33708617716246,13.0,4.0,8.0,2.0,7.0,1.0,3.0,9.0,14.0,3.0,7.0,2.0,3.0,7.0,7.0,5.0,7.0,5.0,5.0,7.0,5.0,1.0,12.0,0.0,7.0,4.0,12.0,1.0,15.0,5.0,15.0,5.0
252.52906875126288,13.0,4.0,8.0,2.0,6.0,1.0,3.0,9.0,14.0,3.0,12.0,2.0,3.0,7.0,7.0,5.0,14.0,5.0,5.0,7.0,5.0,6.0,12.0,0.0,7.0,4.0,12.0,5.0,2.0,5.0,15.0,5.0
253.90566379185879,13.0,4.0,8.0,2.0,7.0,1.0,11.0,9.0,14.0,3.0,7.0,2.0,15.0,7.0,7.0,5.0,9.0,5.0,5.0,7.0,5.0,6.0,12.0,0.0,7.0,4.0,12.0,1.0,15.0,5.0,15.0,5.0
268.3963711161925,13.0,4.0,8.0,2.0,14.0,1.0,3.0,9.0,14.0,3.0,7.0,2.0,3.0,7.0,4.0,3.0,9.0,5.0,5.0,7.0,5.0,6.0,12.0,0.0,7.0,4.0,12.0,1.0,2.0,3.0,15.0,5.0
395.69509496784286,13.0,4.0,8.0,2.0,6.0,1.0,3.0,9.0,14.0,3.0,12.0,2.0,3.0,7.0,0.0,5.0,9.0,5.0,5.0,7.0,5.0,6.0,12.0,0.0,7.0,4.0,12.0,1.0,2.0,5.0,15.0,5.0
171.44052178767274,13.0,4.0,8.0,2.0,7.0,1.0,3.0,9.0,14.0,3.0,7.0,2.0,3.0,7.0,7.0,5.0,7.0,5.0,5.0,7.0,10.0,6.0,12.0,0.0,7.0,4.0,13.0,1.0,15.0,3.0,15.0,5.0
189.89533267971316,13.0,4.0,8.0,2.0,7.0,1.0,3.0,7.0,14.0,3.0,12.0,2.0,3.0,7.0,7.0,5.0,9.0,5.0,5.0,7.0,5.0,6.0,12.0,0.0,7.0,4.0,12.0,1.0,2.0,14.0,15.0,5.0
185.04938491243345,13.0,4.0,8.0,2.0,11.0,1.0,3.0,9.0,14.0,3.0,7.0,2.0,3.0,7.0,7.0,5.0,7.0,5.0,7.0,7.0,10.0,6.0,12.0,0.0,8.0,4.0,11.0,1.0,15.0,3.0,15.0,5.0
187.7411189044513,13.0,4.0,8.0,2.0,6.0,1.0,3.0,9.0,14.0,3.0,7.0,2.0,3.0,7.0,7.0,5.0,7.0,5.0,5.0,7.0,10.0,6.0,12.0,0.0,7.0,4.0,13.0,1.0,14.0,3.0,15.0,5.0
347.0937938510678,13.0,4.0,8.0,2.0,14.0,1.0,3.0,9.0,14.0,3.0,7.0,2.0,3.0,7.0,7.0,5.0,7.0,5.0,5.0,7.0,10.0,6.0,12.0,0.0,1.0,4.0,13.0,1.0,2.0,3.0,15.0,5.0
185.62639399089252,5.0,4.0,8.0,2.0,14.0,1.0,3.0,9.0,14.0,6.0,7.0,2.0,3.0,7.0,7.0,5.0,7.0,5.0,5.0,7.0,10.0,6.0,12.0,0.0,7.0,4.0,13.0,1.0,15.0,3.0,15.0,5.0
313.418042022108,5.0,4.0,8.0,2.0,6.0,1.0,3.0,9.0,14.0,3.0,7.0,2.0,3.0,7.0,7.0,5.0,7.0,5.0,1.0,7.0,10.0,6.0,12.0,0.0,7.0,4.0,13.0,1.0,2.0,3.0,15.0,5.0
250.37522442542954,14.0,4.0,8.0,2.0,13.0,1.0,3.0,9.0,14.0,3.0,2.0,2.0,3.0,7.0,7.0,5.0,7.0,5.0,5.0,7.0,10.0,6.0,12.0,0.0,7.0,4.0,13.0,1.0,15.0,3.0,15.0,5.0
193.61673630466973,5.0,4.0,8.0,2.0,11.0,1.0,3.0,9.0,14.0,3.0,10.0,2.0,3.0,7.0,7.0,5.0,7.0,5.0,5.0,7.0,10.0,6.0,12.0,0.0,7.0,4.0,13.0,1.0,15.0,3.0,15.0,5.0
291.3583321224257,5.0,4.0,8.0,2.0,11.0,1.0,3.0,9.0,14.0,3.0,7.0,2.0,0.0,7.0,7.0,5.0,7.0,5.0,5.0,7.0,10.0,6.0,12.0,0.0,7.0,4.0,13.0,1.0,15.0,3.0,15.0,5.0
188.63982028484648,5.0,4.0,8.0,2.0,15.0,1.0,3.0,9.0,14.0,3.0,7.0,2.0,3.0,7.0,7.0,5.0,7.0,5.0,5.0,7.0,10.0,6.0,6.0,0.0,8.0,4.0,13.0,1.0,15.0,3.0,15.0,5.0
171.46639616524365,5.0,4.0,8.0,2.0,14.0,1.0,3.0,9.0,14.0,3.0,7.0,2.0,3.0,7.0,7.0,5.0,7.0,5.0,5.0,7.0,10.0,6.0,12.0,0.0,7.0,4.0,13.0,1.0,15.0,3.0,15.0,5.0
153.0677795410538,13.0,4.0,8.0,2.0,13.0,1.0,3.0,9.0,14.0,3.0,7.0,2.0,3.0,7.0,7.0,5.0,7.0,5.0,5.0,7.0,10.0,6.0,8.0,0.0,8.0,4.0,13.0,1.0,15.0,3.0,15.0,5.0
216.0562384508025,14.0,4.0,8.0,2.0,6.0,1.0,3.0,9.0,14.0,3.0,7.0,9.0,3.0,7.0,7.0,5.0,7.0,5.0,5.0,9.0,10.0,6.0,12.0,0.0,7.0,4.0,13.0,1.0,15.0,3.0,15.0,5.0
200.0230826233673,13.0,4.0,8.0,2.0,11.0,1.0,3.0,9.0,14.0,3.0,7.0,2.0,3.0,15.0,7.0,5.0,7.0,5.0,5.0,7.0,10.0,6.0,12.0,0.0,7.0,4.0,13.0,1.0,15.0,3.0,15.0,5.0
236.47592339683936,9.0,4.0,8.0,2.0,13.0,1.0,0.0,9.0,14.0,3.0,7.0,2.0,3.0,7.0,7.0,5.0,7.0,5.0,5.0,7.0,10.0,6.0,12.0,0.0,7.0,4.0,13.0,1.0,15.0,3.0,15.0,5.0
150.08470848467365,13.0,4.0,8.0,2.0,14.0,1.0,3.0,9.0,14.0,3.0,7.0,2.0,3.0,7.0,7.0,5.0,7.0,5.0,5.0,7.0,10.0,6.0,8.0,0.0,7.0,4.0,13.0,1.0,15.0,3.0,15.0,5.0
413.12279427820005,2.0,4.0,8.0,2.0,7.0,1.0,3.0,7.0,14.0,3.0,7.0,2.0,3.0,7.0,7.0,14.0,7.0,5.0,5.0,7.0,10.0,6.0,12.0,0.0,8.0,4.0,13.0,1.0,2.0,3.0,15.0,5.0
238.19462016718026,5.0,4.0,8.0,2.0,7.0,1.0,13.0,9.0,14.0,3.0,7.0,2.0,3.0,7.0,7.0,5.0,7.0,5.0,5.0,7.0,10.0,6.0,12.0,0.0,7.0,4.0,13.0,1.0,15.0,3.0,15.0,5.0
172.95278253972037,9.0,4.0,8.0,2.0,7.0,1.0,3.0,9.0,14.0,3.0,12.0,2.0,3.0,7.0,7.0,5.0,7.0,5.0,5.0,7.0,10.0,6.0,12.0,0.0,7.0,4.0,15.0,1.0,15.0,3.0,15.0,5.0
215.47356705543822,8.0,4.0,3.0,2.0,8.0,1.0,3.0,9.0,14.0,3.0,7.0,2.0,3.0,7.0,7.0,5.0,7.0,5.0,5.0,7.0,10.0,6.0,12.0,0.0,7.0,4.0,13.0,1.0,15.0,3.0,15.0,5.0
186.666799765802,14.0,4.0,8.0,7.0,7.0,1.0,3.0,9.0,14.0,3.0,7.0,2.0,3.0,7.0,7.0,5.0,7.0,5.0,5.0,7.0,10.0,6.0,12.0,0.0,8.0,4.0,14.0,1.0,10.0,3.0,15.0,5.0
170.67115661087732,5.0,4.0,8.0,2.0,7.0,1.0,3.0,9.0,14.0,3.0,7.0,2.0,3.0,7.0,7.0,5.0,7.0,5.0,5.0,7.0,10.0,6.0,12.0,0.0,8.0,4.0,14.0,1.0,15.0,3.0,15.0,5.0
238.66968622057374,2.0,4.0,8.0,2.0,7.0,1.0,3.0,9.0,14.0,3.0,7.0,2.0,3.0,7.0,7.0,5.0,7.0,5.0,5.0,9.0,10.0,6.0,12.0,0.0,8.0,4.0,13.0,1.0,10.0,3.0,15.0,5.0
502.91681764974857,2.0,4.0,1.0,2.0,7.0,1.0,3.0,9.0,14.0,3.0,7.0,2.0,3.0,7.0,7.0,5.0,7.0,5.0,5.0,7.0,10.0,6.0,12.0,0.0,7.0,4.0,2.0,1.0,10.0,3.0,15.0,5.0
235.57455703625985,2.0,4.0,8.0,2.0,7.0,1.0,3.0,9.0,14.0,3.0,7.0,2.0,3.0,7.0,7.0,5.0,7.0,5.0,5.0,7.0,10.0,6.0,12.0,0.0,8.0,7.0,13.0,1.0,15.0,3.0,15.0,5.0
218.78745758642748,2.0,4.0,8.0,2.0,14.0,1.0,3.0,9.0,14.0,3.0,7.0,2.0,3.0,7.0,7.0,5.0,7.0,5.0,5.0,7.0,10.0,6.0,12.0,0.0,7.0,4.0,14.0,1.0,10.0,3.0,15.0,5.0
149.31534330787824,5.0,4.0,8.0,2.0,14.0,1.0,3.0,9.0,14.0,3.0,7.0,2.0,3.0,7.0,7.0,5.0,7.0,5.0,5.0,7.0,10.0,6.0,8.0,0.0,8.0,4.0,14.0,1.0,15.0,3.0,15.0,5.0
223.998373116117,5.0,4.0,8.0,2.0,7.0,11.0,3.0,9.0,14.0,3.0,7.0,2.0,3.0,7.0,7.0,5.0,7.0,5.0,5.0,7.0,10.0,6.0,12.0,0.0,8.0,4.0,14.0,1.0,15.0,3.0,15.0,5.0
186.92407916176788,5.0,4.0,8.0,2.0,6.0,1.0,3.0,9.0,14.0,3.0,7.0,2.0,3.0,7.0,7.0,5.0,7.0,5.0,5.0,5.0,10.0,6.0,12.0,0.0,8.0,4.0,14.0,1.0,15.0,3.0,15.0,5.0
169.77199903311114,5.0,4.0,8.0,2.0,14.0,1.0,3.0,9.0,14.0,3.0,7.0,2.0,3.0,7.0,7.0,5.0,7.0,5.0,5.0,9.0,10.0,6.0,12.0,0.0,8.0,4.0,14.0,1.0,15.0,3.0,15.0,5.0
188.0863776935814,5.0,4.0,8.0,2.0,6.0,1.0,3.0,9.0,14.0,3.0,7.0,2.0,3.0,7.0,7.0,5.0,7.0,5.0,8.0,7.0,10.0,6.0,12.0,0.0,8.0,4.0,14.0,1.0,15.0,3.0,15.0,5.0
248.1983200894465,5.0,4.0,8.0,2.0,14.0,1.0,3.0,9.0,14.0,3.0,7.0,2.0,3.0,7.0,7.0,5.0,7.0,5.0,5.0,9.0,10.0,6.0,12.0,0.0,8.0,4.0,14.0,1.0,2.0,3.0,15.0,5.0
192.68453673709215,5.0,4.0,8.0,2.0,14.0,1.0,3.0,9.0,14.0,3.0,7.0,2.0,3.0,7.0,7.0,5.0,7.0,5.0,5.0,9.0,10.0,8.0,12.0,0.0,8.0,4.0,14.0,1.0,15.0,3.0,15.0,5.0
176.57134662676648,5.0,4.0,8.0,2.0,14.0,1.0,3.0,7.0,14.0,3.0,7.0,2.0,3.0,7.0,7.0,5.0,7.0,5.0,5.0,9.0,10.0,6.0,12.0,0.0,8.0,4.0,14.0,1.0,15.0,3.0,15.0,5.0
195.24327288953268,5.0,4.0,8.0,2.0,14.0,1.0,3.0,7.0,14.0,3.0,7.0,2.0,3.0,7.0,7.0,5.0,7.0,5.0,5.0,9.0,10.0,6.0,12.0,0.0,8.0,7.0,14.0,1.0,15.0,3.0,15.0,5.0
150.40319247713964,5.0,4.0,8.0,2.0,14.0,1.0,3.0,9.0,14.0,3.0,7.0,2.0,3.0,7.0,7.0,5.0,7.0,5.0,5.0,9.0,10.0,3.0,12.0,0.0,8.0,4.0,14.0,1.0,15.0,3.0,15.0,5.0
188.44392529587734,5.0,4.0,8.0,2.0,14.0,1.0,3.0,9.0,14.0,3.0,7.0,2.0,3.0,7.0,7.0,5.0,7.0,5.0,5.0,9.0,10.0,6.0,12.0,0.0,8.0,7.0,14.0,1.0,15.0,3.0,15.0,5.0
150.40319247713964,5.0,4.0,8.0,2.0,14.0,1.0,3.0,9.0,14.0,3.0,7.0,2.0,3.0,7.0,7.0,5.0,7.0,5.0,5.0,9.0,10.0,3.0,12.0,0.0,8.0,4.0,14.0,1.0,15.0,3.0,15.0,5.0
157.78382545394527,5.0,4.0,8.0,2.0,14.0,1.0,3.0,9.0,14.0,3.0,7.0,2.0,3.0,7.0,7.0,5.0,7.0,5.0,5.0,5.0,10.0,6.0,12.0,0.0,8.0,4.0,14.0,1.0,15.0,3.0,15.0,3.0
165.78382545394527,5.0,4.0,8.0,2.0,14.0,1.0,3.0,9.0,14.0,3.0,7.0,2.0,3.0,7.0,7.0,5.0,7.0,5.0,5.0,9.0,10.0,6.0,12.0,0.0,8.0,4.0,14.0,1.0,15.0,3.0,15.0,3.0
157.78382545394527,5.0,4.0,8.0,2.0,14.0,1.0,3.0,9.0,14.0,3.0,7.0,2.0,3.0,7.0,7.0,5.0,7.0,5.0,5.0,5.0,10.0,6.0,12.0,0.0,8.0,4.0,14.0,1.0,15.0,3.0,15.0,3.0
149.84319102757226,5.0,4.0,8.0,2.0,14.0,3.0,3.0,9.0,14.0,3.0,7.0,2.0,3.0,7.0,7.0,5.0,7.0,5.0,5.0,9.0,10.0,3.0,12.0,0.0,8.0,4.0,14.0,1.0,15.0,3.0,15.0,5.0
228.829513533475,5.0,4.0,8.0,2.0,14.0,1.0,3.0,9.0,14.0,3.0,7.0,2.0,3.0,7.0,7.0,5.0,7.0,5.0,5.0,9.0,10.0,3.0,12.0,0.0,8.0,4.0,14.0,1.0,2.0,3.0,15.0,5.0
143.8913125240658,5.0,4.0,8.0,2.0,14.0,1.0,3.0,9.0,14.0,3.0,14.0,2.0,3.0,7.0,7.0,5.0,7.0,5.0,5.0,9.0,10.0,3.0,12.0,0.0,8.0,4.0,14.0,1.0,15.0,3.0,15.0,5.0
146.41501889797377,5.0,4.0,8.0,2.0,14.0,1.0,3.0,9.0,14.0,3.0,7.0,2.0,3.0,7.0,7.0,5.0,7.0,5.0,5.0,9.0,10.0,3.0,12.0,0.0,8.0,4.0,14.0,1.0,15.0,3.0,15.0,3.0
186.12402914317127,5.0,4.0,8.0,2.0,14.0,1.0,3.0,9.0,14.0,3.0,7.0,2.0,3.0,7.0,7.0,5.0,7.0,5.0,13.0,9.0,10.0,3.0,12.0,0.0,8.0,4.0,14.0,1.0,15.0,3.0,15.0,5.0
209.6177043542643,5.0,4.0,8.0,2.0,14.0,1.0,3.0,9.0,14.0,3.0,7.0,2.0,3.0,7.0,7.0,5.0,7.0,5.0,10.0,7.0,10.0,8.0,12.0,0.0,8.0,4.0,14.0,1.0,15.0,3.0,15.0,5.0
278.23898466506165,5.0,4.0,8.0,2.0,6.0,1.0,3.0,9.0,14.0,3.0,7.0,2.0,3.0,7.0,7.0,5.0,7.0,5.0,5.0,9.0,10.0,8.0,12.0,0.0,2.0,4.0,14.0,1.0,15.0,3.0,15.0,5.0
335.5359044272621,5.0,4.0,8.0,2.0,14.0,1.0,3.0,9.0,14.0,3.0,12.0,2.0,3.0,7.0,7.0,5.0,7.0,5.0,5.0,1.0,10.0,14.0,12.0,0.0,8.0,4.0,14.0,1.0,15.0,3.0,15.0,5.0
335.25637218888386,0.0,4.0,8.0,2.0,14.0,1.0,3.0,9.0,14.0,3.0,7.0,2.0,3.0,7.0,7.0,5.0,7.0,5.0,5.0,7.0,10.0,7.0,12.0,0.0,8.0,4.0,14.0,1.0,15.0,3.0,15.0,5.0
254.24404667340028,5.0,4.0,8.0,11.0,14.0,1.0,3.0,9.0,14.0,3.0,7.0,2.0,3.0,7.0,7.0,5.0,7.0,5.0,5.0,9.0,10.0,7.0,12.0,0.0,8.0,4.0,14.0,1.0,15.0,3.0,15.0,5.0
161.29467815408736,13.0,4.0,8.0,2.0,14.0,1.0,3.0,13.0,14.0,3.0,7.0,2.0,3.0,7.0,7.0,5.0,7.0,5.0,5.0,11.0,7.0,6.0,12.0,0.0,8.0,4.0,14.0,1.0,15.0,3.0,15.0,3.0
294.4663667705063,5.0,4.0,8.0,2.0,14.0,11.0,3.0,9.0,4.0,3.0,7.0,2.0,3.0,7.0,7.0,5.0,7.0,5.0,5.0,11.0,10.0,6.0,12.0,0.0,8.0,4.0,14.0,1.0,15.0,3.0,15.0,3.0
320.43129678092185,0.0,4.0,8.0,2.0,14.0,1.0,3.0,9.0,14.0,3.0,7.0,2.0,3.0,7.0,7.0,5.0,7.0,5.0,5.0,2.0,10.0,3.0,12.0,0.0,8.0,4.0,14.0,1.0,15.0,3.0,15.0,5.0
185.60323344806972,5.0,4.0,8.0,2.0,14.0,1.0,3.0,9.0,14.0,3.0,5.0,2.0,3.0,7.0,7.0,5.0,7.0,5.0,5.0,7.0,10.0,6.0,12.0,0.0,8.0,4.0,14.0,1.0,15.0,3.0,15.0,3.0
188.25147336238342,5.0,4.0,8.0,2.0,14.0,1.0,3.0,9.0,14.0,6.0,7.0,2.0,3.0,7.0,7.0,5.0,7.0,5.0,5.0,11.0,10.0,6.0,15.0,0.0,8.0,4.0,14.0,1.0,15.0,3.0,15.0,3.0
259.7877778214098,5.0,4.0,8.0,11.0,14.0,1.0,3.0,9.0,14.0,3.0,7.0,2.0,3.0,7.0,7.0,5.0,7.0,5.0,5.0,11.0,10.0,6.0,12.0,0.0,8.0,4.0,14.0,1.0,15.0,3.0,15.0,5.0
201.7498916082865,5.0,4.0,8.0,2.0,14.0,1.0,3.0,9.0,14.0,3.0,12.0,2.0,3.0,7.0,7.0,5.0,7.0,5.0,5.0,14.0,15.0,3.0,12.0,0.0,8.0,4.0,14.0,1.0,15.0,3.0,15.0,5.0
230.84697422216615,6.0,4.0,8.0,2.0,14.0,11.0,3.0,9.0,14.0,3.0,7.0,2.0,3.0,7.0,7.0,5.0,7.0,5.0,5.0,7.0,10.0,6.0,12.0,0.0,8.0,4.0,14.0,1.0,15.0,3.0,15.0,5.0
225.6647391014712,2.0,4.0,8.0,2.0,14.0,1.0,3.0,9.0,14.0,3.0,7.0,2.0,3.0,7.0,7.0,5.0,7.0,5.0,5.0,11.0,10.0,6.0,12.0,0.0,8.0,4.0,14.0,1.0,15.0,3.0,15.0,5.0
272.16840450214096,5.0,4.0,8.0,2.0,14.0,14.0,3.0,9.0,14.0,3.0,7.0,2.0,3.0,7.0,7.0,5.0,7.0,5.0,5.0,7.0,7.0,3.0,12.0,0.0,8.0,4.0,14.0,1.0,15.0,3.0,15.0,5.0
312.20470470106767,5.0,7.0,8.0,7.0,14.0,1.0,3.0,9.0,14.0,3.0,12.0,2.0,3.0,7.0,7.0,5.0,7.0,5.0,5.0,11.0,10.0,3.0,12.0,0.0,8.0,4.0,2.0,1.0,15.0,3.0,15.0,5.0
230.01497374862134,5.0,4.0,8.0,7.0,14.0,1.0,3.0,9.0,14.0,3.0,7.0,2.0,3.0,7.0,7.0,5.0,7.0,5.0,5.0,11.0,14.0,6.0,12.0,0.0,8.0,4.0,5.0,1.0,15.0,3.0,15.0,5.0
267.1534181403828,5.0,4.0,8.0,7.0,14.0,1.0,3.0,9.0,14.0,3.0,2.0,2.0,3.0,7.0,7.0,5.0,7.0,5.0,5.0,9.0,8.0,6.0,12.0,0.0,8.0,4.0,13.0,1.0,15.0,3.0,15.0,5.0
197.54962527688113,5.0,4.0,8.0,2.0,14.0,1.0,3.0,9.0,14.0,3.0,12.0,2.0,3.0,7.0,7.0,5.0,7.0,5.0,5.0,11.0,10.0,6.0,12.0,0.0,8.0,4.0,9.0,1.0,15.0,3.0,15.0,5.0
175.75483872738906,5.0,4.0,8.0,2.0,7.0,1.0,3.0,9.0,14.0,3.0,12.0,2.0,3.0,7.0,7.0,5.0,7.0,5.0,5.0,9.0,10.0,3.0,12.0,0.0,8.0,4.0,13.0,1.0,15.0,3.0,15.0,5.0
316.28875326360986,5.0,4.0,8.0,2.0,14.0,1.0,3.0,9.0,14.0,3.0,7.0,2.0,3.0,7.0,7.0,5.0,7.0,5.0,5.0,7.0,10.0,6.0,5.0,0.0,8.0,4.0,2.0,1.0,15.0,3.0,15.0,5.0
156.5466177828466,5.0,4.0,8.0,2.0,14.0,1.0,3.0,13.0,14.0,3.0,7.0,2.0,3.0,7.0,7.0,5.0,7.0,5.0,5.0,5.0,7.0,6.0,12.0,0.0,8.0,4.0,13.0,1.0,15.0,3.0,15.0,5.0
277.0041755413918,5.0,4.0,8.0,2.0,14.0,1.0,2.0,9.0,14.0,3.0,7.0,2.0,3.0,7.0,7.0,5.0,7.0,5.0,5.0,11.0,7.0,3.0,12.0,0.0,8.0,4.0,2.0,1.0,15.0,3.0,15.0,5.0
278.0093693220461,5.0,4.0,8.0,2.0,14.0,1.0,3.0,7.0,11.0,3.0,7.0,2.0,3.0,7.0,7.0,5.0,7.0,5.0,5.0,7.0,7.0,3.0,12.0,0.0,8.0,4.0,2.0,1.0,15.0,3.0,15.0,5.0
154.76759578141426,5.0,4.0,8.0,2.0,13.0,1.0,3.0,13.0,14.0,3.0,12.0,2.0,3.0,7.0,7.0,5.0,7.0,5.0,4.0,7.0,7.0,3.0,12.0,0.0,8.0,4.0,14.0,1.0,15.0,3.0,15.0,5.0
155.1234951769171,5.0,4.0,8.0,2.0,14.0,1.0,3.0,9.0,14.0,3.0,7.0,2.0,3.0,7.0,7.0,5.0,7.0,5.0,5.0,7.0,7.0,3.0,12.0,0.0,8.0,4.0,13.0,1.0,15.0,7.0,15.0,5.0
196.69794489637553,5.0,4.0,8.0,2.0,14.0,1.0,3.0,13.0,14.0,3.0,7.0,2.0,3.0,7.0,7.0,5.0,7.0,5.0,5.0,5.0,6.0,3.0,12.0,0.0,8.0,4.0,5.0,1.0,15.0,3.0,15.0,5.0
253.4082609185057,5.0,4.0,8.0,2.0,14.0,1.0,3.0,9.0,14.0,3.0,7.0,2.0,3.0,7.0,7.0,5.0,7.0,5.0,5.0,14.0,15.0,3.0,12.0,0.0,8.0,4.0,13.0,9.0,15.0,3.0,15.0,5.0
274.19219115031615,5.0,4.0,8.0,2.0,14.0,1.0,3.0,9.0,14.0,3.0,7.0,2.0,3.0,7.0,7.0,5.0,7.0,5.0,5.0,1.0,15.0,3.0,12.0,0.0,8.0,4.0,2.0,1.0,15.0,5.0,15.0,5.0
232.46229779301265,5.0,4.0,8.0,2.0,14.0,1.0,3.0,9.0,14.0,3.0,7.0,2.0,3.0,7.0,7.0,5.0,7.0,5.0,5.0,14.0,8.0,6.0,14.0,0.0,8.0,4.0,5.0,1.0,15.0,3.0,15.0,5.0
216.54375737850114,5.0,4.0,8.0,7.0,14.0,1.0,3.0,9.0,14.0,3.0,7.0,2.0,3.0,7.0,7.0,5.0,7.0,5.0,5.0,5.0,15.0,6.0,12.0,0.0,8.0,4.0,4.0,1.0,15.0,3.0,15.0,5.0
221.59982115799323,5.0,4.0,8.0,2.0,14.0,1.0,3.0,13.0,14.0,3.0,7.0,2.0,3.0,7.0,7.0,5.0,7.0,5.0,5.0,9.0,1.0,6.0,12.0,0.0,8.0,4.0,9.0,1.0,15.0,3.0,15.0,5.0
245.50254128113377,5.0,4.0,8.0,2.0,14.0,1.0,3.0,9.0,14.0,12.0,7.0,2.0,3.0,7.0,7.0,5.0,7.0,5.0,5.0,9.0,15.0,6.0,12.0,0.0,8.0,4.0,15.0,1.0,15.0,3.0,15.0,5.0
252.84372506795646,5.0,4.0,8.0,2.0,14.0,1.0,2.0,9.0,14.0,3.0,7.0,2.0,3.0,7.0,7.0,5.0,7.0,5.0,5.0,9.0,15.0,3.0,12.0,0.0,8.0,4.0,2.0,1.0,15.0,3.0,15.0,3.0
166.1265182119911,5.0,4.0,14.0,7.0,14.0,1.0,3.0,9.0,14.0,3.0,7.0,2.0,3.0,7.0,7.0,5.0,7.0,5.0,5.0,9.0,8.0,3.0,12.0,0.0,8.0,4.0,13.0,1.0,15.0,3.0,15.0,5.0
322.9057022346399,5.0,4.0,8.0,2.0,14.0,1.0,3.0,9.0,14.0,6.0,7.0,2.0,14.0,7.0,7.0,5.0,7.0,5.0,5.0,9.0,10.0,3.0,12.0,0.0,8.0,4.0,14.0,1.0,15.0,14.0,12.0,5.0
166.78428774603432,5.0,4.0,8.0,2.0,14.0,1.0,3.0,9.0,14.0,3.0,7.0,2.0,3.0,7.0,7.0,5.0,15.0,5.0,5.0,9.0,5.0,3.0,12.0,0.0,8.0,4.0,13.0,1.0,15.0,3.0,15.0,5.0
281.1164699566324,5.0,4.0,8.0,2.0,14.0,1.0,3.0,9.0,4.0,3.0,12.0,2.0,3.0,7.0,7.0,5.0,7.0,5.0,5.0,11.0,10.0,6.0,12.0,0.0,8.0,4.0,14.0,9.0,15.0,5.0,15.0,5.0
345.25481580639547,5.0,4.0,8.0,2.0,14.0,1.0,11.0,13.0,4.0,3.0,7.0,2.0,3.0,7.0,7.0,5.0,7.0,5.0,5.0,7.0,7.0,3.0,12.0,0.0,8.0,7.0,14.0,1.0,15.0,5.0,15.0,5.0
143.63658967784602,5.0,4.0,8.0,2.0,14.0,1.0,3.0,9.0,14.0,0.0,7.0,2.0,3.0,7.0,7.0,5.0,7.0,5.0,5.0,4.0,7.0,3.0,12.0,0.0,8.0,4.0,14.0,1.0,15.0,5.0,15.0,5.0
185.73690085745622,5.0,4.0,8.0,2.0,14.0,1.0,3.0,9.0,14.0,3.0,7.0,2.0,3.0,7.0,7.0,5.0,15.0,5.0,5.0,9.0,8.0,6.0,5.0,0.0,8.0,4.0,15.0,1.0,15.0,5.0,15.0,3.0
206.60304722765338,5.0,4.0,8.0,2.0,14.0,1.0,3.0,13.0,14.0,3.0,7.0,9.0,14.0,7.0,7.0,5.0,7.0,5.0,5.0,9.0,5.0,6.0,12.0,0.0,8.0,4.0,14.0,1.0,15.0,3.0,15.0,5.0
135.35583107768508,5.0,4.0,8.0,2.0,14.0,1.0,3.0,9.0,14.0,3.0,7.0,2.0,3.0,7.0,7.0,5.0,8.0,5.0,5.0,9.0,7.0,3.0,12.0,0.0,8.0,4.0,14.0,1.0,15.0,3.0,15.0,3.0
180.33492806564095,5.0,4.0,8.0,2.0,14.0,1.0,3.0,13.0,14.0,3.0,7.0,2.0,3.0,7.0,7.0,5.0,8.0,5.0,5.0,9.0,5.0,3.0,12.0,0.0,8.0,3.0,13.0,1.0,15.0,5.0,15.0,5.0
176.45621400880052,5.0,4.0,8.0,2.0,14.0,1.0,3.0,9.0,14.0,3.0,7.0,2.0,3.0,7.0,7.0,5.0,15.0,5.0,5.0,9.0,5.0,6.0,12.0,0.0,8.0,7.0,13.0,1.0,15.0,3.0,15.0,5.0
195.26021482782605,5.0,4.0,8.0,2.0,14.0,1.0,3.0,9.0,14.0,3.0,7.0,2.0,3.0,7.0,7.0,5.0,7.0,5.0,5.0,9.0,7.0,3.0,12.0,0.0,8.0,4.0,9.0,9.0,15.0,3.0,15.0,5.0
181.12766559081396,5.0,4.0,8.0,2.0,14.0,1.0,3.0,9.0,14.0,3.0,7.0,2.0,14.0,7.0,7.0,5.0,15.0,5.0,5.0,9.0,10.0,3.0,12.0,0.0,8.0,4.0,13.0,6.0,15.0,3.0,15.0,3.0
326.6802901049367,5.0,4.0,8.0,2.0,4.0,1.0,3.0,9.0,14.0,3.0,7.0,2.0,3.0,7.0,7.0,5.0,7.0,5.0,5.0,7.0,5.0,3.0,12.0,0.0,8.0,4.0,2.0,1.0,15.0,3.0,15.0,3.0
198.63238200076123,5.0,4.0,8.0,2.0,14.0,1.0,3.0,9.0,14.0,3.0,7.0,2.0,3.0,7.0,7.0,5.0,2.0,5.0,5.0,7.0,7.0,3.0,12.0,0.0,8.0,4.0,13.0,6.0,15.0,3.0,15.0,5.0
210.93318191749117,5.0,4.0,8.0,2.0,14.0,1.0,2.0,9.0,14.0,3.0,7.0,2.0,1.0,7.0,7.0,5.0,7.0,5.0,5.0,9.0,5.0,3.0,12.0,0.0,8.0,1.0,14.0,1.0,15.0,3.0,15.0,5.0
201.33936043641032,5.0,4.0,8.0,2.0,7.0,1.0,3.0,13.0,10.0,3.0,7.0,2.0,14.0,7.0,7.0,5.0,7.0,5.0,5.0,9.0,10.0,3.0,12.0,0.0,8.0,4.0,13.0,1.0,15.0,3.0,15.0,5.0
139.61676982793912,5.0,4.0,8.0,2.0,14.0,1.0,3.0,9.0,14.0,0.0,7.0,2.0,3.0,7.0,7.0,5.0,7.0,5.0,5.0,9.0,8.0,6.0,8.0,0.0,8.0,4.0,14.0,1.0,15.0,3.0,15.0,5.0
143.15527591065032,5.0,4.0,8.0,2.0,14.0,1.0,3.0,13.0,14.0,3.0,7.0,2.0,3.0,7.0,7.0,5.0,7.0,5.0,5.0,9.0,7.0,3.0,14.0,0.0,8.0,0.0,9.0,1.0,15.0,3.0,15.0,5.0
353.7344858582315,5.0,4.0,8.0,2.0,14.0,1.0,3.0,13.0,14.0,0.0,7.0,2.0,1.0,7.0,7.0,5.0,7.0,5.0,5.0,9.0,10.0,6.0,12.0,0.0,8.0,0.0,14.0,1.0,15.0,14.0,15.0,5.0
333.11682042519675,5.0,4.0,3.0,2.0,14.0,1.0,3.0,0.0,14.0,3.0,7.0,2.0,14.0,7.0,7.0,5.0,7.0,5.0,5.0,9.0,5.0,3.0,12.0,0.0,8.0,4.0,14.0,1.0,15.0,3.0,15.0,5.0
152.87283003374475,5.0,4.0,8.0,2.0,14.0,1.0,3.0,13.0,14.0,3.0,12.0,2.0,3.0,7.0,7.0,5.0,7.0,4.0,5.0,9.0,7.0,3.0,8.0,0.0,8.0,4.0,13.0,1.0,15.0,3.0,15.0,5.0
391.9081171105423,5.0,4.0,8.0,2.0,14.0,1.0,3.0,9.0,14.0,3.0,7.0,2.0,3.0,7.0,7.0,5.0,9.0,5.0,5.0,9.0,1.0,3.0,12.0,0.0,8.0,4.0,14.0,1.0,15.0,14.0,15.0,3.0
202.46882318678746,5.0,4.0,8.0,2.0,14.0,1.0,3.0,9.0,14.0,3.0,7.0,8.0,3.0,7.0,7.0,5.0,15.0,5.0,5.0,9.0,4.0,14.0,12.0,0.0,8.0,4.0,14.0,1.0,15.0,3.0,15.0,3.0
158.8989141130499,5.0,4.0,8.0,2.0,14.0,1.0,3.0,13.0,14.0,3.0,7.0,2.0,3.0,7.0,7.0,3.0,7.0,5.0,5.0,9.0,7.0,6.0,12.0,0.0,8.0,4.0,13.0,1.0,15.0,3.0,15.0,2.0
164.8941677347711,5.0,4.0,8.0,2.0,14.0,1.0,3.0,9.0,14.0,0.0,7.0,2.0,3.0,7.0,7.0,5.0,7.0,5.0,5.0,9.0,8.0,3.0,14.0,0.0,8.0,4.0,13.0,1.0,15.0,3.0,15.0,9.0
237.9962757760102,5.0,4.0,8.0,2.0,14.0,1.0,3.0,9.0,14.0,3.0,12.0,8.0,3.0,7.0,7.0,3.0,7.0,5.0,5.0,9.0,4.0,6.0,12.0,0.0,8.0,4.0,14.0,1.0,15.0,3.0,15.0,9.0
242.28702113441773,5.0,4.0,8.0,2.0,14.0,1.0,3.0,9.0,14.0,0.0,7.0,2.0,3.0,7.0,7.0,5.0,7.0,5.0,5.0,9.0,14.0,3.0,14.0,0.0,8.0,4.0,2.0,1.0,15.0,3.0,15.0,2.0
169.09807091102795,5.0,4.0,8.0,2.0,14.0,1.0,3.0,9.0,14.0,6.0,12.0,2.0,3.0,7.0,7.0,5.0,7.0,5.0,5.0,9.0,7.0,6.0,12.0,0.0,8.0,4.0,14.0,1.0,15.0,3.0,15.0,2.0
138.27181009337642,5.0,4.0,8.0,2.0,14.0,1.0,3.0,9.0,14.0,3.0,7.0,2.0,3.0,7.0,7.0,3.0,7.0,5.0,5.0,9.0,10.0,3.0,14.0,0.0,8.0,4.0,13.0,1.0,15.0,3.0,15.0,2.0
154.5903098704764,5.0,4.0,8.0,2.0,14.0,1.0,3.0,13.0,14.0,3.0,7.0,2.0,3.0,7.0,7.0,5.0,7.0,5.0,5.0,9.0,5.0,6.0,8.0,0.0,8.0,4.0,13.0,1.0,15.0,3.0,15.0,3.0
251.19409076283682,2.0,4.0,8.0,2.0,14.0,1.0,11.0,9.0,14.0,3.0,7.0,2.0,3.0,7.0,7.0,5.0,7.0,5.0,5.0,9.0,8.0,6.0,8.0,0.0,8.0,4.0,15.0,1.0,15.0,3.0,15.0,4.0
241.93146516102092,5.0,4.0,8.0,2.0,14.0,1.0,3.0,9.0,14.0,3.0,7.0,2.0,3.0,7.0,7.0,5.0,7.0,5.0,5.0,9.0,7.0,3.0,8.0,0.0,8.0,4.0,2.0,1.0,15.0,3.0,15.0,3.0
244.01223165769812,5.0,4.0,4.0,2.0,14.0,1.0,3.0,13.0,14.0,3.0,7.0,2.0,3.0,7.0,7.0,5.0,7.0,5.0,5.0,9.0,8.0,6.0,6.0,0.0,8.0,4.0,14.0,1.0,15.0,3.0,15.0,8.0
150.96028249025954,5.0,4.0,8.0,2.0,14.0,1.0,3.0,9.0,14.0,3.0,7.0,2.0,3.0,7.0,7.0,5.0,7.0,5.0,5.0,9.0,5.0,3.0,8.0,0.0,8.0,0.0,14.0,1.0,15.0,3.0,15.0,2.0
212.45803831579363,5.0,4.0,3.0,2.0,14.0,1.0,2.0,9.0,14.0,3.0,7.0,2.0,3.0,7.0,7.0,5.0,7.0,5.0,5.0,9.0,5.0,6.0,8.0,0.0,8.0,4.0,13.0,1.0,15.0,3.0,15.0,4.0
348.5225910004313,5.0,4.0,8.0,2.0,14.0,1.0,3.0,1.0,14.0,3.0,7.0,8.0,3.0,7.0,7.0,5.0,7.0,5.0,5.0,9.0,1.0,3.0,14.0,0.0,8.0,4.0,14.0,1.0,15.0,3.0,15.0,2.0
257.71789171673464,5.0,4.0,8.0,2.0,14.0,1.0,3.0,13.0,14.0,3.0,7.0,2.0,3.0,7.0,7.0,5.0,7.0,5.0,5.0,9.0,10.0,3.0,5.0,0.0,8.0,4.0,14.0,1.0,15.0,11.0,15.0,3.0
197.45282759615702,5.0,4.0,9.0,2.0,14.0,1.0,3.0,13.0,14.0,3.0,12.0,2.0,3.0,7.0,7.0,5.0,7.0,5.0,5.0,9.0,7.0,3.0,5.0,0.0,8.0,4.0,14.0,1.0,15.0,3.0,15.0,3.0
291.2697592409464,5.0,4.0,8.0,2.0,14.0,1.0,3.0,1.0,14.0,3.0,7.0,2.0,3.0,7.0,7.0,5.0,7.0,5.0,5.0,9.0,7.0,3.0,5.0,0.0,8.0,4.0,13.0,1.0,15.0,3.0,15.0,9.0
267.7202000325531,13.0,4.0,8.0,2.0,14.0,1.0,3.0,5.0,14.0,3.0,12.0,2.0,3.0,7.0,7.0,5.0,7.0,5.0,5.0,9.0,7.0,3.0,14.0,0.0,8.0,4.0,14.0,1.0,15.0,3.0,15.0,14.0
200.35097333935911,5.0,4.0,8.0,2.0,14.0,1.0,3.0,9.0,14.0,3.0,12.0,8.0,3.0,7.0,7.0,1.0,7.0,5.0,5.0,9.0,5.0,6.0,8.0,0.0,8.0,4.0,14.0,1.0,15.0,3.0,15.0,5.0
192.67540046844957,5.0,4.0,8.0,2.0,14.0,1.0,3.0,13.0,14.0,3.0,7.0,7.0,3.0,7.0,8.0,1.0,7.0,5.0,5.0,9.0,5.0,1.0,12.0,0.0,8.0,4.0,9.0,1.0,15.0,3.0,15.0,3.0
262.42079457571236,5.0,4.0,8.0,2.0,14.0,1.0,3.0,9.0,14.0,12.0,12.0,2.0,3.0,7.0,7.0,0.0,7.0,5.0,5.0,9.0,10.0,1.0,12.0,0.0,8.0,4.0,14.0,1.0,15.0,3.0,15.0,5.0
515.4429728776026,5.0,4.0,8.0,2.0,14.0,1.0,3.0,13.0,14.0,6.0,12.0,9.0,3.0,7.0,7.0,14.0,7.0,5.0,5.0,9.0,10.0,14.0,12.0,0.0,8.0,4.0,14.0,1.0,15.0,3.0,15.0,5.0
451.4007125116661,5.0,4.0,8.0,2.0,14.0,1.0,3.0,9.0,14.0,6.0,7.0,2.0,3.0,7.0,7.0,1.0,7.0,15.0,5.0,9.0,10.0,6.0,8.0,0.0,8.0,4.0,14.0,1.0,15.0,15.0,15.0,5.0
324.25420071328483,5.0,4.0,8.0,2.0,14.0,1.0,3.0,9.0,14.0,3.0,7.0,2.0,3.0,7.0,1.0,5.0,7.0,5.0,1.0,9.0,7.0,3.0,12.0,0.0,8.0,4.0,14.0,1.0,15.0,13.0,8.0,3.0
175.4345058996448,5.0,4.0,8.0,2.0,14.0,1.0,3.0,9.0,14.0,3.0,7.0,2.0,3.0,7.0,9.0,5.0,7.0,5.0,5.0,9.0,14.0,3.0,11.0,0.0,8.0,4.0,14.0,1.0,15.0,6.0,3.0,5.0
390.3743655623267,5.0,6.0,8.0,2.0,14.0,1.0,3.0,9.0,14.0,3.0,7.0,2.0,3.0,7.0,8.0,5.0,7.0,5.0,5.0,9.0,13.0,6.0,12.0,0.0,8.0,4.0,14.0,1.0,11.0,15.0,3.0,5.0
313.6132041852409,5.0,4.0,8.0,2.0,14.0,6.0,3.0,9.0,14.0,3.0,7.0,2.0,3.0,7.0,12.0,5.0,7.0,5.0,1.0,14.0,5.0,6.0,12.0,0.0,8.0,4.0,14.0,1.0,15.0,15.0,14.0,5.0
329.5326355170793,5.0,4.0,8.0,2.0,14.0,1.0,3.0,9.0,14.0,3.0,7.0,2.0,3.0,7.0,12.0,5.0,7.0,5.0,5.0,9.0,5.0,3.0,12.0,0.0,8.0,1.0,14.0,1.0,15.0,15.0,15.0,5.0
355.20171853071497,5.0,4.0,8.0,2.0,14.0,1.0,4.0,9.0,14.0,3.0,7.0,2.0,3.0,7.0,7.0,5.0,7.0,15.0,5.0,9.0,10.0,6.0,12.0,0.0,8.0,4.0,14.0,9.0,15.0,3.0,15.0,3.0
360.1366067511348,5.0,4.0,8.0,2.0,14.0,1.0,3.0,13.0,14.0,3.0,7.0,2.0,3.0,7.0,7.0,3.0,15.0,15.0,5.0,9.0,10.0,3.0,8.0,11.0,8.0,4.0,7.0,1.0,15.0,3.0,15.0,5.0
238.27892614246718,5.0,15.0,8.0,2.0,14.0,1.0,3.0,9.0,14.0,3.0,7.0,2.0,3.0,7.0,7.0,5.0,15.0,5.0,5.0,6.0,10.0,6.0,12.0,0.0,8.0,4.0,13.0,1.0,15.0,3.0,15.0,2.0
501.23239730021794,5.0,15.0,8.0,2.0,14.0,1.0,3.0,9.0,14.0,3.0,7.0,2.0,3.0,7.0,7.0,0.0,7.0,15.0,5.0,5.0,5.0,3.0,12.0,0.0,8.0,4.0,13.0,1.0,15.0,14.0,15.0,5.0
326.14830797281905,5.0,4.0,8.0,2.0,14.0,1.0,3.0,13.0,14.0,3.0,7.0,2.0,3.0,13.0,7.0,5.0,14.0,15.0,5.0,9.0,5.0,6.0,12.0,0.0,8.0,4.0,14.0,1.0,15.0,3.0,15.0,5.0
406.16491891538624,14.0,4.0,2.0,2.0,14.0,1.0,3.0,9.0,14.0,3.0,7.0,2.0,3.0,7.0,7.0,3.0,7.0,5.0,5.0,9.0,10.0,3.0,12.0,0.0,8.0,4.0,13.0,9.0,15.0,14.0,15.0,3.0
337.4785468612129,5.0,4.0,8.0,2.0,14.0,1.0,3.0,9.0,14.0,3.0,7.0,2.0,1.0,7.0,7.0,5.0,7.0,10.0,5.0,5.0,5.0,3.0,12.0,11.0,8.0,4.0,14.0,1.0,15.0,3.0,15.0,5.0
203.67970359880078,14.0,4.0,8.0,2.0,14.0,1.0,13.0,9.0,14.0,3.0,7.0,2.0,3.0,7.0,7.0,3.0,7.0,7.0,5.0,9.0,10.0,3.0,12.0,0.0,8.0,4.0,13.0,1.0,15.0,3.0,15.0,5.0
328.4498392109716,5.0,4.0,8.0,2.0,14.0,10.0,12.0,9.0,14.0,3.0,7.0,2.0,3.0,10.0,7.0,5.0,7.0,9.0,5.0,9.0,13.0,3.0,8.0,0.0,8.0,1.0,14.0,9.0,15.0,3.0,15.0,3.0
194.21368643058847,5.0,4.0,8.0,2.0,14.0,1.0,3.0,13.0,14.0,3.0,7.0,2.0,3.0,7.0,12.0,5.0,7.0,7.0,5.0,9.0,5.0,3.0,8.0,0.0,8.0,1.0,14.0,1.0,15.0,3.0,15.0,5.0
221.50909087724168,5.0,4.0,8.0,2.0,14.0,1.0,3.0,13.0,14.0,3.0,14.0,2.0,3.0,13.0,7.0,5.0,7.0,12.0,5.0,9.0,7.0,6.0,8.0,0.0,8.0,4.0,13.0,1.0,15.0,3.0,15.0,5.0
380.32340221572525,5.0,4.0,8.0,13.0,14.0,6.0,3.0,9.0,14.0,3.0,14.0,2.0,3.0,3.0,7.0,5.0,7.0,12.0,5.0,9.0,14.0,6.0,12.0,0.0,8.0,4.0,14.0,1.0,15.0,3.0,15.0,5.0
211.2947710953545,5.0,4.0,8.0,2.0,14.0,1.0,4.0,9.0,14.0,3.0,14.0,2.0,3.0,14.0,12.0,5.0,7.0,8.0,5.0,9.0,5.0,6.0,12.0,0.0,8.0,4.0,14.0,1.0,15.0,3.0,15.0,5.0
281.0255071838287,5.0,4.0,8.0,2.0,7.0,1.0,4.0,0.0,14.0,3.0,7.0,2.0,3.0,14.0,7.0,5.0,7.0,8.0,5.0,9.0,5.0,3.0,12.0,0.0,8.0,4.0,13.0,1.0,15.0,5.0,15.0,5.0
302.90475507405705,5.0,4.0,8.0,2.0,14.0,1.0,13.0,9.0,14.0,1.0,7.0,2.0,3.0,14.0,7.0,5.0,7.0,4.0,5.0,9.0,7.0,3.0,12.0,11.0,8.0,4.0,14.0,1.0,15.0,3.0,15.0,5.0
445.5288387714531,5.0,4.0,8.0,9.0,7.0,1.0,3.0,9.0,14.0,3.0,7.0,2.0,3.0,7.0,7.0,5.0,7.0,5.0,5.0,9.0,5.0,6.0,12.0,11.0,8.0,4.0,14.0,1.0,15.0,15.0,15.0,5.0
379.1691807363647,5.0,4.0,8.0,13.0,7.0,1.0,13.0,9.0,14.0,3.0,7.0,2.0,1.0,7.0,7.0,5.0,7.0,5.0,5.0,9.0,5.0,6.0,12.0,0.0,8.0,4.0,14.0,1.0,15.0,3.0,15.0,5.0
438.48904273271086,5.0,4.0,8.0,15.0,14.0,1.0,13.0,9.0,14.0,3.0,7.0,7.0,1.0,7.0,7.0,5.0,7.0,5.0,5.0,9.0,5.0,3.0,11.0,0.0,8.0,1.0,14.0,1.0,15.0,3.0,15.0,5.0
262.70619343503023,5.0,4.0,8.0,2.0,14.0,1.0,4.0,9.0,14.0,3.0,7.0,2.0,12.0,7.0,12.0,5.0,7.0,5.0,5.0,14.0,14.0,3.0,12.0,0.0,8.0,4.0,14.0,1.0,15.0,3.0,15.0,5.0
441.0060271668074,5.0,4.0,8.0,9.0,14.0,1.0,13.0,9.0,14.0,3.0,7.0,2.0,2.0,7.0,7.0,5.0,7.0,15.0,5.0,9.0,10.0,3.0,12.0,8.0,8.0,1.0,14.0,1.0,15.0,3.0,15.0,5.0
296.12033529445847,5.0,4.0,8.0,2.0,14.0,6.0,3.0,9.0,14.0,0.0,7.0,2.0,3.0,7.0,7.0,5.0,9.0,8.0,5.0,5.0,10.0,3.0,11.0,11.0,8.0,0.0,14.0,1.0,15.0,3.0,15.0,5.0
172.57470228061445,5.0,4.0,8.0,2.0,14.0,1.0,3.0,9.0,14.0,3.0,7.0,2.0,3.0,7.0,7.0,5.0,7.0,5.0,5.0,2.0,5.0,3.0,4.0,8.0,8.0,1.0,13.0,1.0,15.0,3.0,15.0,5.0
382.75530902418103,5.0,4.0,8.0,2.0,14.0,6.0,3.0,9.0,14.0,3.0,7.0,2.0,3.0,7.0,7.0,5.0,7.0,5.0,5.0,14.0,10.0,3.0,4.0,11.0,8.0,15.0,14.0,1.0,15.0,3.0,15.0,5.0
425.1367164651438,5.0,4.0,8.0,2.0,14.0,6.0,3.0,13.0,14.0,3.0,7.0,2.0,3.0,7.0,9.0,5.0,4.0,5.0,5.0,14.0,10.0,3.0,12.0,1.0,8.0,15.0,13.0,1.0,15.0,3.0,5.0,5.0
337.30362040172037,5.0,4.0,8.0,2.0,14.0,8.0,3.0,13.0,14.0,0.0,7.0,2.0,3.0,7.0,7.0,5.0,9.0,5.0,5.0,9.0,7.0,3.0,11.0,13.0,8.0,5.0,14.0,1.0,15.0,3.0,15.0,2.0
597.7798211103975,5.0,4.0,8.0,2.0,14.0,10.0,3.0,9.0,14.0,0.0,7.0,2.0,3.0,7.0,7.0,5.0,10.0,5.0,5.0,14.0,10.0,3.0,11.0,11.0,8.0,15.0,14.0,8.0,15.0,3.0,3.0,5.0
217.25267687901726,5.0,4.0,8.0,2.0,14.0,1.0,3.0,9.0,14.0,0.0,7.0,2.0,3.0,7.0,7.0,5.0,7.0,5.0,5.0,11.0,5.0,3.0,12.0,5.0,8.0,4.0,13.0,1.0,15.0,3.0,5.0,5.0
585.47562696496,5.0,4.0,8.0,2.0,14.0,6.0,3.0,0.0,14.0,3.0,7.0,2.0,3.0,7.0,7.0,5.0,10.0,5.0,5.0,14.0,5.0,3.0,8.0,11.0,8.0,15.0,14.0,1.0,15.0,3.0,5.0,2.0
379.6604910500798,9.0,4.0,8.0,7.0,14.0,6.0,3.0,9.0,14.0,3.0,7.0,2.0,3.0,7.0,12.0,5.0,4.0,5.0,5.0,14.0,10.0,3.0,9.0,11.0,8.0,0.0,14.0,1.0,15.0,3.0,2.0,5.0
264.2151792322898,5.0,4.0,8.0,2.0,14.0,8.0,3.0,9.0,14.0,0.0,7.0,2.0,3.0,14.0,9.0,5.0,7.0,4.0,5.0,12.0,10.0,3.0,12.0,0.0,8.0,8.0,13.0,1.0,15.0,3.0,15.0,5.0
491.1725426405181,5.0,4.0,8.0,2.0,14.0,1.0,3.0,9.0,14.0,3.0,0.0,2.0,3.0,7.0,12.0,5.0,7.0,5.0,14.0,9.0,10.0,3.0,4.0,0.0,8.0,4.0,13.0,1.0,15.0,3.0,15.0,5.0
161.03218519100085,5.0,4.0,8.0,2.0,14.0,1.0,3.0,9.0,14.0,3.0,7.0,2.0,3.0,7.0,9.0,5.0,7.0,5.0,5.0,2.0,10.0,3.0,9.0,0.0,8.0,4.0,13.0,1.0,15.0,3.0,14.0,5.0
237.26832667974188,5.0,4.0,8.0,2.0,14.0,1.0,3.0,9.0,14.0,0.0,7.0,2.0,3.0,7.0,14.0,5.0,7.0,5.0,5.0,2.0,5.0,3.0,4.0,0.0,8.0,4.0,13.0,1.0,15.0,3.0,15.0,5.0
240.42826399028942,5.0,4.0,8.0,2.0,14.0,1.0,3.0,9.0,14.0,3.0,7.0,2.0,3.0,14.0,9.0,3.0,7.0,5.0,14.0,9.0,10.0,3.0,4.0,0.0,8.0,4.0,13.0,1.0,15.0,3.0,15.0,5.0
225.49906900546594,5.0,4.0,8.0,2.0,14.0,1.0,3.0,9.0,14.0,3.0,7.0,11.0,3.0,7.0,9.0,5.0,4.0,5.0,5.0,9.0,10.0,3.0,7.0,0.0,8.0,4.0,14.0,1.0,15.0,3.0,15.0,5.0
399.277578096271,5.0,4.0,8.0,2.0,14.0,1.0,3.0,9.0,14.0,3.0,7.0,2.0,3.0,7.0,7.0,5.0,7.0,15.0,14.0,9.0,10.0,6.0,12.0,8.0,8.0,1.0,13.0,1.0,15.0,3.0,12.0,5.0
180.28087229603605,5.0,4.0,8.0,2.0,14.0,1.0,3.0,13.0,14.0,3.0,7.0,2.0,3.0,7.0,7.0,5.0,4.0,5.0,5.0,9.0,10.0,3.0,12.0,0.0,8.0,1.0,13.0,1.0,15.0,3.0,15.0,5.0
200.99876114626406,5.0,4.0,8.0,2.0,14.0,1.0,3.0,9.0,14.0,3.0,7.0,2.0,3.0,7.0,7.0,5.0,8.0,5.0,14.0,9.0,10.0,3.0,12.0,7.0,8.0,4.0,14.0,1.0,15.0,3.0,15.0,5.0
186.47004872055365,5.0,4.0,8.0,2.0,14.0,1.0,3.0,9.0,14.0,3.0,7.0,2.0,3.0,14.0,7.0,5.0,9.0,5.0,14.0,9.0,10.0,3.0,12.0,0.0,8.0,1.0,14.0,1.0,15.0,3.0,15.0,5.0
224.57900933194614,5.0,4.0,7.0,2.0,14.0,1.0,3.0,9.0,14.0,3.0,7.0,2.0,3.0,7.0,7.0,5.0,9.0,5.0,11.0,9.0,10.0,3.0,12.0,3.0,8.0,4.0,13.0,1.0,15.0,3.0,15.0,5.0
185.8749473527811,5.0,4.0,8.0,2.0,14.0,1.0,3.0,9.0,14.0,3.0,7.0,2.0,3.0,7.0,7.0,2.0,7.0,5.0,5.0,9.0,8.0,3.0,12.0,8.0,8.0,4.0,13.0,1.0,15.0,3.0,15.0,5.0
440.98181616916486,5.0,4.0,8.0,2.0,14.0,1.0,3.0,9.0,14.0,3.0,7.0,2.0,3.0,7.0,7.0,5.0,7.0,15.0,5.0,9.0,14.0,3.0,12.0,14.0,9.0,4.0,13.0,1.0,15.0,3.0,15.0,3.0
340.237413586526,13.0,4.0,8.0,2.0,14.0,1.0,3.0,13.0,2.0,3.0,7.0,2.0,3.0,7.0,7.0,5.0,7.0,5.0,5.0,9.0,7.0,3.0,12.0,12.0,8.0,3.0,13.0,1.0,15.0,3.0,15.0,5.0
256.1962713898814,5.0,4.0,8.0,2.0,14.0,1.0,3.0,9.0,2.0,3.0,7.0,2.0,3.0,14.0,7.0,5.0,7.0,5.0,5.0,9.0,10.0,3.0,12.0,5.0,8.0,0.0,14.0,1.0,15.0,3.0,15.0,5.0
169.75122869430132,5.0,4.0,8.0,2.0,14.0,1.0,3.0,9.0,14.0,3.0,7.0,2.0,3.0,14.0,7.0,5.0,7.0,5.0,5.0,9.0,13.0,3.0,12.0,5.0,8.0,4.0,14.0,1.0,15.0,3.0,15.0,5.0
239.2551414983358,5.0,4.0,8.0,2.0,14.0,1.0,3.0,9.0,14.0,3.0,7.0,2.0,3.0,14.0,7.0,3.0,7.0,5.0,12.0,9.0,5.0,0.0,14.0,5.0,8.0,4.0,14.0,1.0,15.0,3.0,15.0,5.0
290.51047653647953,5.0,4.0,8.0,2.0,14.0,1.0,14.0,9.0,14.0,3.0,7.0,2.0,3.0,14.0,7.0,5.0,7.0,5.0,8.0,9.0,5.0,6.0,12.0,7.0,8.0,8.0,13.0,1.0,15.0,3.0,15.0,5.0
474.88173158693036,5.0,4.0,9.0,15.0,14.0,1.0,3.0,9.0,14.0,3.0,7.0,2.0,3.0,14.0,7.0,5.0,7.0,15.0,5.0,3.0,10.0,3.0,12.0,0.0,8.0,4.0,14.0,1.0,15.0,3.0,15.0,5.0
404.18394116223106,5.0,6.0,8.0,2.0,14.0,1.0,3.0,9.0,14.0,3.0,7.0,2.0,3.0,7.0,7.0,5.0,7.0,13.0,5.0,9.0,5.0,3.0,12.0,6.0,8.0,4.0,14.0,1.0,1.0,3.0,15.0,5.0
202.87230074143298,5.0,4.0,8.0,2.0,14.0,1.0,3.0,13.0,14.0,3.0,7.0,2.0,3.0,14.0,7.0,5.0,7.0,5.0,14.0,9.0,10.0,6.0,15.0,0.0,8.0,4.0,14.0,1.0,15.0,3.0,9.0,3.0
271.14626920893306,5.0,4.0,8.0,2.0,14.0,8.0,3.0,13.0,14.0,3.0,7.0,2.0,3.0,1.0,7.0,5.0,7.0,5.0,5.0,9.0,5.0,3.0,12.0,0.0,8.0,4.0,14.0,1.0,15.0,3.0,15.0,3.0
339.16969996460904,5.0,4.0,9.0,2.0,14.0,8.0,3.0,9.0,14.0,3.0,7.0,2.0,3.0,7.0,7.0,5.0,7.0,15.0,5.0,9.0,5.0,3.0,12.0,0.0,8.0,4.0,13.0,1.0,15.0,3.0,15.0,5.0
360.88463742535487,5.0,4.0,8.0,2.0,5.0,1.0,3.0,9.0,14.0,3.0,7.0,2.0,10.0,7.0,7.0,5.0,7.0,15.0,5.0,5.0,13.0,3.0,13.0,7.0,8.0,4.0,14.0,1.0,15.0,3.0,15.0,3.0
223.62671539423295,5.0,4.0,9.0,2.0,14.0,1.0,3.0,9.0,14.0,3.0,7.0,2.0,3.0,7.0,7.0,5.0,7.0,9.0,5.0,9.0,5.0,3.0,12.0,5.0,8.0,4.0,12.0,1.0,15.0,3.0,15.0,5.0
381.10074850983517,5.0,4.0,8.0,2.0,5.0,1.0,3.0,13.0,14.0,3.0,7.0,2.0,3.0,7.0,7.0,5.0,7.0,15.0,5.0,9.0,7.0,3.0,12.0,7.0,8.0,4.0,14.0,1.0,15.0,3.0,3.0,5.0
197.6424855928478,5.0,4.0,8.0,2.0,14.0,1.0,3.0,13.0,11.0,3.0,7.0,2.0,3.0,7.0,7.0,1.0,7.0,5.0,5.0,9.0,10.0,3.0,8.0,8.0,8.0,4.0,14.0,1.0,15.0,3.0,15.0,5.0
212.5520315094217,5.0,4.0,8.0,2.0,14.0,1.0,3.0,13.0,12.0,3.0,15.0,2.0,3.0,7.0,7.0,3.0,9.0,5.0,5.0,2.0,10.0,6.0,6.0,8.0,8.0,4.0,14.0,1.0,15.0,3.0,15.0,5.0
206.4985500034365,5.0,4.0,8.0,2.0,4.0,1.0,3.0,9.0,14.0,3.0,7.0,2.0,3.0,7.0,7.0,5.0,7.0,5.0,5.0,9.0,10.0,3.0,9.0,0.0,8.0,4.0,13.0,1.0,15.0,5.0,15.0,5.0
190.62727364258834,5.0,4.0,8.0,2.0,14.0,1.0,3.0,9.0,11.0,3.0,7.0,2.0,3.0,7.0,7.0,3.0,7.0,5.0,5.0,9.0,10.0,6.0,9.0,0.0,8.0,4.0,12.0,1.0,15.0,3.0,15.0,5.0
241.20220854429513,5.0,4.0,8.0,2.0,14.0,1.0,3.0,13.0,14.0,3.0,15.0,2.0,3.0,4.0,7.0,5.0,15.0,5.0,5.0,9.0,10.0,3.0,11.0,8.0,8.0,4.0,12.0,1.0,15.0,3.0,15.0,5.0
135.27908196186644,13.0,4.0,8.0,2.0,14.0,1.0,3.0,9.0,14.0,3.0,7.0,2.0,3.0,7.0,7.0,5.0,7.0,5.0,5.0,9.0,10.0,3.0,7.0,3.0,8.0,4.0,13.0,1.0,15.0,3.0,15.0,5.0
141.91912291930473,13.0,4.0,8.0,2.0,14.0,1.0,3.0,13.0,14.0,3.0,7.0,2.0,3.0,7.0,7.0,5.0,7.0,5.0,5.0,9.0,13.0,3.0,8.0,5.0,8.0,4.0,13.0,1.0,15.0,3.0,15.0,5.0
445.12692084215865,0.0,4.0,8.0,2.0,5.0,1.0,3.0,9.0,14.0,3.0,7.0,3.0,3.0,7.0,7.0,5.0,7.0,5.0,5.0,13.0,10.0,3.0,12.0,8.0,8.0,4.0,13.0,1.0,15.0,3.0,15.0,5.0
622.9286573282031,5.0,4.0,8.0,2.0,5.0,1.0,3.0,13.0,14.0,3.0,0.0,2.0,3.0,7.0,7.0,5.0,0.0,5.0,5.0,9.0,5.0,3.0,8.0,5.0,8.0,4.0,11.0,1.0,10.0,3.0,15.0,5.0
300.83222566454305,5.0,4.0,8.0,2.0,5.0,1.0,3.0,9.0,14.0,3.0,7.0,11.0,3.0,7.0,7.0,5.0,7.0,5.0,5.0,9.0,10.0,3.0,11.0,8.0,7.0,4.0,8.0,1.0,15.0,3.0,15.0,5.0
337.9416238644431,13.0,12.0,8.0,2.0,14.0,1.0,3.0,13.0,14.0,3.0,10.0,2.0,3.0,7.0,7.0,5.0,7.0,5.0,12.0,9.0,13.0,6.0,8.0,5.0,9.0,4.0,13.0,1.0,10.0,3.0,15.0,5.0
207.54826596789016,13.0,4.0,8.0,2.0,14.0,1.0,3.0,13.0,14.0,3.0,7.0,2.0,3.0,7.0,10.0,5.0,7.0,5.0,12.0,9.0,13.0,1.0,8.0,5.0,8.0,4.0,13.0,1.0,15.0,3.0,15.0,5.0
215.6581192832208,13.0,4.0,8.0,4.0,8.0,1.0,3.0,13.0,14.0,3.0,7.0,2.0,3.0,7.0,7.0,5.0,7.0,5.0,12.0,9.0,13.0,6.0,8.0,5.0,8.0,4.0,13.0,1.0,15.0,5.0,15.0,5.0
345.7210324904542,13.0,4.0,8.0,15.0,14.0,1.0,3.0,13.0,14.0,3.0,7.0,2.0,3.0,7.0,7.0,5.0,7.0,5.0,5.0,9.0,13.0,6.0,11.0,5.0,8.0,4.0,13.0,1.0,15.0,3.0,15.0,5.0
166.99884546426202,13.0,4.0,8.0,2.0,14.0,1.0,3.0,13.0,14.0,3.0,7.0,2.0,3.0,7.0,7.0,5.0,7.0,5.0,5.0,9.0,13.0,6.0,9.0,5.0,8.0,4.0,13.0,1.0,15.0,3.0,15.0,5.0
111.52007646638204,13.0,4.0,8.0,2.0,14.0,1.0,3.0,13.0,14.0,3.0,7.0,2.0,3.0,7.0,7.0,3.0,7.0,5.0,8.0,3.0,13.0,3.0,8.0,5.0,8.0,4.0,13.0,1.0,15.0,3.0,15.0,5.0
171.90094264736763,13.0,4.0,8.0,2.0,8.0,1.0,3.0,13.0,14.0,3.0,7.0,2.0,3.0,7.0,7.0,0.0,7.0,5.0,5.0,9.0,13.0,6.0,8.0,5.0,8.0,4.0,13.0,1.0,15.0,5.0,15.0,5.0
398.8099437896413,13.0,4.0,8.0,2.0,14.0,1.0,3.0,13.0,14.0,3.0,7.0,2.0,3.0,7.0,7.0,5.0,7.0,5.0,12.0,9.0,0.0,3.0,8.0,5.0,8.0,4.0,13.0,1.0,15.0,5.0,15.0,5.0
286.8762837029153,13.0,4.0,8.0,2.0,14.0,1.0,3.0,13.0,11.0,3.0,7.0,2.0,3.0,7.0,7.0,5.0,7.0,5.0,8.0,9.0,13.0,6.0,8.0,5.0,8.0,4.0,13.0,1.0,10.0,3.0,15.0,12.0
161.51397047104285,13.0,4.0,8.0,2.0,14.0,1.0,3.0,13.0,14.0,3.0,7.0,2.0,3.0,7.0,9.0,5.0,7.0,5.0,5.0,9.0,13.0,3.0,8.0,5.0,8.0,4.0,13.0,1.0,10.0,3.0,15.0,5.0
193.13605636500952,13.0,4.0,8.0,2.0,14.0,1.0,3.0,13.0,14.0,3.0,7.0,11.0,3.0,7.0,7.0,5.0,7.0,5.0,11.0,3.0,13.0,3.0,8.0,5.0,8.0,4.0,13.0,1.0,15.0,3.0,15.0,5.0
188.71519384454243,13.0,4.0,8.0,2.0,14.0,1.0,3.0,13.0,14.0,3.0,7.0,2.0,3.0,7.0,7.0,5.0,15.0,5.0,12.0,9.0,13.0,3.0,8.0,5.0,8.0,4.0,13.0,1.0,15.0,3.0,15.0,5.0
227.09496359097994,13.0,4.0,8.0,2.0,14.0,1.0,3.0,13.0,14.0,3.0,7.0,2.0,3.0,7.0,7.0,5.0,7.0,5.0,12.0,9.0,13.0,3.0,8.0,5.0,8.0,4.0,13.0,1.0,4.0,3.0,15.0,5.0
223.04706695408194,13.0,4.0,8.0,2.0,14.0,1.0,3.0,13.0,14.0,3.0,7.0,13.0,3.0,7.0,7.0,5.0,7.0,5.0,12.0,3.0,13.0,3.0,8.0,5.0,8.0,2.0,13.0,1.0,15.0,3.0,15.0,5.0
381.0511923648606,13.0,4.0,8.0,15.0,14.0,1.0,3.0,13.0,14.0,3.0,7.0,3.0,10.0,7.0,7.0,5.0,7.0,5.0,12.0,9.0,13.0,3.0,8.0,5.0,8.0,4.0,13.0,1.0,15.0,3.0,15.0,5.0
395.46447789016605,9.0,4.0,8.0,2.0,14.0,1.0,3.0,13.0,14.0,3.0,0.0,2.0,3.0,7.0,9.0,5.0,7.0,5.0,5.0,9.0,13.0,6.0,8.0,5.0,8.0,4.0,13.0,1.0,15.0,3.0,15.0,5.0
167.63097195159193,9.0,4.0,8.0,2.0,14.0,1.0,3.0,13.0,14.0,3.0,7.0,2.0,3.0,7.0,9.0,5.0,15.0,5.0,9.0,9.0,13.0,3.0,8.0,5.0,8.0,4.0,13.0,1.0,15.0,3.0,15.0,5.0
172.41884128672896,13.0,4.0,8.0,2.0,14.0,1.0,3.0,13.0,14.0,3.0,7.0,2.0,3.0,7.0,9.0,5.0,7.0,5.0,5.0,9.0,13.0,3.0,8.0,8.0,8.0,4.0,13.0,1.0,15.0,3.0,15.0,5.0
294.84118697628253,13.0,4.0,8.0,2.0,14.0,1.0,3.0,13.0,14.0,3.0,7.0,2.0,3.0,7.0,9.0,5.0,7.0,15.0,5.0,9.0,13.0,3.0,8.0,5.0,8.0,4.0,13.0,1.0,10.0,3.0,15.0,5.0
397.73273318925754,13.0,4.0,8.0,2.0,14.0,1.0,3.0,13.0,14.0,3.0,0.0,2.0,8.0,7.0,9.0,5.0,7.0,5.0,5.0,9.0,13.0,3.0,8.0,5.0,9.0,4.0,13.0,1.0,15.0,3.0,15.0,5.0
527.7906874330026,13.0,1.0,8.0,15.0,14.0,1.0,3.0,13.0,14.0,3.0,0.0,2.0,3.0,7.0,7.0,5.0,15.0,5.0,5.0,9.0,13.0,3.0,8.0,5.0,8.0,4.0,13.0,1.0,15.0,3.0,15.0,5.0
383.9640255918327,13.0,4.0,8.0,6.0,14.0,1.0,3.0,13.0,14.0,3.0,0.0,2.0,3.0,7.0,7.0,5.0,7.0,5.0,5.0,9.0,13.0,3.0,8.0,3.0,8.0,4.0,13.0,1.0,15.0,3.0,15.0,5.0
551.7702577575849,13.0,4.0,8.0,2.0,14.0,1.0,3.0,13.0,14.0,3.0,0.0,2.0,3.0,7.0,7.0,5.0,7.0,5.0,5.0,9.0,13.0,15.0,8.0,1.0,8.0,4.0,13.0,1.0,15.0,3.0,15.0,5.0
296.5927267432544,13.0,4.0,8.0,2.0,14.0,1.0,3.0,13.0,14.0,3.0,1.0,2.0,3.0,7.0,7.0,5.0,14.0,5.0,5.0,9.0,13.0,3.0,8.0,5.0,8.0,4.0,13.0,1.0,15.0,3.0,14.0,5.0
476.31698388018873,13.0,12.0,8.0,2.0,14.0,1.0,3.0,13.0,14.0,3.0,0.0,2.0,3.0,7.0,7.0,5.0,7.0,5.0,5.0,9.0,7.0,3.0,8.0,5.0,8.0,4.0,13.0,1.0,15.0,3.0,15.0,5.0
164.95582980955916,13.0,4.0,8.0,2.0,14.0,1.0,3.0,13.0,14.0,3.0,7.0,2.0,3.0,7.0,7.0,5.0,15.0,5.0,5.0,9.0,5.0,3.0,14.0,5.0,9.0,4.0,13.0,1.0,15.0,3.0,15.0,5.0
302.8396332950471,1.0,8.0,8.0,2.0,14.0,1.0,3.0,13.0,14.0,3.0,7.0,2.0,3.0,7.0,7.0,5.0,7.0,5.0,5.0,9.0,0.0,6.0,8.0,5.0,7.0,4.0,13.0,1.0,15.0,3.0,15.0,5.0
398.9286757788738,13.0,4.0,8.0,2.0,14.0,1.0,3.0,13.0,1.0,3.0,7.0,2.0,3.0,7.0,7.0,5.0,7.0,5.0,5.0,9.0,5.0,3.0,8.0,5.0,9.0,12.0,13.0,1.0,15.0,3.0,15.0,5.0
203.80485812936766,13.0,4.0,8.0,2.0,14.0,1.0,3.0,13.0,14.0,3.0,7.0,2.0,3.0,7.0,7.0,5.0,7.0,11.0,5.0,9.0,7.0,6.0,8.0,5.0,9.0,0.0,13.0,1.0,15.0,3.0,15.0,5.0
419.2178280377478,13.0,4.0,9.0,2.0,14.0,1.0,3.0,13.0,14.0,3.0,7.0,2.0,3.0,7.0,7.0,5.0,15.0,5.0,5.0,9.0,0.0,6.0,8.0,5.0,9.0,4.0,13.0,1.0,15.0,15.0,15.0,5.0
257.30067667676275,13.0,4.0,8.0,2.0,14.0,1.0,4.0,13.0,14.0,3.0,7.0,2.0,3.0,7.0,7.0,5.0,7.0,5.0,5.0,9.0,13.0,3.0,8.0,5.0,8.0,0.0,13.0,1.0,15.0,11.0,3.0,5.0
187.2593568633885,13.0,4.0,14.0,2.0,14.0,1.0,3.0,13.0,11.0,3.0,7.0,2.0,3.0,7.0,7.0,5.0,7.0,5.0,5.0,9.0,13.0,3.0,3.0,5.0,8.0,0.0,13.0,1.0,15.0,3.0,15.0,5.0
382.120635308414,13.0,4.0,1.0,7.0,5.0,1.0,4.0,13.0,14.0,11.0,7.0,2.0,3.0,7.0,7.0,5.0,7.0,5.0,5.0,2.0,13.0,3.0,8.0,5.0,8.0,8.0,13.0,1.0,15.0,3.0,15.0,5.0
254.72109012583084,13.0,4.0,8.0,2.0,3.0,1.0,3.0,13.0,11.0,3.0,7.0,2.0,3.0,7.0,7.0,5.0,9.0,5.0,5.0,2.0,13.0,3.0,8.0,5.0,8.0,4.0,13.0,1.0,15.0,3.0,15.0,5.0
161.79819148228137,13.0,4.0,14.0,2.0,14.0,1.0,3.0,13.0,2.0,9.0,7.0,2.0,3.0,7.0,7.0,5.0,7.0,5.0,5.0,9.0,13.0,3.0,8.0,5.0,8.0,0.0,13.0,1.0,15.0,0.0,15.0,5.0
183.8987897885331,13.0,4.0,14.0,2.0,14.0,1.0,3.0,13.0,11.0,3.0,7.0,2.0,3.0,7.0,7.0,7.0,7.0,5.0,5.0,5.0,5.0,3.0,8.0,5.0,8.0,4.0,13.0,1.0,15.0,3.0,15.0,5.0
220.97216357457492,13.0,4.0,6.0,2.0,14.0,1.0,3.0,13.0,14.0,3.0,7.0,2.0,12.0,7.0,7.0,5.0,14.0,5.0,14.0,9.0,13.0,3.0,8.0,5.0,8.0,4.0,13.0,1.0,15.0,3.0,15.0,5.0
235.87899430743656,13.0,4.0,14.0,2.0,5.0,1.0,3.0,13.0,5.0,3.0,7.0,2.0,3.0,7.0,7.0,5.0,7.0,5.0,14.0,9.0,10.0,3.0,8.0,5.0,8.0,4.0,13.0,1.0,15.0,3.0,15.0,5.0
180.6547282601783,13.0,4.0,12.0,2.0,14.0,1.0,3.0,13.0,11.0,3.0,7.0,2.0,3.0,7.0,7.0,5.0,14.0,5.0,5.0,9.0,13.0,3.0,8.0,5.0,8.0,4.0,13.0,1.0,15.0,3.0,15.0,5.0
439.54709421106105,13.0,4.0,6.0,2.0,14.0,1.0,3.0,13.0,1.0,3.0,7.0,2.0,3.0,7.0,7.0,5.0,15.0,5.0,14.0,9.0,5.0,3.0,8.0,5.0,1.0,4.0,13.0,1.0,15.0,3.0,15.0,5.0
282.1265808797587,5.0,4.0,8.0,2.0,5.0,1.0,3.0,13.0,14.0,3.0,7.0,2.0,3.0,7.0,7.0,3.0,15.0,5.0,5.0,9.0,13.0,6.0,8.0,5.0,8.0,4.0,13.0,1.0,15.0,3.0,15.0,12.0
186.04975054349447,13.0,4.0,8.0,2.0,14.0,1.0,3.0,13.0,14.0,3.0,7.0,2.0,3.0,7.0,7.0,3.0,15.0,5.0,12.0,9.0,13.0,3.0,8.0,5.0,8.0,4.0,13.0,1.0,15.0,3.0,15.0,5.0
291.93390051077597,13.0,4.0,8.0,2.0,4.0,1.0,3.0,13.0,14.0,11.0,7.0,2.0,3.0,7.0,7.0,5.0,14.0,5.0,5.0,9.0,13.0,6.0,8.0,5.0,8.0,4.0,13.0,1.0,15.0,3.0,15.0,3.0
194.96073775654816,13.0,4.0,7.0,2.0,5.0,1.0,3.0,13.0,14.0,3.0,8.0,2.0,3.0,7.0,7.0,5.0,14.0,5.0,5.0,9.0,13.0,3.0,8.0,5.0,8.0,4.0,11.0,1.0,15.0,3.0,15.0,5.0
262.1310799347081,13.0,4.0,8.0,2.0,14.0,1.0,3.0,13.0,14.0,3.0,7.0,2.0,12.0,7.0,7.0,3.0,14.0,5.0,14.0,2.0,7.0,6.0,8.0,5.0,1.0,4.0,13.0,1.0,15.0,3.0,15.0,5.0
305.9082670689066,13.0,4.0,8.0,2.0,14.0,1.0,3.0,13.0,2.0,3.0,7.0,2.0,3.0,7.0,7.0,3.0,7.0,5.0,12.0,9.0,5.0,3.0,3.0,5.0,8.0,4.0,13.0,1.0,15.0,3.0,15.0,5.0
227.4677917725883,13.0,4.0,7.0,2.0,14.0,1.0,3.0,13.0,14.0,3.0,7.0,2.0,3.0,7.0,7.0,5.0,7.0,5.0,5.0,13.0,13.0,3.0,3.0,5.0,9.0,4.0,13.0,5.0,15.0,3.0,15.0,5.0
318.54381704345684,13.0,4.0,8.0,2.0,14.0,1.0,3.0,13.0,14.0,3.0,7.0,2.0,10.0,14.0,7.0,3.0,7.0,5.0,5.0,9.0,5.0,3.0,8.0,5.0,8.0,4.0,13.0,1.0,15.0,3.0,15.0,5.0
307.17009768408553,13.0,1.0,8.0,2.0,14.0,1.0,3.0,13.0,14.0,3.0,7.0,2.0,12.0,7.0,7.0,15.0,7.0,5.0,5.0,9.0,13.0,3.0,8.0,5.0,8.0,4.0,13.0,1.0,15.0,3.0,15.0,5.0
321.5659982884544,13.0,4.0,8.0,2.0,14.0,1.0,3.0,13.0,14.0,3.0,7.0,7.0,9.0,7.0,7.0,15.0,7.0,5.0,5.0,9.0,7.0,3.0,3.0,5.0,8.0,4.0,13.0,1.0,15.0,3.0,15.0,5.0
233.68103983743939,15.0,4.0,6.0,2.0,14.0,1.0,0.0,13.0,14.0,3.0,7.0,2.0,12.0,7.0,7.0,5.0,7.0,5.0,5.0,2.0,13.0,3.0,12.0,5.0,8.0,4.0,13.0,1.0,15.0,3.0,15.0,5.0
484.3520511549736,13.0,4.0,8.0,2.0,14.0,1.0,3.0,13.0,14.0,3.0,7.0,2.0,2.0,7.0,7.0,5.0,7.0,5.0,5.0,9.0,13.0,3.0,8.0,5.0,9.0,4.0,13.0,15.0,15.0,15.0,15.0,5.0
156.27042651099143,13.0,4.0,8.0,2.0,14.0,1.0,3.0,13.0,14.0,3.0,7.0,2.0,8.0,7.0,7.0,5.0,7.0,5.0,5.0,2.0,13.0,3.0,8.0,0.0,8.0,4.0,13.0,1.0,15.0,3.0,15.0,5.0
267.86242739557275,13.0,12.0,7.0,2.0,14.0,1.0,3.0,9.0,14.0,3.0,7.0,2.0,10.0,7.0,7.0,5.0,7.0,5.0,5.0,9.0,13.0,3.0,8.0,5.0,8.0,4.0,8.0,1.0,15.0,3.0,15.0,5.0
203.84256172249266,13.0,4.0,7.0,2.0,14.0,1.0,3.0,13.0,14.0,3.0,7.0,2.0,12.0,7.0,7.0,5.0,7.0,5.0,5.0,9.0,13.0,3.0,8.0,5.0,10.0,4.0,13.0,1.0,15.0,3.0,15.0,5.0
188.5103038155996,5.0,4.0,14.0,2.0,14.0,1.0,3.0,13.0,14.0,3.0,7.0,2.0,10.0,7.0,7.0,5.0,7.0,5.0,5.0,9.0,13.0,3.0,8.0,0.0,9.0,4.0,13.0,1.0,15.0,3.0,15.0,5.0
194.0263265362004,5.0,4.0,7.0,2.0,14.0,1.0,3.0,13.0,14.0,3.0,7.0,3.0,12.0,7.0,7.0,5.0,7.0,5.0,5.0,9.0,13.0,3.0,8.0,5.0,8.0,4.0,13.0,1.0,15.0,3.0,15.0,5.0
380.74852660076175,5.0,4.0,1.0,2.0,14.0,1.0,3.0,13.0,14.0,3.0,7.0,2.0,10.0,7.0,7.0,5.0,7.0,5.0,5.0,13.0,13.0,3.0,8.0,5.0,8.0,4.0,13.0,1.0,15.0,3.0,15.0,5.0
194.02439691893906,13.0,4.0,6.0,2.0,14.0,1.0,3.0,13.0,14.0,3.0,7.0,2.0,10.0,7.0,7.0,5.0,7.0,5.0,5.0,9.0,13.0,3.0,8.0,0.0,8.0,4.0,13.0,1.0,15.0,3.0,15.0,5.0
202.7607468421863,5.0,4.0,7.0,2.0,14.0,1.0,3.0,15.0,14.0,3.0,7.0,2.0,2.0,7.0,7.0,5.0,7.0,5.0,5.0,11.0,13.0,3.0,8.0,5.0,8.0,4.0,13.0,1.0,15.0,3.0,15.0,5.0
250.14999354212534,13.0,4.0,8.0,2.0,14.0,1.0,3.0,13.0,14.0,3.0,7.0,2.0,3.0,7.0,7.0,5.0,7.0,5.0,5.0,2.0,13.0,3.0,2.0,6.0,8.0,4.0,3.0,1.0,15.0,3.0,15.0,5.0
160.12204831651027,13.0,4.0,8.0,2.0,14.0,1.0,3.0,13.0,14.0,3.0,7.0,2.0,3.0,7.0,7.0,5.0,7.0,5.0,5.0,9.0,13.0,3.0,8.0,8.0,8.0,4.0,8.0,1.0,15.0,3.0,15.0,5.0
252.24412259021165,13.0,4.0,8.0,2.0,14.0,1.0,3.0,13.0,14.0,3.0,7.0,2.0,3.0,7.0,7.0,7.0,7.0,5.0,5.0,9.0,13.0,3.0,8.0,12.0,10.0,4.0,13.0,1.0,15.0,3.0,15.0,2.0
275.8119601490819,13.0,4.0,8.0,2.0,14.0,1.0,3.0,13.0,14.0,3.0,7.0,2.0,3.0,7.0,7.0,5.0,7.0,5.0,5.0,9.0,13.0,3.0,8.0,8.0,8.0,4.0,13.0,12.0,15.0,3.0,15.0,5.0
496.9975254046389,13.0,4.0,8.0,2.0,0.0,1.0,3.0,13.0,14.0,3.0,7.0,2.0,3.0,7.0,7.0,5.0,7.0,5.0,5.0,9.0,13.0,3.0,8.0,0.0,8.0,4.0,8.0,12.0,15.0,3.0,15.0,5.0
348.4189666265086,13.0,4.0,8.0,2.0,14.0,1.0,3.0,13.0,5.0,3.0,7.0,2.0,3.0,7.0,7.0,5.0,7.0,5.0,5.0,9.0,13.0,3.0,8.0,0.0,8.0,4.0,13.0,15.0,15.0,3.0,15.0,5.0
144.4665241641704,13.0,4.0,8.0,2.0,14.0,1.0,3.0,13.0,14.0,3.0,7.0,1.0,3.0,7.0,7.0,5.0,7.0,5.0,5.0,9.0,13.0,3.0,8.0,0.0,8.0,4.0,13.0,1.0,15.0,3.0,15.0,5.0
312.848870610382,13.0,4.0,8.0,2.0,14.0,1.0,3.0,9.0,14.0,3.0,7.0,2.0,3.0,7.0,7.0,5.0,7.0,5.0,5.0,9.0,2.0,3.0,8.0,13.0,9.0,4.0,13.0,1.0,15.0,3.0,15.0,5.0
197.3467542289491,13.0,4.0,8.0,2.0,14.0,1.0,3.0,13.0,14.0,3.0,7.0,2.0,3.0,3.0,7.0,7.0,7.0,5.0,5.0,9.0,7.0,6.0,8.0,0.0,9.0,4.0,13.0,1.0,15.0,3.0,15.0,5.0
142.4175841488814,13.0,4.0,8.0,2.0,14.0,1.0,3.0,13.0,14.0,3.0,7.0,2.0,3.0,7.0,7.0,5.0,7.0,5.0,5.0,9.0,13.0,3.0,8.0,0.0,14.0,4.0,13.0,1.0,15.0,3.0,15.0,5.0
485.09712141345545,13.0,4.0,8.0,2.0,14.0,1.0,3.0,13.0,14.0,3.0,7.0,13.0,12.0,7.0,7.0,5.0,7.0,5.0,5.0,9.0,13.0,3.0,8.0,1.0,1.0,4.0,13.0,12.0,15.0,3.0,15.0,5.0
249.22520193092416,13.0,4.0,8.0,10.0,14.0,1.0,3.0,13.0,14.0,3.0,7.0,2.0,3.0,7.0,7.0,6.0,7.0,5.0,5.0,9.0,13.0,3.0,8.0,8.0,5.0,4.0,13.0,1.0,15.0,3.0,15.0,5.0
156.31813374585985,13.0,4.0,8.0,2.0,14.0,1.0,3.0,13.0,14.0,3.0,7.0,3.0,3.0,7.0,7.0,5.0,7.0,5.0,5.0,9.0,13.0,3.0,8.0,7.0,14.0,4.0,13.0,1.0,15.0,3.0,15.0,5.0
195.69831001480972,13.0,4.0,8.0,2.0,14.0,1.0,3.0,13.0,14.0,3.0,7.0,2.0,3.0,7.0,7.0,5.0,7.0,5.0,5.0,9.0,13.0,3.0,8.0,0.0,10.0,8.0,13.0,1.0,15.0,3.0,15.0,5.0
275.9405532928502,13.0,4.0,8.0,2.0,14.0,1.0,3.0,13.0,5.0,3.0,7.0,2.0,3.0,7.0,7.0,5.0,7.0,5.0,5.0,9.0,13.0,3.0,8.0,13.0,14.0,4.0,13.0,1.0,15.0,3.0,15.0,5.0
436.0354440567448,13.0,4.0,8.0,2.0,14.0,1.0,3.0,13.0,14.0,3.0,7.0,13.0,3.0,7.0,7.0,5.0,7.0,5.0,5.0,2.0,13.0,3.0,8.0,7.0,8.0,4.0,13.0,15.0,15.0,3.0,15.0,5.0
186.88357086139467,13.0,4.0,8.0,2.0,14.0,1.0,3.0,13.0,14.0,3.0,7.0,8.0,3.0,7.0,7.0,5.0,7.0,5.0,5.0,2.0,7.0,3.0,8.0,5.0,14.0,4.0,13.0,1.0,15.0,3.0,15.0,8.0
206.66317050892252,13.0,4.0,8.0,2.0,14.0,1.0,3.0,13.0,7.0,3.0,7.0,2.0,3.0,7.0,7.0,4.0,7.0,5.0,5.0,2.0,13.0,3.0,8.0,7.0,8.0,4.0,13.0,8.0,15.0,3.0,15.0,5.0
262.9378424200193,13.0,4.0,8.0,2.0,14.0,1.0,3.0,13.0,14.0,3.0,7.0,2.0,3.0,7.0,7.0,5.0,7.0,5.0,5.0,2.0,13.0,3.0,8.0,0.0,9.0,4.0,13.0,12.0,15.0,3.0,15.0,5.0
301.4260162887137,13.0,4.0,8.0,2.0,14.0,1.0,3.0,13.0,14.0,3.0,7.0,2.0,3.0,7.0,7.0,5.0,7.0,5.0,5.0,9.0,13.0,4.0,8.0,0.0,14.0,4.0,13.0,14.0,15.0,3.0,15.0,5.0
180.69197435742,13.0,4.0,8.0,2.0,14.0,1.0,3.0,13.0,14.0,3.0,7.0,8.0,3.0,7.0,7.0,6.0,7.0,5.0,5.0,9.0,7.0,6.0,8.0,7.0,14.0,4.0,13.0,1.0,15.0,3.0,15.0,3.0
143.11782513541567,13.0,4.0,8.0,2.0,14.0,1.0,3.0,13.0,14.0,3.0,7.0,3.0,3.0,7.0,7.0,5.0,7.0,5.0,5.0,2.0,7.0,3.0,8.0,0.0,14.0,4.0,13.0,1.0,15.0,3.0,15.0,5.0
141.2248194651451,13.0,4.0,8.0,2.0,14.0,1.0,3.0,9.0,14.0,3.0,2.0,8.0,3.0,7.0,7.0,6.0,7.0,5.0,5.0,9.0,14.0,3.0,8.0,5.0,9.0,4.0,13.0,1.0,15.0,3.0,15.0,5.0
182.21122256468604,13.0,4.0,8.0,2.0,14.0,1.0,3.0,13.0,14.0,3.0,7.0,2.0,3.0,7.0,7.0,6.0,7.0,1.0,5.0,2.0,13.0,3.0,8.0,8.0,14.0,4.0,13.0,1.0,15.0,3.0,15.0,5.0
214.08690489544273,13.0,4.0,8.0,2.0,14.0,1.0,3.0,13.0,14.0,3.0,7.0,8.0,3.0,7.0,7.0,6.0,7.0,5.0,5.0,9.0,13.0,3.0,8.0,0.0,8.0,4.0,13.0,1.0,15.0,10.0,15.0,5.0
240.40877711891525,13.0,4.0,8.0,2.0,14.0,1.0,3.0,13.0,14.0,3.0,7.0,13.0,3.0,7.0,7.0,1.0,7.0,5.0,5.0,2.0,14.0,3.0,8.0,5.0,9.0,4.0,13.0,1.0,15.0,3.0,15.0,5.0
522.7956204622682,13.0,4.0,8.0,2.0,14.0,1.0,11.0,13.0,14.0,3.0,7.0,13.0,3.0,7.0,7.0,9.0,7.0,5.0,5.0,9.0,2.0,1.0,8.0,5.0,14.0,4.0,13.0,1.0,15.0,3.0,15.0,6.0
284.53745760928564,13.0,4.0,8.0,2.0,14.0,1.0,3.0,13.0,14.0,3.0,7.0,2.0,3.0,7.0,7.0,15.0,7.0,5.0,5.0,2.0,7.0,3.0,8.0,5.0,9.0,4.0,13.0,1.0,15.0,2.0,15.0,5.0
259.26136304039267,13.0,4.0,8.0,2.0,14.0,1.0,11.0,9.0,14.0,3.0,1.0,8.0,3.0,7.0,7.0,5.0,7.0,5.0,5.0,9.0,10.0,3.0,8.0,5.0,8.0,4.0,11.0,1.0,15.0,3.0,15.0,5.0
316.2352109568009,13.0,4.0,8.0,2.0,14.0,1.0,5.0,13.0,14.0,3.0,7.0,13.0,3.0,7.0,7.0,9.0,7.0,5.0,5.0,9.0,13.0,3.0,8.0,5.0,14.0,4.0,13.0,1.0,15.0,3.0,15.0,5.0
298.25549139926363,13.0,4.0,8.0,2.0,14.0,1.0,3.0,13.0,14.0,3.0,7.0,2.0,3.0,7.0,7.0,5.0,7.0,5.0,5.0,9.0,7.0,3.0,11.0,13.0,8.0,4.0,13.0,1.0,15.0,5.0,14.0,5.0
210.0775341530661,13.0,4.0,8.0,2.0,14.0,1.0,3.0,13.0,14.0,3.0,7.0,2.0,3.0,3.0,7.0,5.0,7.0,5.0,5.0,2.0,13.0,3.0,8.0,0.0,8.0,4.0,13.0,1.0,15.0,5.0,10.0,5.0
286.9397201733332,13.0,4.0,8.0,2.0,14.0,5.0,3.0,13.0,14.0,3.0,7.0,2.0,3.0,7.0,7.0,5.0,7.0,5.0,5.0,9.0,1.0,3.0,8.0,7.0,8.0,4.0,13.0,1.0,15.0,3.0,15.0,5.0
128.9677437602217,13.0,4.0,8.0,2.0,14.0,1.0,3.0,13.0,14.0,3.0,7.0,2.0,3.0,10.0,7.0,5.0,7.0,5.0,5.0,9.0,7.0,3.0,8.0,0.0,8.0,4.0,13.0,1.0,15.0,3.0,15.0,5.0
259.64526286620526,13.0,4.0,8.0,2.0,14.0,1.0,3.0,13.0,14.0,3.0,7.0,2.0,3.0,7.0,7.0,5.0,7.0,5.0,5.0,9.0,14.0,3.0,8.0,13.0,8.0,4.0,13.0,1.0,15.0,3.0,10.0,5.0
317.3760835909926,13.0,4.0,8.0,2.0,14.0,1.0,3.0,13.0,1.0,3.0,7.0,2.0,3.0,10.0,7.0,5.0,7.0,5.0,5.0,2.0,7.0,3.0,8.0,0.0,8.0,4.0,13.0,1.0,15.0,10.0,15.0,5.0
233.7872056844338,13.0,4.0,8.0,2.0,5.0,1.0,3.0,13.0,14.0,3.0,7.0,2.0,3.0,10.0,4.0,5.0,7.0,5.0,5.0,9.0,7.0,3.0,8.0,0.0,8.0,4.0,13.0,1.0,15.0,10.0,15.0,5.0
471.8549933654941,13.0,4.0,8.0,2.0,14.0,1.0,3.0,13.0,1.0,3.0,7.0,2.0,3.0,5.0,7.0,5.0,0.0,5.0,5.0,9.0,7.0,3.0,8.0,0.0,8.0,4.0,13.0,1.0,15.0,9.0,15.0,5.0
137.95000412897053,13.0,4.0,8.0,2.0,14.0,1.0,3.0,13.0,14.0,3.0,7.0,2.0,3.0,10.0,7.0,5.0,7.0,5.0,5.0,9.0,7.0,3.0,8.0,0.0,8.0,4.0,13.0,1.0,15.0,6.0,15.0,5.0
353.8362381526854,13.0,4.0,14.0,2.0,14.0,1.0,3.0,13.0,14.0,3.0,7.0,2.0,3.0,10.0,7.0,5.0,7.0,5.0,5.0,9.0,7.0,3.0,8.0,0.0,8.0,4.0,1.0,1.0,15.0,10.0,15.0,5.0
208.18013565484912,13.0,4.0,8.0,2.0,14.0,1.0,3.0,13.0,14.0,3.0,7.0,3.0,9.0,10.0,4.0,7.0,9.0,5.0,5.0,9.0,7.0,3.0,8.0,0.0,14.0,4.0,13.0,1.0,15.0,3.0,15.0,5.0
243.74601409282417,13.0,4.0,14.0,2.0,5.0,1.0,3.0,13.0,14.0,3.0,7.0,2.0,3.0,10.0,7.0,5.0,7.0,5.0,5.0,9.0,7.0,3.0,4.0,0.0,8.0,4.0,13.0,1.0,15.0,3.0,14.0,5.0
216.46152781704586,13.0,4.0,8.0,2.0,8.0,1.0,3.0,13.0,14.0,3.0,7.0,2.0,3.0,10.0,7.0,7.0,7.0,5.0,5.0,9.0,7.0,3.0,8.0,0.0,8.0,4.0,13.0,1.0,15.0,3.0,15.0,12.0
302.453794879226,13.0,4.0,8.0,2.0,8.0,1.0,3.0,13.0,14.0,3.0,7.0,3.0,3.0,10.0,7.0,5.0,7.0,5.0,5.0,9.0,7.0,3.0,8.0,0.0,8.0,4.0,1.0,1.0,15.0,3.0,15.0,5.0
145.4595853589623,13.0,1.0,8.0,2.0,14.0,1.0,3.0,13.0,14.0,3.0,7.0,3.0,3.0,10.0,7.0,0.0,7.0,5.0,8.0,9.0,7.0,3.0,8.0,0.0,8.0,4.0,13.0,1.0,15.0,3.0,15.0,5.0
396.50942707873236,13.0,4.0,8.0,2.0,14.0,1.0,3.0,13.0,14.0,3.0,7.0,2.0,12.0,14.0,7.0,13.0,7.0,5.0,5.0,9.0,7.0,3.0,8.0,0.0,14.0,4.0,13.0,1.0,15.0,3.0,15.0,5.0
306.6805022491674,13.0,4.0,8.0,2.0,14.0,1.0,3.0,13.0,14.0,3.0,7.0,2.0,12.0,12.0,7.0,0.0,9.0,5.0,5.0,9.0,7.0,3.0,8.0,0.0,8.0,4.0,13.0,1.0,4.0,3.0,15.0,5.0
216.10309068603814,13.0,4.0,8.0,2.0,14.0,1.0,3.0,13.0,14.0,3.0,7.0,2.0,3.0,3.0,4.0,12.0,7.0,5.0,5.0,11.0,7.0,3.0,8.0,0.0,14.0,4.0,13.0,1.0,15.0,3.0,15.0,5.0
436.581523759794,13.0,4.0,8.0,15.0,14.0,1.0,3.0,13.0,14.0,3.0,7.0,2.0,3.0,8.0,7.0,5.0,7.0,5.0,5.0,9.0,7.0,3.0,2.0,0.0,14.0,4.0,13.0,1.0,15.0,5.0,14.0,5.0
155.1898001232088,13.0,4.0,9.0,2.0,14.0,1.0,3.0,13.0,14.0,3.0,7.0,2.0,3.0,7.0,7.0,5.0,7.0,5.0,5.0,9.0,7.0,3.0,11.0,0.0,14.0,4.0,13.0,1.0,15.0,3.0,15.0,5.0
235.30297549687697,13.0,4.0,14.0,7.0,14.0,6.0,3.0,13.0,14.0,3.0,7.0,2.0,3.0,7.0,5.0,5.0,7.0,5.0,14.0,9.0,7.0,3.0,8.0,8.0,8.0,4.0,13.0,1.0,15.0,5.0,15.0,5.0
169.11636235179668,13.0,4.0,8.0,2.0,14.0,1.0,3.0,13.0,14.0,3.0,7.0,2.0,3.0,10.0,7.0,5.0,7.0,5.0,5.0,9.0,7.0,3.0,8.0,7.0,9.0,4.0,13.0,1.0,15.0,5.0,13.0,5.0
175.97845481915147,13.0,4.0,14.0,2.0,14.0,1.0,3.0,13.0,14.0,3.0,7.0,2.0,3.0,10.0,7.0,5.0,7.0,5.0,5.0,9.0,7.0,3.0,8.0,8.0,9.0,4.0,13.0,1.0,15.0,3.0,13.0,5.0
199.3012656325209,13.0,4.0,7.0,2.0,14.0,1.0,3.0,13.0,14.0,3.0,7.0,2.0,3.0,7.0,7.0,5.0,7.0,11.0,5.0,9.0,7.0,3.0,8.0,0.0,8.0,4.0,13.0,1.0,15.0,3.0,15.0,5.0
200.79453962812394,13.0,4.0,14.0,2.0,14.0,1.0,3.0,13.0,14.0,9.0,7.0,2.0,3.0,7.0,7.0,5.0,7.0,5.0,5.0,2.0,7.0,3.0,13.0,0.0,9.0,4.0,13.0,1.0,15.0,3.0,15.0,5.0
381.96445353689757,13.0,4.0,9.0,7.0,14.0,1.0,3.0,13.0,14.0,3.0,7.0,2.0,3.0,10.0,11.0,15.0,7.0,5.0,5.0,9.0,7.0,3.0,11.0,0.0,8.0,4.0,13.0,1.0,15.0,5.0,15.0,5.0
274.609665224735,13.0,10.0,8.0,7.0,14.0,6.0,3.0,13.0,14.0,3.0,7.0,2.0,3.0,10.0,11.0,5.0,7.0,5.0,14.0,9.0,7.0,3.0,8.0,0.0,8.0,4.0,13.0,1.0,15.0,3.0,15.0,5.0
221.59684735900188,13.0,4.0,9.0,2.0,14.0,1.0,3.0,13.0,14.0,9.0,7.0,2.0,3.0,10.0,4.0,5.0,7.0,9.0,5.0,9.0,7.0,3.0,8.0,0.0,8.0,4.0,13.0,1.0,15.0,3.0,15.0,5.0
207.98187458015215,13.0,4.0,9.0,2.0,13.0,1.0,3.0,13.0,14.0,3.0,15.0,2.0,3.0,10.0,4.0,5.0,7.0,9.0,5.0,9.0,7.0,3.0,6.0,0.0,14.0,4.0,13.0,1.0,15.0,3.0,15.0,5.0
195.1241239908298,13.0,4.0,8.0,2.0,14.0,1.0,3.0,13.0,14.0,3.0,7.0,2.0,3.0,7.0,11.0,5.0,7.0,9.0,5.0,9.0,7.0,3.0,8.0,0.0,8.0,4.0,13.0,1.0,15.0,5.0,15.0,5.0
213.32714340099685,13.0,4.0,12.0,2.0,14.0,1.0,3.0,13.0,14.0,3.0,7.0,2.0,3.0,3.0,7.0,5.0,7.0,5.0,5.0,9.0,7.0,3.0,8.0,0.0,14.0,4.0,13.0,1.0,15.0,3.0,10.0,5.0
155.30591994873296,13.0,4.0,8.0,2.0,14.0,1.0,3.0,13.0,14.0,3.0,7.0,2.0,3.0,10.0,7.0,4.0,7.0,5.0,14.0,9.0,7.0,3.0,8.0,6.0,14.0,4.0,13.0,1.0,15.0,3.0,15.0,5.0
191.55612115878608,13.0,4.0,8.0,2.0,14.0,1.0,3.0,13.0,14.0,3.0,7.0,2.0,3.0,10.0,7.0,0.0,7.0,5.0,5.0,2.0,7.0,3.0,6.0,0.0,5.0,4.0,14.0,1.0,15.0,3.0,14.0,5.0
205.75488186656875,13.0,4.0,9.0,7.0,14.0,1.0,3.0,13.0,14.0,3.0,7.0,2.0,3.0,10.0,7.0,5.0,7.0,5.0,8.0,9.0,7.0,3.0,8.0,8.0,8.0,5.0,13.0,1.0,15.0,3.0,15.0,5.0
224.0342450083683,11.0,4.0,8.0,2.0,14.0,1.0,3.0,12.0,14.0,9.0,7.0,2.0,3.0,10.0,7.0,5.0,7.0,5.0,8.0,9.0,7.0,3.0,8.0,8.0,8.0,4.0,13.0,1.0,15.0,3.0,15.0,5.0
329.3969464058578,13.0,1.0,8.0,7.0,14.0,1.0,15.0,13.0,14.0,9.0,7.0,2.0,3.0,10.0,7.0,5.0,7.0,5.0,9.0,2.0,7.0,3.0,8.0,0.0,14.0,4.0,13.0,1.0,15.0,3.0,15.0,12.0
182.86422107428012,13.0,4.0,14.0,7.0,14.0,1.0,3.0,13.0,14.0,3.0,7.0,2.0,3.0,10.0,4.0,5.0,7.0,5.0,5.0,11.0,7.0,1.0,8.0,4.0,14.0,4.0,13.0,1.0,15.0,3.0,15.0,3.0
151.90379229190248,13.0,4.0,14.0,2.0,14.0,1.0,3.0,13.0,14.0,3.0,7.0,2.0,3.0,10.0,7.0,5.0,7.0,5.0,5.0,9.0,7.0,3.0,8.0,0.0,14.0,4.0,13.0,1.0,15.0,3.0,10.0,5.0
220.1594488662104,13.0,1.0,9.0,2.0,14.0,3.0,3.0,13.0,14.0,3.0,7.0,2.0,3.0,10.0,7.0,0.0,7.0,5.0,5.0,2.0,7.0,3.0,11.0,8.0,15.0,4.0,13.0,1.0,12.0,3.0,15.0,5.0
255.09193561208104,13.0,4.0,8.0,2.0,14.0,6.0,3.0,13.0,14.0,3.0,7.0,2.0,3.0,10.0,7.0,5.0,7.0,5.0,13.0,9.0,7.0,3.0,8.0,0.0,15.0,4.0,13.0,1.0,15.0,3.0,15.0,12.0
263.5622434988024,13.0,12.0,9.0,7.0,14.0,1.0,3.0,13.0,14.0,3.0,7.0,2.0,3.0,10.0,7.0,5.0,7.0,5.0,5.0,9.0,7.0,3.0,8.0,0.0,8.0,4.0,13.0,1.0,15.0,3.0,15.0,5.0
131.0686651221785,13.0,4.0,8.0,2.0,14.0,1.0,3.0,10.0,14.0,3.0,15.0,2.0,3.0,10.0,7.0,5.0,7.0,5.0,5.0,9.0,7.0,3.0,11.0,0.0,8.0,4.0,13.0,1.0,15.0,3.0,14.0,5.0
234.9618728962026,13.0,1.0,8.0,7.0,14.0,1.0,3.0,13.0,14.0,3.0,7.0,2.0,3.0,10.0,7.0,13.0,7.0,5.0,5.0,9.0,7.0,3.0,8.0,0.0,8.0,4.0,13.0,1.0,15.0,3.0,15.0,5.0
262.9935918418598,13.0,4.0,8.0,2.0,14.0,1.0,3.0,13.0,14.0,9.0,15.0,2.0,3.0,10.0,7.0,5.0,7.0,5.0,5.0,9.0,7.0,3.0,8.0,0.0,8.0,4.0,13.0,1.0,15.0,3.0,14.0,12.0
218.33178332840893,13.0,4.0,8.0,2.0,14.0,1.0,3.0,13.0,14.0,9.0,7.0,2.0,3.0,10.0,7.0,5.0,7.0,5.0,8.0,9.0,7.0,3.0,8.0,8.0,14.0,4.0,13.0,1.0,15.0,3.0,15.0,1.0
261.0620355922571,13.0,4.0,8.0,2.0,14.0,1.0,3.0,13.0,14.0,3.0,7.0,2.0,3.0,9.0,7.0,0.0,7.0,5.0,5.0,2.0,7.0,3.0,6.0,0.0,8.0,4.0,13.0,1.0,15.0,3.0,1.0,5.0
174.72007406401087,13.0,1.0,8.0,7.0,14.0,1.0,3.0,13.0,14.0,3.0,7.0,2.0,3.0,10.0,4.0,7.0,7.0,5.0,5.0,2.0,7.0,3.0,13.0,0.0,15.0,4.0,12.0,1.0,15.0,3.0,14.0,5.0
198.68159993988644,13.0,4.0,12.0,7.0,14.0,1.0,3.0,13.0,14.0,3.0,7.0,2.0,3.0,10.0,7.0,5.0,7.0,5.0,5.0,9.0,7.0,3.0,11.0,0.0,14.0,4.0,13.0,1.0,15.0,3.0,14.0,5.0
185.2147795386028,13.0,4.0,8.0,2.0,14.0,1.0,3.0,13.0,14.0,3.0,7.0,2.0,3.0,10.0,7.0,7.0,7.0,5.0,5.0,1.0,7.0,3.0,6.0,0.0,8.0,4.0,13.0,1.0,15.0,3.0,15.0,5.0
148.49654212749815,8.0,1.0,8.0,7.0,14.0,1.0,3.0,13.0,14.0,3.0,7.0,2.0,3.0,10.0,7.0,7.0,7.0,5.0,5.0,9.0,7.0,3.0,8.0,0.0,8.0,4.0,13.0,1.0,15.0,3.0,15.0,5.0
195.50927414106835,13.0,1.0,8.0,2.0,14.0,1.0,3.0,13.0,14.0,3.0,7.0,2.0,3.0,10.0,7.0,12.0,7.0,5.0,5.0,9.0,7.0,3.0,8.0,0.0,8.0,4.0,13.0,1.0,15.0,3.0,15.0,5.0
213.84199579159232,13.0,1.0,8.0,2.0,14.0,1.0,3.0,13.0,14.0,3.0,7.0,2.0,3.0,10.0,7.0,13.0,7.0,5.0,5.0,9.0,7.0,3.0,8.0,0.0,8.0,4.0,13.0,1.0,15.0,3.0,15.0,5.0
247.88854828466722,13.0,1.0,8.0,2.0,14.0,1.0,3.0,13.0,14.0,3.0,7.0,2.0,3.0,10.0,7.0,6.0,7.0,5.0,5.0,12.0,14.0,3.0,8.0,0.0,14.0,4.0,13.0,2.0,15.0,3.0,15.0,13.0
237.47066056215473,13.0,4.0,8.0,2.0,14.0,1.0,3.0,13.0,14.0,3.0,7.0,2.0,3.0,10.0,4.0,0.0,7.0,5.0,5.0,2.0,7.0,6.0,8.0,0.0,8.0,4.0,13.0,1.0,15.0,3.0,11.0,5.0
128.04652232735953,13.0,1.0,8.0,2.0,14.0,1.0,3.0,13.0,14.0,3.0,7.0,2.0,3.0,7.0,7.0,4.0,7.0,5.0,5.0,9.0,7.0,3.0,8.0,0.0,8.0,4.0,13.0,1.0,15.0,3.0,15.0,5.0
156.53436760237435,13.0,1.0,8.0,2.0,14.0,1.0,3.0,13.0,14.0,3.0,7.0,2.0,3.0,7.0,7.0,4.0,7.0,5.0,5.0,9.0,7.0,3.0,8.0,0.0,8.0,4.0,13.0,1.0,15.0,3.0,11.0,5.0
123.73849230347528,13.0,1.0,8.0,2.0,14.0,1.0,3.0,13.0,14.0,3.0,7.0,2.0,3.0,7.0,7.0,4.0,7.0,5.0,5.0,9.0,7.0,3.0,8.0,0.0,8.0,4.0,13.0,1.0,15.0,3.0,2.0,13.0
255.20934286051562,13.0,1.0,14.0,2.0,14.0,1.0,3.0,13.0,14.0,3.0,7.0,8.0,3.0,7.0,7.0,4.0,7.0,5.0,5.0,9.0,7.0,3.0,6.0,0.0,8.0,4.0,13.0,1.0,15.0,3.0,15.0,12.0
206.18364359648936,13.0,1.0,8.0,2.0,14.0,6.0,3.0,13.0,14.0,3.0,7.0,2.0,3.0,7.0,7.0,4.0,7.0,5.0,10.0,9.0,7.0,3.0,8.0,0.0,8.0,4.0,13.0,1.0,15.0,3.0,10.0,5.0
171.40338520030272,13.0,1.0,8.0,2.0,14.0,1.0,3.0,13.0,14.0,3.0,7.0,2.0,3.0,7.0,7.0,6.0,7.0,5.0,5.0,11.0,7.0,3.0,8.0,0.0,8.0,4.0,13.0,1.0,15.0,3.0,10.0,5.0
205.39306066016817,13.0,10.0,14.0,2.0,14.0,3.0,3.0,13.0,14.0,3.0,7.0,2.0,3.0,7.0,7.0,4.0,7.0,5.0,5.0,9.0,7.0,3.0,8.0,0.0,9.0,4.0,13.0,1.0,15.0,3.0,15.0,5.0
275.6519130167382,13.0,1.0,8.0,14.0,14.0,1.0,3.0,13.0,14.0,3.0,7.0,2.0,3.0,7.0,7.0,4.0,7.0,5.0,5.0,2.0,7.0,3.0,8.0,0.0,9.0,4.0,13.0,1.0,15.0,3.0,15.0,5.0
143.7983054373909,13.0,1.0,9.0,2.0,14.0,1.0,3.0,13.0,14.0,3.0,7.0,2.0,3.0,7.0,7.0,6.0,7.0,5.0,5.0,9.0,7.0,3.0,8.0,0.0,9.0,4.0,13.0,1.0,15.0,3.0,15.0,5.0
136.65762795277826,13.0,1.0,8.0,2.0,14.0,6.0,3.0,13.0,14.0,3.0,15.0,2.0,3.0,7.0,7.0,4.0,7.0,5.0,5.0,9.0,7.0,3.0,8.0,0.0,15.0,4.0,13.0,1.0,15.0,3.0,15.0,5.0
148.96387813858254,13.0,1.0,8.0,2.0,14.0,6.0,3.0,12.0,14.0,3.0,7.0,2.0,3.0,7.0,7.0,4.0,7.0,5.0,5.0,2.0,7.0,3.0,8.0,0.0,9.0,4.0,13.0,1.0,15.0,3.0,15.0,5.0
139.9220052286207,13.0,1.0,8.0,2.0,14.0,1.0,3.0,13.0,14.0,3.0,15.0,2.0,3.0,7.0,7.0,4.0,7.0,5.0,5.0,9.0,11.0,3.0,8.0,0.0,8.0,4.0,13.0,1.0,15.0,3.0,15.0,5.0
167.64152025802795,13.0,1.0,9.0,2.0,14.0,1.0,3.0,13.0,14.0,3.0,7.0,2.0,3.0,7.0,7.0,4.0,7.0,5.0,5.0,2.0,7.0,3.0,6.0,0.0,15.0,4.0,13.0,1.0,15.0,3.0,15.0,5.0
307.25530120336947,13.0,1.0,14.0,2.0,14.0,3.0,3.0,13.0,14.0,3.0,1.0,2.0,3.0,7.0,7.0,4.0,7.0,5.0,5.0,12.0,7.0,3.0,8.0,0.0,14.0,4.0,13.0,1.0,15.0,3.0,15.0,5.0
136.65979267602305,13.0,1.0,14.0,2.0,14.0,1.0,3.0,13.0,14.0,3.0,15.0,2.0,3.0,14.0,7.0,4.0,7.0,5.0,5.0,9.0,7.0,3.0,8.0,0.0,14.0,4.0,13.0,1.0,15.0,3.0,15.0,5.0
154.47581985547575,13.0,1.0,14.0,2.0,14.0,1.0,3.0,13.0,14.0,3.0,7.0,2.0,3.0,7.0,4.0,4.0,7.0,5.0,5.0,9.0,14.0,3.0,8.0,6.0,8.0,4.0,13.0,1.0,15.0,3.0,15.0,5.0
130.74363922868434,13.0,0.0,14.0,2.0,14.0,1.0,3.0,13.0,14.0,3.0,7.0,2.0,3.0,7.0,7.0,4.0,7.0,5.0,5.0,9.0,7.0,3.0,8.0,0.0,8.0,4.0,13.0,1.0,15.0,3.0,15.0,5.0
137.5346423742857,13.0,1.0,14.0,2.0,14.0,1.0,3.0,13.0,14.0,3.0,8.0,2.0,3.0,7.0,7.0,4.0,7.0,5.0,5.0,11.0,7.0,3.0,8.0,0.0,8.0,4.0,13.0,1.0,15.0,3.0,15.0,5.0
161.79663699939786,13.0,1.0,8.0,2.0,14.0,1.0,3.0,13.0,14.0,3.0,15.0,2.0,3.0,7.0,4.0,4.0,7.0,5.0,5.0,11.0,7.0,3.0,8.0,0.0,8.0,4.0,13.0,1.0,15.0,3.0,15.0,5.0
140.70329654495526,13.0,1.0,14.0,2.0,14.0,1.0,3.0,13.0,14.0,3.0,9.0,2.0,3.0,7.0,7.0,4.0,7.0,5.0,5.0,11.0,7.0,3.0,8.0,0.0,8.0,4.0,13.0,1.0,15.0,3.0,15.0,5.0
205.89234423457978,13.0,1.0,14.0,2.0,14.0,1.0,3.0,13.0,14.0,3.0,7.0,2.0,3.0,7.0,7.0,4.0,7.0,5.0,5.0,10.0,7.0,3.0,4.0,0.0,14.0,4.0,13.0,1.0,15.0,3.0,15.0,5.0
213.1691240266011,13.0,1.0,8.0,2.0,14.0,1.0,3.0,13.0,14.0,3.0,9.0,2.0,3.0,3.0,4.0,4.0,7.0,5.0,5.0,9.0,7.0,3.0,6.0,0.0,8.0,1.0,13.0,1.0,15.0,3.0,15.0,5.0
110.10737313917014,13.0,1.0,8.0,2.0,14.0,1.0,3.0,10.0,14.0,3.0,8.0,2.0,3.0,7.0,7.0,4.0,7.0,5.0,5.0,9.0,7.0,3.0,8.0,0.0,8.0,4.0,13.0,1.0,15.0,3.0,15.0,5.0
115.88615216954234,13.0,1.0,8.0,2.0,14.0,3.0,3.0,11.0,14.0,3.0,10.0,2.0,3.0,10.0,7.0,4.0,7.0,5.0,5.0,9.0,7.0,3.0,8.0,0.0,8.0,1.0,13.0,1.0,15.0,3.0,15.0,5.0
297.0298280701366,13.0,1.0,8.0,2.0,14.0,1.0,3.0,13.0,14.0,3.0,1.0,2.0,3.0,7.0,4.0,4.0,7.0,5.0,5.0,9.0,14.0,3.0,8.0,0.0,8.0,4.0,13.0,1.0,15.0,3.0,15.0,5.0
265.18758174711746,13.0,1.0,8.0,2.0,14.0,1.0,3.0,13.0,14.0,3.0,7.0,2.0,3.0,3.0,4.0,4.0,7.0,5.0,5.0,9.0,7.0,3.0,8.0,0.0,8.0,4.0,13.0,1.0,15.0,3.0,15.0,12.0
172.18598356538556,13.0,1.0,8.0,2.0,14.0,5.0,3.0,10.0,14.0,3.0,8.0,2.0,3.0,14.0,7.0,10.0,7.0,5.0,5.0,9.0,7.0,3.0,8.0,0.0,8.0,4.0,13.0,1.0,15.0,3.0,15.0,5.0
136.85590015889375,13.0,1.0,8.0,2.0,14.0,1.0,3.0,10.0,14.0,3.0,15.0,2.0,3.0,14.0,7.0,4.0,7.0,5.0,5.0,9.0,7.0,3.0,8.0,0.0,8.0,5.0,13.0,1.0,15.0,0.0,15.0,5.0
230.9423802254009,13.0,1.0,8.0,2.0,14.0,3.0,3.0,10.0,14.0,3.0,8.0,2.0,3.0,7.0,7.0,13.0,7.0,5.0,9.0,9.0,7.0,3.0,8.0,0.0,8.0,4.0,13.0,1.0,15.0,3.0,15.0,5.0
283.70758700157734,13.0,1.0,8.0,2.0,14.0,1.0,3.0,10.0,14.0,3.0,8.0,2.0,3.0,5.0,7.0,4.0,0.0,5.0,5.0,9.0,7.0,6.0,8.0,0.0,8.0,1.0,13.0,1.0,15.0,3.0,15.0,5.0
230.91565041726014,13.0,1.0,8.0,2.0,14.0,12.0,3.0,10.0,14.0,3.0,15.0,2.0,3.0,7.0,4.0,4.0,7.0,5.0,5.0,9.0,7.0,3.0,8.0,0.0,8.0,4.0,13.0,1.0,15.0,3.0,15.0,5.0
197.0600674558337,13.0,10.0,8.0,2.0,14.0,1.0,3.0,9.0,14.0,3.0,8.0,2.0,3.0,14.0,7.0,4.0,7.0,5.0,5.0,9.0,7.0,3.0,8.0,0.0,8.0,4.0,13.0,1.0,15.0,5.0,15.0,5.0
169.60156147898164,13.0,1.0,8.0,2.0,14.0,1.0,3.0,15.0,14.0,3.0,8.0,2.0,3.0,9.0,7.0,4.0,7.0,5.0,14.0,9.0,7.0,3.0,8.0,0.0,9.0,4.0,13.0,1.0,9.0,5.0,15.0,5.0
170.50663887086503,13.0,1.0,8.0,2.0,14.0,1.0,3.0,12.0,14.0,3.0,8.0,2.0,3.0,14.0,7.0,10.0,7.0,5.0,5.0,9.0,7.0,3.0,8.0,0.0,8.0,4.0,13.0,1.0,15.0,3.0,15.0,5.0
138.22163302183978,13.0,1.0,8.0,2.0,14.0,1.0,3.0,6.0,14.0,3.0,8.0,2.0,3.0,14.0,7.0,4.0,7.0,5.0,5.0,9.0,7.0,3.0,8.0,0.0,15.0,4.0,13.0,1.0,9.0,3.0,15.0,5.0
154.52669008287418,13.0,1.0,8.0,2.0,14.0,1.0,3.0,15.0,14.0,3.0,8.0,2.0,3.0,5.0,7.0,4.0,7.0,5.0,5.0,9.0,7.0,3.0,8.0,0.0,14.0,4.0,13.0,1.0,15.0,3.0,15.0,5.0
135.92546715183707,13.0,1.0,13.0,2.0,14.0,1.0,3.0,13.0,14.0,3.0,8.0,2.0,3.0,7.0,7.0,4.0,7.0,5.0,5.0,9.0,7.0,6.0,8.0,0.0,15.0,4.0,13.0,1.0,15.0,3.0,15.0,5.0
468.94695316927374,13.0,1.0,8.0,2.0,14.0,1.0,3.0,10.0,14.0,8.0,8.0,2.0,9.0,14.0,7.0,4.0,7.0,5.0,5.0,9.0,7.0,3.0,8.0,0.0,0.0,4.0,13.0,1.0,15.0,3.0,15.0,5.0
407.29887321753966,13.0,1.0,8.0,2.0,14.0,1.0,3.0,10.0,14.0,3.0,8.0,2.0,3.0,7.0,7.0,4.0,7.0,5.0,5.0,9.0,7.0,3.0,8.0,0.0,11.0,5.0,0.0,1.0,15.0,3.0,15.0,5.0
184.57644828145823,13.0,10.0,8.0,2.0,14.0,1.0,3.0,10.0,14.0,3.0,8.0,2.0,3.0,9.0,7.0,4.0,7.0,5.0,5.0,9.0,7.0,3.0,8.0,0.0,9.0,4.0,13.0,1.0,15.0,5.0,15.0,5.0
233.50159304659567,13.0,10.0,8.0,2.0,14.0,1.0,3.0,10.0,14.0,3.0,8.0,2.0,3.0,14.0,7.0,4.0,7.0,5.0,5.0,9.0,7.0,3.0,6.0,0.0,15.0,1.0,12.0,1.0,15.0,3.0,15.0,5.0
221.44744026120645,13.0,1.0,8.0,2.0,14.0,1.0,3.0,15.0,14.0,3.0,8.0,2.0,3.0,7.0,7.0,4.0,7.0,5.0,5.0,2.0,7.0,6.0,8.0,0.0,8.0,1.0,15.0,3.0,15.0,3.0,15.0,12.0
155.61109771016172,13.0,1.0,9.0,2.0,14.0,1.0,3.0,13.0,14.0,3.0,8.0,2.0,3.0,7.0,7.0,4.0,13.0,5.0,14.0,9.0,7.0,3.0,8.0,0.0,8.0,4.0,13.0,1.0,15.0,3.0,15.0,5.0
163.77011465422746,13.0,1.0,14.0,2.0,14.0,1.0,3.0,9.0,14.0,8.0,8.0,2.0,3.0,7.0,7.0,4.0,7.0,5.0,14.0,9.0,7.0,3.0,8.0,0.0,8.0,1.0,13.0,1.0,15.0,3.0,15.0,5.0
275.0013176628203,13.0,1.0,8.0,2.0,14.0,1.0,3.0,13.0,14.0,3.0,8.0,2.0,3.0,7.0,7.0,4.0,0.0,5.0,5.0,9.0,7.0,3.0,8.0,0.0,14.0,4.0,13.0,1.0,15.0,3.0,15.0,5.0
402.31511294011653,13.0,1.0,8.0,2.0,14.0,1.0,3.0,9.0,13.0,3.0,8.0,2.0,3.0,7.0,7.0,4.0,7.0,5.0,5.0,9.0,7.0,3.0,8.0,7.0,14.0,4.0,0.0,1.0,15.0,3.0,15.0,5.0
294.14704374988696,13.0,1.0,12.0,2.0,14.0,1.0,3.0,10.0,14.0,3.0,7.0,2.0,3.0,7.0,7.0,4.0,7.0,5.0,14.0,9.0,7.0,3.0,8.0,0.0,8.0,4.0,13.0,1.0,15.0,3.0,15.0,15.0
180.23572864957052,13.0,1.0,14.0,2.0,14.0,1.0,3.0,10.0,14.0,7.0,6.0,2.0,3.0,7.0,7.0,4.0,7.0,5.0,4.0,2.0,7.0,6.0,8.0,0.0,8.0,1.0,13.0,1.0,15.0,3.0,15.0,5.0
319.5263392447545,13.0,1.0,5.0,2.0,14.0,1.0,3.0,10.0,14.0,8.0,1.0,2.0,3.0,14.0,7.0,4.0,7.0,5.0,14.0,2.0,7.0,3.0,8.0,0.0,8.0,1.0,13.0,1.0,15.0,3.0,15.0,5.0
112.435880876394,13.0,1.0,7.0,2.0,14.0,1.0,3.0,10.0,14.0,3.0,7.0,2.0,3.0,7.0,7.0,4.0,7.0,5.0,14.0,2.0,7.0,6.0,8.0,0.0,8.0,4.0,12.0,1.0,15.0,3.0,15.0,5.0
223.24624845882792,13.0,1.0,5.0,2.0,14.0,1.0,3.0,10.0,14.0,3.0,4.0,2.0,3.0,14.0,7.0,4.0,7.0,5.0,14.0,9.0,7.0,3.0,8.0,0.0,8.0,4.0,13.0,1.0,15.0,3.0,15.0,5.0
121.09108454059198,13.0,1.0,14.0,2.0,14.0,1.0,3.0,10.0,14.0,3.0,7.0,2.0,3.0,7.0,7.0,4.0,7.0,5.0,5.0,9.0,14.0,3.0,8.0,6.0,8.0,4.0,13.0,1.0,15.0,3.0,15.0,5.0
163.07766194359982,13.0,1.0,9.0,2.0,14.0,1.0,15.0,10.0,14.0,3.0,8.0,2.0,3.0,7.0,7.0,4.0,7.0,5.0,5.0,9.0,7.0,3.0,8.0,0.0,8.0,4.0,13.0,1.0,15.0,3.0,15.0,6.0
126.25231508781461,13.0,4.0,8.0,2.0,14.0,1.0,3.0,10.0,14.0,3.0,7.0,2.0,3.0,7.0,7.0,4.0,7.0,5.0,5.0,9.0,14.0,3.0,8.0,6.0,8.0,4.0,13.0,1.0,15.0,3.0,15.0,5.0
133.25413406907288,13.0,4.0,14.0,2.0,14.0,1.0,3.0,10.0,14.0,3.0,7.0,2.0,3.0,7.0,7.0,4.0,7.0,5.0,5.0,9.0,10.0,3.0,8.0,0.0,8.0,4.0,13.0,1.0,15.0,3.0,15.0,5.0
120.17271776502474,13.0,1.0,9.0,2.0,14.0,1.0,3.0,10.0,14.0,3.0,8.0,2.0,3.0,7.0,7.0,4.0,7.0,5.0,4.0,9.0,7.0,3.0,14.0,7.0,8.0,4.0,13.0,1.0,15.0,3.0,15.0,5.0
124.51193996519093,13.0,1.0,14.0,2.0,14.0,1.0,3.0,10.0,14.0,3.0,7.0,2.0,3.0,7.0,7.0,4.0,7.0,5.0,5.0,9.0,9.0,3.0,8.0,6.0,8.0,4.0,13.0,1.0,15.0,3.0,15.0,5.0
137.72338491166977,13.0,6.0,14.0,2.0,14.0,1.0,3.0,10.0,14.0,3.0,8.0,2.0,3.0,7.0,7.0,4.0,7.0,5.0,5.0,9.0,7.0,3.0,8.0,6.0,8.0,4.0,13.0,1.0,15.0,3.0,15.0,5.0
141.76954700778774,13.0,4.0,9.0,2.0,14.0,1.0,3.0,10.0,14.0,3.0,7.0,2.0,3.0,7.0,7.0,4.0,7.0,5.0,5.0,9.0,7.0,3.0,8.0,7.0,8.0,4.0,13.0,1.0,15.0,3.0,15.0,5.0
249.20894407061598,13.0,1.0,14.0,2.0,14.0,1.0,15.0,10.0,14.0,3.0,8.0,2.0,3.0,7.0,7.0,4.0,7.0,5.0,5.0,9.0,11.0,3.0,8.0,0.0,8.0,4.0,13.0,1.0,15.0,3.0,15.0,12.0
140.26574845674077,13.0,6.0,9.0,2.0,14.0,1.0,3.0,10.0,14.0,3.0,8.0,2.0,3.0,7.0,7.0,4.0,7.0,5.0,5.0,9.0,7.0,3.0,8.0,6.0,8.0,4.0,13.0,1.0,15.0,3.0,15.0,5.0
285.25654672991453,13.0,1.0,14.0,2.0,14.0,1.0,3.0,10.0,14.0,3.0,7.0,2.0,13.0,14.0,7.0,4.0,7.0,5.0,5.0,9.0,11.0,3.0,8.0,0.0,8.0,4.0,13.0,1.0,15.0,3.0,15.0,5.0
128.25667459285097,13.0,1.0,8.0,2.0,14.0,1.0,3.0,10.0,14.0,3.0,7.0,1.0,3.0,7.0,7.0,4.0,7.0,5.0,5.0,9.0,7.0,3.0,8.0,6.0,8.0,4.0,13.0,1.0,15.0,3.0,15.0,5.0
186.7367284192613,4.0,1.0,8.0,2.0,14.0,1.0,3.0,10.0,14.0,3.0,8.0,2.0,3.0,7.0,7.0,4.0,7.0,5.0,5.0,9.0,10.0,3.0,8.0,7.0,8.0,4.0,13.0,1.0,15.0,3.0,15.0,5.0
187.6274658763185,13.0,1.0,8.0,2.0,14.0,1.0,3.0,10.0,14.0,3.0,7.0,2.0,3.0,7.0,7.0,12.0,7.0,5.0,5.0,9.0,14.0,3.0,8.0,0.0,15.0,4.0,13.0,1.0,15.0,3.0,15.0,5.0
143.01061664581275,13.0,1.0,14.0,2.0,14.0,1.0,3.0,10.0,14.0,3.0,8.0,2.0,3.0,7.0,7.0,4.0,7.0,5.0,5.0,9.0,11.0,3.0,8.0,7.0,8.0,4.0,13.0,1.0,15.0,3.0,15.0,5.0
239.10646830596545,13.0,1.0,14.0,2.0,14.0,1.0,3.0,10.0,14.0,3.0,8.0,2.0,3.0,7.0,7.0,4.0,7.0,5.0,5.0,9.0,14.0,3.0,8.0,0.0,8.0,4.0,13.0,1.0,1.0,3.0,15.0,5.0
189.87719747024246,13.0,1.0,14.0,2.0,14.0,1.0,3.0,10.0,14.0,3.0,4.0,2.0,3.0,7.0,7.0,4.0,7.0,5.0,5.0,9.0,7.0,3.0,8.0,6.0,11.0,4.0,13.0,1.0,15.0,3.0,15.0,5.0
205.2946630139237,13.0,1.0,14.0,2.0,14.0,1.0,3.0,10.0,14.0,4.0,7.0,2.0,3.0,14.0,7.0,4.0,7.0,5.0,5.0,9.0,7.0,9.0,8.0,0.0,8.0,4.0,13.0,8.0,15.0,3.0,15.0,5.0
179.50835245993937,13.0,1.0,8.0,2.0,14.0,1.0,3.0,10.0,14.0,3.0,8.0,2.0,3.0,3.0,12.0,4.0,7.0,5.0,5.0,9.0,14.0,3.0,8.0,0.0,8.0,4.0,7.0,1.0,15.0,3.0,13.0,5.0
127.2809392151099,13.0,1.0,8.0,2.0,14.0,1.0,3.0,10.0,14.0,3.0,7.0,2.0,3.0,7.0,7.0,4.0,7.0,5.0,5.0,9.0,14.0,6.0,8.0,0.0,8.0,4.0,13.0,1.0,15.0,3.0,15.0,5.0
124.70484828862689,13.0,1.0,14.0,2.0,14.0,1.0,3.0,10.0,14.0,3.0,8.0,2.0,3.0,7.0,7.0,4.0,7.0,5.0,5.0,9.0,9.0,3.0,8.0,0.0,8.0,4.0,13.0,1.0,15.0,3.0,13.0,5.0
176.20794031188612,13.0,1.0,8.0,2.0,14.0,6.0,3.0,10.0,14.0,3.0,8.0,2.0,3.0,14.0,7.0,4.0,7.0,5.0,5.0,9.0,7.0,3.0,6.0,0.0,8.0,4.0,13.0,5.0,15.0,3.0,15.0,5.0
166.14191898466592,13.0,1.0,9.0,2.0,14.0,1.0,3.0,10.0,14.0,3.0,8.0,2.0,3.0,14.0,7.0,4.0,7.0,10.0,5.0,9.0,7.0,3.0,8.0,0.0,8.0,4.0,13.0,1.0,15.0,3.0,15.0,5.0
166.4636059283475,13.0,1.0,8.0,2.0,14.0,1.0,3.0,10.0,14.0,3.0,7.0,2.0,3.0,14.0,7.0,4.0,7.0,5.0,5.0,9.0,7.0,3.0,8.0,9.0,8.0,4.0,13.0,1.0,15.0,3.0,15.0,5.0
235.43709880298013,13.0,1.0,14.0,7.0,14.0,1.0,3.0,10.0,14.0,3.0,8.0,8.0,3.0,10.0,7.0,4.0,7.0,5.0,5.0,9.0,7.0,3.0,8.0,0.0,8.0,4.0,13.0,1.0,15.0,3.0,15.0,12.0
147.2689909104114,13.0,1.0,8.0,2.0,14.0,1.0,3.0,10.0,14.0,3.0,8.0,2.0,3.0,7.0,7.0,4.0,7.0,5.0,5.0,9.0,5.0,3.0,8.0,0.0,8.0,4.0,13.0,1.0,15.0,3.0,13.0,5.0
263.13606394721484,13.0,1.0,8.0,2.0,14.0,1.0,3.0,10.0,14.0,3.0,8.0,2.0,3.0,7.0,7.0,4.0,7.0,5.0,5.0,9.0,1.0,6.0,8.0,6.0,8.0,4.0,13.0,1.0,15.0,3.0,15.0,12.0
397.8953912026426,13.0,1.0,8.0,2.0,14.0,1.0,3.0,10.0,14.0,3.0,8.0,2.0,3.0,7.0,7.0,4.0,7.0,5.0,5.0,2.0,1.0,6.0,8.0,0.0,8.0,4.0,13.0,1.0,0.0,3.0,15.0,5.0
120.03922126439637,13.0,1.0,14.0,2.0,14.0,1.0,3.0,10.0,14.0,3.0,8.0,2.0,3.0,7.0,7.0,4.0,7.0,5.0,15.0,9.0,7.0,3.0,8.0,0.0,8.0,4.0,13.0,1.0,15.0,3.0,15.0,5.0
146.23429974902862,13.0,1.0,9.0,2.0,14.0,1.0,3.0,11.0,14.0,3.0,8.0,2.0,3.0,7.0,7.0,4.0,7.0,5.0,5.0,9.0,4.0,3.0,8.0,0.0,8.0,4.0,13.0,1.0,15.0,3.0,15.0,5.0
173.4564696023673,13.0,1.0,8.0,2.0,5.0,1.0,3.0,10.0,14.0,3.0,8.0,2.0,3.0,7.0,7.0,4.0,7.0,5.0,15.0,9.0,7.0,6.0,8.0,0.0,8.0,4.0,13.0,1.0,15.0,3.0,15.0,6.0
145.99971763417264,10.0,1.0,14.0,2.0,14.0,1.0,3.0,10.0,14.0,3.0,8.0,2.0,3.0,7.0,7.0,4.0,7.0,5.0,5.0,9.0,4.0,3.0,8.0,0.0,8.0,4.0,13.0,1.0,15.0,3.0,15.0,5.0
170.28537216239354,13.0,1.0,14.0,2.0,14.0,1.0,3.0,10.0,14.0,3.0,8.0,2.0,3.0,7.0,7.0,12.0,7.0,5.0,3.0,9.0,7.0,6.0,8.0,0.0,8.0,4.0,13.0,1.0,15.0,3.0,15.0,5.0
297.6040143084863,13.0,1.0,14.0,2.0,14.0,1.0,3.0,10.0,14.0,3.0,8.0,2.0,3.0,7.0,7.0,4.0,7.0,5.0,9.0,9.0,7.0,6.0,2.0,0.0,8.0,4.0,13.0,1.0,15.0,3.0,13.0,5.0
146.13234239742306,13.0,1.0,14.0,2.0,14.0,1.0,3.0,10.0,14.0,3.0,8.0,2.0,3.0,7.0,7.0,4.0,7.0,5.0,9.0,9.0,7.0,6.0,8.0,0.0,8.0,4.0,13.0,1.0,15.0,3.0,15.0,5.0
143.37677455139308,13.0,1.0,14.0,2.0,14.0,1.0,3.0,10.0,14.0,3.0,8.0,2.0,3.0,7.0,7.0,4.0,7.0,5.0,5.0,9.0,9.0,3.0,8.0,0.0,8.0,7.0,13.0,1.0,15.0,3.0,13.0,5.0
114.39319385539956,13.0,1.0,14.0,2.0,14.0,1.0,3.0,10.0,14.0,3.0,8.0,2.0,3.0,7.0,7.0,6.0,7.0,5.0,5.0,7.0,7.0,3.0,8.0,0.0,8.0,4.0,13.0,1.0,15.0,3.0,15.0,6.0
234.93963556245953,13.0,1.0,9.0,2.0,14.0,1.0,3.0,10.0,14.0,3.0,8.0,2.0,3.0,7.0,7.0,0.0,7.0,14.0,5.0,9.0,7.0,3.0,8.0,0.0,8.0,4.0,13.0,1.0,15.0,3.0,15.0,5.0
296.28689163326175,13.0,12.0,8.0,2.0,14.0,1.0,3.0,10.0,14.0,3.0,8.0,2.0,3.0,7.0,7.0,4.0,7.0,5.0,5.0,9.0,7.0,3.0,8.0,0.0,8.0,4.0,13.0,1.0,15.0,3.0,15.0,12.0
150.46896529595375,13.0,1.0,8.0,2.0,14.0,1.0,3.0,10.0,14.0,3.0,8.0,8.0,3.0,7.0,7.0,4.0,7.0,5.0,5.0,9.0,7.0,3.0,8.0,0.0,8.0,4.0,13.0,1.0,15.0,0.0,15.0,5.0
197.901803148088,13.0,1.0,14.0,2.0,14.0,1.0,3.0,10.0,14.0,9.0,8.0,2.0,3.0,7.0,7.0,4.0,7.0,5.0,5.0,9.0,14.0,3.0,8.0,0.0,8.0,4.0,13.0,8.0,9.0,3.0,15.0,5.0
167.38136771684097,4.0,1.0,14.0,2.0,14.0,1.0,3.0,10.0,14.0,3.0,8.0,2.0,3.0,7.0,7.0,4.0,7.0,5.0,15.0,9.0,14.0,3.0,8.0,0.0,8.0,4.0,13.0,1.0,15.0,3.0,15.0,5.0
133.2506982073715,13.0,1.0,8.0,2.0,14.0,1.0,3.0,10.0,14.0,3.0,9.0,2.0,3.0,7.0,7.0,0.0,7.0,5.0,15.0,9.0,7.0,3.0,8.0,0.0,8.0,4.0,13.0,1.0,15.0,3.0,15.0,5.0
354.13930359834177,13.0,1.0,14.0,2.0,14.0,1.0,3.0,10.0,14.0,3.0,8.0,8.0,3.0,7.0,7.0,4.0,7.0,5.0,5.0,9.0,7.0,3.0,8.0,0.0,8.0,4.0,13.0,1.0,0.0,3.0,15.0,5.0
223.86735143241015,13.0,1.0,7.0,2.0,14.0,1.0,3.0,10.0,14.0,3.0,8.0,2.0,3.0,7.0,7.0,0.0,7.0,5.0,5.0,9.0,7.0,3.0,8.0,0.0,8.0,4.0,13.0,1.0,15.0,3.0,15.0,13.0
139.56823252911045,13.0,1.0,13.0,2.0,14.0,1.0,3.0,10.0,14.0,3.0,15.0,2.0,3.0,7.0,7.0,5.0,7.0,5.0,15.0,9.0,7.0,3.0,8.0,6.0,8.0,4.0,13.0,1.0,15.0,3.0,15.0,5.0
125.40432473040802,13.0,1.0,14.0,2.0,14.0,1.0,3.0,10.0,14.0,3.0,8.0,2.0,3.0,7.0,7.0,5.0,7.0,5.0,5.0,9.0,7.0,3.0,8.0,6.0,8.0,4.0,13.0,1.0,15.0,3.0,15.0,6.0
168.7628331961393,13.0,1.0,8.0,2.0,5.0,1.0,3.0,10.0,14.0,3.0,15.0,2.0,3.0,7.0,7.0,4.0,7.0,5.0,15.0,9.0,7.0,3.0,8.0,0.0,8.0,4.0,13.0,1.0,15.0,3.0,15.0,6.0
243.70949244353113,13.0,1.0,9.0,2.0,14.0,1.0,3.0,10.0,14.0,3.0,8.0,2.0,3.0,7.0,7.0,4.0,7.0,8.0,15.0,9.0,7.0,3.0,8.0,6.0,8.0,12.0,13.0,1.0,15.0,3.0,15.0,6.0
138.78211226679844,13.0,1.0,8.0,2.0,14.0,1.0,3.0,10.0,14.0,3.0,8.0,2.0,3.0,7.0,7.0,8.0,7.0,5.0,5.0,9.0,7.0,3.0,8.0,6.0,8.0,4.0,13.0,1.0,15.0,3.0,15.0,5.0
129.8254835985149,13.0,1.0,8.0,2.0,12.0,1.0,3.0,10.0,14.0,3.0,8.0,2.0,3.0,7.0,7.0,4.0,7.0,5.0,5.0,9.0,7.0,3.0,8.0,0.0,8.0,4.0,13.0,1.0,15.0,3.0,15.0,6.0
224.9358173381261,3.0,1.0,8.0,2.0,14.0,1.0,3.0,10.0,14.0,3.0,8.0,1.0,3.0,7.0,7.0,0.0,7.0,5.0,5.0,9.0,7.0,3.0,6.0,0.0,8.0,4.0,13.0,1.0,15.0,3.0,15.0,5.0
220.23055667493128,13.0,1.0,9.0,2.0,14.0,1.0,3.0,10.0,14.0,3.0,8.0,2.0,3.0,7.0,7.0,4.0,7.0,5.0,5.0,9.0,7.0,0.0,8.0,0.0,8.0,4.0,13.0,1.0,15.0,3.0,15.0,13.0
153.988609905714,13.0,1.0,8.0,2.0,14.0,1.0,3.0,10.0,14.0,3.0,8.0,2.0,3.0,7.0,7.0,4.0,7.0,5.0,15.0,9.0,7.0,3.0,6.0,0.0,8.0,4.0,13.0,1.0,15.0,3.0,15.0,6.0
192.12432400562432,13.0,1.0,8.0,2.0,14.0,1.0,3.0,10.0,14.0,3.0,7.0,2.0,3.0,7.0,7.0,0.0,7.0,11.0,5.0,9.0,14.0,3.0,8.0,6.0,8.0,4.0,13.0,1.0,15.0,3.0,15.0,6.0
314.2159365640286,13.0,1.0,8.0,15.0,14.0,1.0,3.0,10.0,14.0,3.0,7.0,2.0,3.0,7.0,7.0,4.0,7.0,8.0,5.0,9.0,7.0,3.0,8.0,6.0,8.0,4.0,13.0,5.0,15.0,3.0,15.0,5.0
124.22638324094154,13.0,1.0,14.0,2.0,14.0,1.0,3.0,10.0,14.0,3.0,8.0,1.0,3.0,7.0,7.0,4.0,7.0,5.0,5.0,9.0,7.0,3.0,8.0,0.0,8.0,4.0,13.0,5.0,15.0,3.0,15.0,5.0
181.70076820450922,13.0,1.0,14.0,2.0,5.0,1.0,3.0,10.0,5.0,3.0,15.0,2.0,3.0,7.0,7.0,4.0,7.0,5.0,5.0,9.0,7.0,3.0,8.0,0.0,8.0,4.0,13.0,1.0,15.0,3.0,15.0,5.0
442.90173532762867,13.0,1.0,14.0,2.0,0.0,1.0,3.0,10.0,14.0,3.0,8.0,2.0,3.0,7.0,7.0,4.0,7.0,5.0,5.0,9.0,7.0,3.0,8.0,0.0,8.0,4.0,13.0,1.0,15.0,3.0,15.0,11.0
142.0775162903011,13.0,1.0,14.0,2.0,14.0,1.0,3.0,10.0,14.0,3.0,8.0,8.0,3.0,7.0,7.0,4.0,7.0,5.0,5.0,9.0,7.0,3.0,8.0,0.0,8.0,4.0,13.0,1.0,15.0,3.0,15.0,5.0
152.7607233986894,13.0,1.0,14.0,2.0,14.0,1.0,3.0,10.0,14.0,3.0,8.0,2.0,3.0,7.0,7.0,0.0,7.0,5.0,5.0,9.0,4.0,3.0,8.0,0.0,8.0,4.0,13.0,1.0,15.0,3.0,15.0,5.0
343.902139665119,13.0,1.0,14.0,2.0,14.0,1.0,3.0,10.0,14.0,3.0,8.0,2.0,3.0,7.0,7.0,4.0,7.0,5.0,5.0,9.0,7.0,13.0,8.0,6.0,8.0,4.0,13.0,1.0,1.0,3.0,15.0,5.0
283.4302504396356,13.0,1.0,8.0,15.0,14.0,1.0,3.0,10.0,14.0,3.0,7.0,2.0,3.0,7.0,7.0,4.0,7.0,5.0,5.0,9.0,7.0,3.0,8.0,6.0,8.0,4.0,13.0,2.0,15.0,3.0,15.0,5.0
213.40869274322782,13.0,1.0,9.0,2.0,14.0,1.0,3.0,10.0,14.0,3.0,7.0,2.0,3.0,7.0,7.0,13.0,7.0,5.0,5.0,9.0,7.0,3.0,8.0,0.0,8.0,4.0,13.0,1.0,15.0,3.0,15.0,5.0
155.3273145322543,13.0,1.0,9.0,2.0,5.0,1.0,3.0,10.0,14.0,3.0,8.0,2.0,3.0,7.0,7.0,4.0,7.0,5.0,5.0,9.0,7.0,3.0,8.0,0.0,8.0,4.0,13.0,1.0,15.0,3.0,15.0,5.0
146.89942256840257,13.0,1.0,8.0,2.0,14.0,1.0,3.0,10.0,14.0,3.0,8.0,2.0,3.0,11.0,7.0,4.0,7.0,4.0,5.0,9.0,14.0,3.0,8.0,6.0,8.0,4.0,13.0,8.0,15.0,3.0,15.0,5.0
254.68738453352933,13.0,1.0,8.0,2.0,14.0,1.0,0.0,10.0,4.0,3.0,8.0,2.0,3.0,7.0,7.0,4.0,7.0,5.0,15.0,9.0,7.0,3.0,8.0,0.0,8.0,4.0,13.0,8.0,15.0,3.0,15.0,5.0
184.61611657839146,13.0,1.0,8.0,2.0,14.0,1.0,3.0,10.0,14.0,3.0,8.0,2.0,9.0,7.0,7.0,4.0,7.0,11.0,5.0,9.0,7.0,3.0,8.0,0.0,8.0,4.0,13.0,1.0,15.0,3.0,15.0,5.0
352.59459505144883,13.0,1.0,8.0,7.0,14.0,1.0,3.0,10.0,14.0,3.0,8.0,2.0,3.0,7.0,7.0,4.0,7.0,5.0,15.0,9.0,7.0,3.0,8.0,0.0,8.0,4.0,13.0,1.0,0.0,3.0,15.0,5.0
154.37314264339042,13.0,1.0,8.0,2.0,14.0,1.0,3.0,11.0,14.0,3.0,8.0,2.0,3.0,7.0,7.0,0.0,7.0,5.0,5.0,9.0,7.0,9.0,8.0,0.0,8.0,4.0,13.0,1.0,15.0,3.0,15.0,5.0
192.61982484702602,13.0,1.0,8.0,2.0,14.0,1.0,3.0,10.0,14.0,3.0,8.0,2.0,3.0,7.0,7.0,4.0,7.0,5.0,0.0,9.0,4.0,3.0,8.0,0.0,8.0,4.0,13.0,1.0,15.0,3.0,15.0,5.0
312.0347207774766,13.0,1.0,8.0,15.0,14.0,1.0,15.0,10.0,14.0,3.0,8.0,2.0,3.0,7.0,7.0,5.0,7.0,5.0,5.0,9.0,14.0,3.0,8.0,0.0,8.0,4.0,13.0,1.0,15.0,3.0,15.0,5.0
316.8992278105362,13.0,4.0,8.0,2.0,5.0,1.0,3.0,10.0,14.0,3.0,8.0,2.0,3.0,7.0,7.0,4.0,7.0,1.0,15.0,7.0,7.0,3.0,8.0,8.0,8.0,4.0,13.0,1.0,1.0,3.0,9.0,5.0
311.7182601004591,13.0,4.0,14.0,2.0,5.0,3.0,3.0,10.0,14.0,3.0,15.0,2.0,3.0,7.0,7.0,4.0,7.0,5.0,5.0,12.0,7.0,3.0,8.0,6.0,8.0,4.0,13.0,1.0,1.0,3.0,15.0,5.0
135.56726972322687,13.0,1.0,14.0,2.0,14.0,1.0,3.0,10.0,14.0,3.0,15.0,2.0,3.0,7.0,7.0,4.0,7.0,5.0,5.0,9.0,7.0,3.0,8.0,6.0,8.0,4.0,13.0,5.0,9.0,3.0,15.0,5.0
163.04355802917914,13.0,4.0,8.0,2.0,14.0,1.0,3.0,10.0,14.0,3.0,8.0,2.0,3.0,7.0,7.0,4.0,7.0,5.0,15.0,2.0,7.0,3.0,8.0,0.0,8.0,4.0,3.0,1.0,15.0,3.0,15.0,5.0
263.2415485466167,13.0,1.0,8.0,7.0,14.0,1.0,3.0,10.0,14.0,3.0,8.0,2.0,3.0,7.0,7.0,4.0,7.0,5.0,15.0,9.0,7.0,6.0,8.0,6.0,8.0,12.0,13.0,1.0,12.0,3.0,15.0,5.0
182.51621406951338,13.0,1.0,8.0,2.0,3.0,1.0,3.0,10.0,14.0,3.0,8.0,2.0,14.0,7.0,7.0,4.0,7.0,5.0,15.0,2.0,7.0,3.0,8.0,6.0,8.0,4.0,13.0,1.0,15.0,3.0,15.0,5.0
349.44787059853957,13.0,1.0,8.0,10.0,5.0,1.0,3.0,10.0,14.0,3.0,8.0,2.0,3.0,7.0,7.0,4.0,7.0,5.0,5.0,2.0,7.0,3.0,8.0,0.0,8.0,4.0,13.0,1.0,1.0,3.0,15.0,5.0
255.7155923081455,13.0,1.0,14.0,2.0,3.0,1.0,3.0,10.0,12.0,3.0,8.0,2.0,3.0,7.0,7.0,4.0,7.0,5.0,10.0,9.0,7.0,3.0,8.0,0.0,8.0,4.0,13.0,1.0,9.0,3.0,15.0,5.0
217.32239185054203,13.0,4.0,8.0,2.0,14.0,1.0,14.0,10.0,12.0,3.0,15.0,2.0,3.0,7.0,7.0,4.0,7.0,5.0,5.0,2.0,7.0,3.0,8.0,0.0,8.0,4.0,13.0,1.0,15.0,3.0,4.0,5.0
286.4087051293257,13.0,1.0,8.0,2.0,14.0,1.0,15.0,10.0,14.0,3.0,9.0,2.0,3.0,7.0,7.0,4.0,7.0,5.0,5.0,9.0,1.0,3.0,8.0,0.0,8.0,4.0,13.0,1.0,15.0,3.0,15.0,5.0
333.3832800649257,13.0,1.0,8.0,2.0,14.0,1.0,15.0,10.0,14.0,2.0,15.0,2.0,3.0,7.0,7.0,4.0,7.0,5.0,5.0,9.0,14.0,3.0,8.0,0.0,8.0,4.0,13.0,15.0,15.0,3.0,15.0,5.0
137.33812701901132,13.0,4.0,14.0,2.0,14.0,1.0,3.0,10.0,14.0,3.0,15.0,2.0,9.0,7.0,7.0,4.0,7.0,5.0,5.0,9.0,7.0,3.0,8.0,0.0,8.0,4.0,13.0,1.0,15.0,3.0,15.0,5.0
206.38632226353522,13.0,4.0,8.0,2.0,14.0,1.0,11.0,10.0,14.0,3.0,15.0,2.0,3.0,7.0,7.0,4.0,7.0,5.0,5.0,9.0,14.0,3.0,8.0,0.0,8.0,4.0,13.0,1.0,15.0,3.0,15.0,5.0
175.83367198897645,13.0,1.0,14.0,2.0,5.0,1.0,3.0,10.0,14.0,3.0,8.0,2.0,3.0,7.0,7.0,4.0,7.0,5.0,5.0,9.0,7.0,3.0,8.0,6.0,8.0,4.0,13.0,5.0,15.0,5.0,15.0,5.0
258.32339718048615,13.0,1.0,13.0,2.0,14.0,1.0,3.0,10.0,14.0,3.0,8.0,2.0,3.0,7.0,7.0,4.0,7.0,5.0,5.0,9.0,1.0,3.0,8.0,0.0,8.0,4.0,13.0,5.0,15.0,3.0,15.0,5.0
420.0257838131993,13.0,1.0,8.0,2.0,0.0,1.0,3.0,10.0,14.0,3.0,8.0,2.0,3.0,7.0,7.0,4.0,7.0,8.0,5.0,2.0,7.0,3.0,8.0,0.0,8.0,4.0,13.0,5.0,15.0,3.0,15.0,5.0
465.66449937099526,13.0,1.0,8.0,2.0,5.0,1.0,3.0,10.0,14.0,3.0,8.0,2.0,3.0,7.0,7.0,4.0,7.0,5.0,5.0,9.0,7.0,3.0,8.0,0.0,8.0,4.0,13.0,15.0,1.0,3.0,15.0,5.0
117.79370081645163,13.0,1.0,8.0,2.0,14.0,1.0,3.0,10.0,14.0,3.0,9.0,2.0,3.0,10.0,7.0,4.0,7.0,5.0,5.0,9.0,7.0,3.0,8.0,0.0,8.0,4.0,13.0,5.0,15.0,3.0,15.0,5.0
110.96773424656067,15.0,1.0,14.0,2.0,14.0,1.0,3.0,10.0,14.0,3.0,9.0,2.0,3.0,7.0,7.0,4.0,7.0,5.0,5.0,9.0,7.0,3.0,8.0,0.0,8.0,4.0,13.0,1.0,15.0,3.0,15.0,5.0
155.8802674953931,13.0,1.0,13.0,2.0,14.0,1.0,3.0,10.0,14.0,3.0,8.0,2.0,3.0,3.0,7.0,4.0,7.0,5.0,5.0,9.0,7.0,3.0,8.0,0.0,8.0,4.0,13.0,1.0,15.0,3.0,15.0,5.0
202.74182008874664,13.0,1.0,14.0,2.0,14.0,1.0,3.0,10.0,14.0,3.0,8.0,2.0,3.0,7.0,7.0,4.0,7.0,1.0,5.0,9.0,7.0,13.0,8.0,0.0,8.0,4.0,13.0,1.0,15.0,3.0,15.0,3.0
133.81876366339878,13.0,1.0,8.0,2.0,14.0,1.0,3.0,11.0,14.0,3.0,8.0,2.0,3.0,7.0,10.0,4.0,7.0,5.0,5.0,9.0,14.0,0.0,8.0,0.0,8.0,4.0,13.0,1.0,15.0,3.0,9.0,5.0
121.16177611257976,13.0,1.0,8.0,2.0,14.0,1.0,3.0,10.0,14.0,3.0,8.0,2.0,3.0,7.0,7.0,4.0,7.0,1.0,5.0,9.0,7.0,3.0,8.0,0.0,8.0,4.0,12.0,1.0,15.0,3.0,15.0,5.0
237.58803523275944,13.0,1.0,8.0,2.0,14.0,1.0,3.0,0.0,14.0,3.0,8.0,2.0,15.0,10.0,7.0,4.0,7.0,5.0,5.0,9.0,14.0,3.0,8.0,0.0,8.0,4.0,13.0,1.0,15.0,3.0,15.0,5.0
244.76568668987144,13.0,1.0,14.0,2.0,14.0,1.0,3.0,0.0,14.0,3.0,8.0,2.0,3.0,7.0,7.0,4.0,7.0,5.0,5.0,9.0,4.0,3.0,8.0,0.0,8.0,4.0,13.0,1.0,15.0,3.0,9.0,5.0
352.57047774371375,13.0,1.0,14.0,15.0,14.0,1.0,3.0,10.0,14.0,3.0,8.0,2.0,15.0,10.0,7.0,4.0,7.0,5.0,5.0,9.0,7.0,3.0,8.0,0.0,3.0,4.0,13.0,1.0,9.0,3.0,15.0,5.0
153.33130035832426,13.0,1.0,8.0,2.0,14.0,1.0,3.0,10.0,14.0,3.0,8.0,2.0,3.0,7.0,7.0,4.0,7.0,5.0,15.0,9.0,4.0,3.0,8.0,0.0,8.0,4.0,7.0,1.0,15.0,3.0,15.0,5.0
307.0459476144169,13.0,1.0,8.0,2.0,14.0,1.0,3.0,10.0,14.0,3.0,8.0,2.0,9.0,10.0,7.0,4.0,7.0,5.0,15.0,9.0,1.0,3.0,8.0,0.0,8.0,4.0,13.0,1.0,15.0,3.0,15.0,5.0
139.81693972061794,13.0,1.0,8.0,2.0,14.0,1.0,3.0,10.0,14.0,3.0,9.0,2.0,3.0,7.0,7.0,4.0,7.0,5.0,15.0,9.0,7.0,3.0,8.0,0.0,8.0,4.0,7.0,1.0,15.0,3.0,13.0,5.0
163.9464404099529,13.0,1.0,8.0,2.0,14.0,1.0,3.0,10.0,14.0,3.0,9.0,2.0,3.0,7.0,7.0,4.0,7.0,5.0,5.0,2.0,5.0,3.0,8.0,6.0,8.0,4.0,11.0,1.0,15.0,3.0,14.0,5.0
173.0139310092128,13.0,1.0,8.0,2.0,14.0,1.0,3.0,10.0,14.0,3.0,8.0,2.0,3.0,7.0,7.0,4.0,7.0,5.0,15.0,12.0,7.0,3.0,8.0,0.0,8.0,4.0,0.0,15.0,15.0,3.0,15.0,5.0
240.44167573123292,13.0,1.0,8.0,2.0,14.0,1.0,3.0,11.0,14.0,3.0,9.0,2.0,3.0,7.0,7.0,4.0,7.0,5.0,4.0,9.0,1.0,3.0,8.0,0.0,8.0,4.0,13.0,1.0,15.0,0.0,15.0,5.0
182.9024368113106,13.0,1.0,8.0,2.0,14.0,1.0,3.0,4.0,14.0,3.0,6.0,2.0,3.0,7.0,7.0,4.0,7.0,5.0,7.0,9.0,7.0,3.0,8.0,6.0,8.0,4.0,7.0,1.0,15.0,3.0,15.0,5.0
292.0956446774141,13.0,1.0,8.0,2.0,14.0,1.0,3.0,15.0,14.0,3.0,6.0,2.0,3.0,7.0,7.0,4.0,7.0,3.0,5.0,9.0,1.0,3.0,8.0,6.0,8.0,4.0,13.0,1.0,15.0,3.0,15.0,5.0
315.0466501622493,13.0,1.0,8.0,2.0,14.0,1.0,3.0,0.0,14.0,3.0,4.0,2.0,3.0,7.0,7.0,4.0,7.0,5.0,5.0,9.0,4.0,3.0,8.0,6.0,8.0,4.0,13.0,1.0,15.0,8.0,15.0,5.0
436.51095395820977,13.0,1.0,14.0,2.0,14.0,1.0,3.0,10.0,14.0,3.0,7.0,2.0,3.0,7.0,7.0,4.0,7.0,5.0,15.0,9.0,1.0,3.0,8.0,0.0,8.0,4.0,13.0,15.0,15.0,3.0,15.0,5.0
186.00959829281624,13.0,1.0,14.0,2.0,14.0,1.0,3.0,15.0,14.0,3.0,4.0,2.0,3.0,7.0,7.0,4.0,7.0,5.0,5.0,9.0,7.0,3.0,8.0,0.0,8.0,4.0,3.0,8.0,15.0,3.0,15.0,5.0
343.45685283760787,13.0,1.0,8.0,2.0,14.0,1.0,3.0,10.0,14.0,3.0,6.0,2.0,3.0,7.0,7.0,4.0,7.0,5.0,5.0,9.0,4.0,3.0,8.0,0.0,8.0,4.0,13.0,15.0,15.0,3.0,15.0,5.0
243.43886625355003,13.0,1.0,14.0,2.0,14.0,1.0,3.0,9.0,4.0,3.0,8.0,2.0,3.0,7.0,7.0,4.0,7.0,5.0,5.0,11.0,14.0,3.0,8.0,0.0,8.0,4.0,3.0,1.0,9.0,3.0,9.0,5.0
148.97634489522196,13.0,1.0,8.0,2.0,14.0,1.0,3.0,11.0,14.0,3.0,8.0,2.0,3.0,7.0,7.0,0.0,7.0,5.0,5.0,9.0,14.0,3.0,13.0,6.0,8.0,4.0,12.0,1.0,15.0,3.0,15.0,5.0
157.618603294826,13.0,1.0,8.0,2.0,14.0,1.0,3.0,6.0,12.0,3.0,8.0,2.0,3.0,7.0,7.0,4.0,7.0,5.0,5.0,2.0,7.0,3.0,8.0,0.0,8.0,4.0,12.0,1.0,15.0,3.0,15.0,5.0
220.38877761572013,13.0,1.0,8.0,2.0,14.0,1.0,3.0,0.0,14.0,3.0,8.0,2.0,3.0,7.0,7.0,4.0,7.0,5.0,5.0,11.0,14.0,3.0,8.0,6.0,8.0,4.0,15.0,1.0,15.0,3.0,15.0,5.0
243.74592569105343,13.0,1.0,8.0,2.0,14.0,1.0,3.0,15.0,14.0,3.0,8.0,2.0,3.0,7.0,7.0,4.0,7.0,5.0,5.0,7.0,7.0,3.0,8.0,6.0,8.0,4.0,11.0,1.0,15.0,3.0,15.0,13.0
267.2621633442263,13.0,1.0,8.0,2.0,14.0,1.0,3.0,0.0,4.0,3.0,8.0,2.0,3.0,7.0,7.0,4.0,7.0,8.0,5.0,9.0,7.0,3.0,8.0,0.0,8.0,4.0,13.0,1.0,15.0,3.0,9.0,5.0
156.60763511820343,13.0,1.0,8.0,2.0,14.0,1.0,3.0,10.0,4.0,3.0,8.0,2.0,3.0,7.0,7.0,4.0,7.0,5.0,5.0,7.0,7.0,3.0,8.0,0.0,8.0,4.0,11.0,1.0,15.0,3.0,9.0,5.0
175.93899801433838,13.0,1.0,8.0,2.0,14.0,1.0,3.0,10.0,5.0,3.0,8.0,2.0,3.0,7.0,7.0,4.0,7.0,5.0,13.0,9.0,7.0,3.0,8.0,0.0,8.0,4.0,13.0,1.0,15.0,3.0,14.0,5.0
127.44774783299582,13.0,1.0,8.0,2.0,14.0,1.0,3.0,10.0,14.0,3.0,8.0,2.0,3.0,7.0,7.0,4.0,7.0,5.0,5.0,2.0,7.0,3.0,8.0,0.0,8.0,4.0,11.0,1.0,15.0,3.0,15.0,5.0
133.37502639715365,13.0,1.0,14.0,2.0,14.0,1.0,3.0,9.0,14.0,3.0,8.0,2.0,3.0,7.0,7.0,4.0,7.0,5.0,5.0,2.0,7.0,3.0,8.0,1.0,8.0,4.0,11.0,1.0,15.0,3.0,9.0,5.0
278.79776758598246,13.0,1.0,14.0,2.0,14.0,1.0,3.0,4.0,14.0,3.0,9.0,2.0,3.0,7.0,7.0,4.0,7.0,5.0,5.0,9.0,7.0,3.0,8.0,0.0,8.0,4.0,13.0,1.0,1.0,3.0,15.0,5.0
320.77464650263613,13.0,1.0,8.0,2.0,14.0,1.0,3.0,0.0,14.0,3.0,6.0,2.0,3.0,7.0,7.0,4.0,7.0,5.0,5.0,9.0,7.0,3.0,15.0,13.0,8.0,4.0,13.0,1.0,15.0,3.0,15.0,5.0
399.0718931578816,13.0,1.0,8.0,2.0,14.0,1.0,3.0,15.0,3.0,3.0,8.0,2.0,3.0,7.0,7.0,4.0,7.0,5.0,5.0,9.0,7.0,3.0,8.0,0.0,8.0,4.0,13.0,1.0,0.0,3.0,15.0,5.0
122.0835246813986,13.0,1.0,8.0,2.0,14.0,1.0,3.0,10.0,14.0,3.0,8.0,1.0,3.0,7.0,7.0,4.0,7.0,5.0,5.0,2.0,14.0,3.0,15.0,0.0,8.0,4.0,7.0,1.0,15.0,3.0,15.0,5.0
190.25922887467667,10.0,1.0,8.0,2.0,14.0,1.0,3.0,4.0,14.0,3.0,8.0,2.0,3.0,7.0,7.0,4.0,7.0,5.0,10.0,9.0,7.0,3.0,8.0,0.0,8.0,4.0,13.0,1.0,15.0,3.0,15.0,5.0
181.68246577346036,13.0,1.0,8.0,2.0,14.0,1.0,3.0,10.0,14.0,3.0,8.0,2.0,3.0,7.0,7.0,4.0,13.0,5.0,3.0,2.0,7.0,3.0,8.0,0.0,8.0,4.0,12.0,1.0,15.0,3.0,13.0,5.0
142.42646241722275,13.0,1.0,8.0,2.0,14.0,1.0,8.0,10.0,14.0,3.0,8.0,2.0,3.0,7.0,7.0,4.0,7.0,5.0,10.0,2.0,7.0,3.0,8.0,0.0,8.0,4.0,9.0,1.0,15.0,3.0,15.0,5.0
379.7180949402259,13.0,1.0,8.0,2.0,0.0,1.0,3.0,10.0,14.0,3.0,8.0,2.0,3.0,7.0,7.0,4.0,7.0,5.0,15.0,2.0,7.0,3.0,8.0,0.0,8.0,4.0,12.0,1.0,15.0,3.0,13.0,5.0
113.60214745255365,13.0,1.0,8.0,2.0,14.0,1.0,3.0,10.0,14.0,3.0,8.0,1.0,3.0,7.0,7.0,4.0,7.0,5.0,5.0,4.0,14.0,3.0,8.0,6.0,8.0,4.0,13.0,1.0,15.0,3.0,14.0,5.0
178.53228589700626,13.0,1.0,8.0,2.0,14.0,1.0,3.0,10.0,14.0,3.0,8.0,2.0,3.0,7.0,7.0,4.0,7.0,5.0,10.0,9.0,7.0,3.0,8.0,6.0,8.0,4.0,7.0,1.0,15.0,3.0,13.0,5.0
141.87167894719235,13.0,1.0,8.0,2.0,14.0,1.0,3.0,10.0,14.0,3.0,8.0,2.0,3.0,7.0,7.0,4.0,7.0,5.0,5.0,12.0,7.0,3.0,15.0,0.0,8.0,4.0,13.0,1.0,15.0,3.0,15.0,5.0
111.55231670215646,13.0,1.0,8.0,2.0,14.0,1.0,3.0,10.0,14.0,4.0,8.0,2.0,3.0,7.0,7.0,4.0,7.0,5.0,5.0,9.0,14.0,3.0,8.0,0.0,8.0,4.0,13.0,1.0,15.0,3.0,7.0,5.0
127.88339771824806,13.0,1.0,8.0,2.0,14.0,1.0,3.0,10.0,14.0,3.0,8.0,1.0,3.0,7.0,7.0,4.0,7.0,5.0,5.0,11.0,7.0,3.0,8.0,0.0,8.0,4.0,13.0,1.0,15.0,3.0,15.0,5.0
218.92932973972265,13.0,1.0,8.0,2.0,14.0,1.0,3.0,10.0,14.0,3.0,8.0,2.0,3.0,7.0,7.0,4.0,7.0,5.0,5.0,9.0,15.0,3.0,14.0,13.0,8.0,4.0,13.0,1.0,15.0,3.0,15.0,5.0
128.44009478969411,13.0,1.0,8.0,2.0,14.0,1.0,3.0,10.0,14.0,3.0,8.0,2.0,3.0,7.0,7.0,5.0,7.0,5.0,5.0,11.0,7.0,3.0,8.0,0.0,8.0,4.0,13.0,1.0,15.0,3.0,15.0,5.0
412.53017416168353,13.0,1.0,8.0,2.0,0.0,1.0,3.0,10.0,14.0,3.0,8.0,2.0,3.0,7.0,7.0,4.0,7.0,5.0,5.0,12.0,14.0,3.0,8.0,6.0,8.0,4.0,13.0,1.0,15.0,3.0,15.0,5.0
326.2994272185152,13.0,1.0,8.0,2.0,14.0,1.0,3.0,10.0,14.0,4.0,8.0,1.0,3.0,7.0,7.0,4.0,7.0,5.0,5.0,9.0,7.0,3.0,14.0,0.0,8.0,4.0,13.0,1.0,0.0,3.0,15.0,5.0
130.84494080644515,13.0,1.0,8.0,2.0,14.0,1.0,3.0,10.0,14.0,3.0,8.0,2.0,4.0,7.0,7.0,4.0,7.0,5.0,15.0,9.0,7.0,3.0,8.0,0.0,8.0,4.0,13.0,1.0,15.0,0.0,15.0,5.0
178.2574484771606,13.0,1.0,8.0,2.0,14.0,1.0,3.0,10.0,14.0,7.0,8.0,2.0,3.0,7.0,7.0,4.0,7.0,5.0,15.0,9.0,7.0,3.0,8.0,0.0,8.0,4.0,13.0,1.0,15.0,9.0,15.0,5.0
247.95595481993612,13.0,1.0,8.0,2.0,14.0,1.0,3.0,10.0,12.0,3.0,8.0,2.0,3.0,7.0,7.0,4.0,7.0,5.0,15.0,9.0,7.0,3.0,8.0,0.0,8.0,13.0,13.0,1.0,15.0,3.0,15.0,5.0
495.15368677101577,13.0,1.0,8.0,14.0,14.0,1.0,3.0,10.0,14.0,3.0,8.0,2.0,3.0,7.0,7.0,5.0,7.0,5.0,5.0,9.0,7.0,3.0,2.0,0.0,8.0,4.0,2.0,1.0,15.0,3.0,15.0,5.0
262.2405591530439,13.0,13.0,8.0,2.0,14.0,1.0,3.0,10.0,14.0,3.0,6.0,2.0,3.0,7.0,7.0,4.0,7.0,5.0,5.0,9.0,7.0,3.0,8.0,0.0,8.0,4.0,13.0,1.0,15.0,3.0,15.0,5.0
289.38700437308006,13.0,1.0,8.0,2.0,14.0,1.0,3.0,10.0,11.0,3.0,8.0,2.0,3.0,11.0,10.0,4.0,7.0,5.0,15.0,9.0,7.0,3.0,2.0,0.0,8.0,5.0,13.0,1.0,15.0,3.0,15.0,5.0
431.5926078942211,13.0,1.0,8.0,2.0,14.0,1.0,3.0,10.0,14.0,3.0,6.0,2.0,3.0,7.0,7.0,4.0,7.0,4.0,5.0,2.0,7.0,3.0,13.0,0.0,8.0,5.0,0.0,1.0,15.0,3.0,15.0,8.0
168.2745286980232,13.0,1.0,8.0,2.0,14.0,1.0,3.0,15.0,12.0,3.0,8.0,2.0,3.0,7.0,7.0,5.0,7.0,5.0,15.0,9.0,7.0,3.0,8.0,0.0,8.0,4.0,13.0,1.0,15.0,3.0,15.0,5.0
168.53751025153085,15.0,1.0,8.0,2.0,14.0,1.0,3.0,10.0,14.0,3.0,6.0,2.0,3.0,7.0,7.0,4.0,7.0,5.0,5.0,9.0,7.0,9.0,8.0,0.0,8.0,4.0,12.0,1.0,15.0,3.0,15.0,5.0
268.71382832824986,13.0,1.0,8.0,2.0,14.0,1.0,3.0,10.0,14.0,3.0,4.0,2.0,3.0,7.0,7.0,4.0,7.0,5.0,5.0,9.0,7.0,6.0,8.0,0.0,8.0,4.0,12.0,1.0,15.0,3.0,15.0,13.0
385.7546073493342,13.0,1.0,8.0,2.0,14.0,1.0,3.0,10.0,14.0,3.0,6.0,2.0,4.0,7.0,7.0,4.0,7.0,5.0,5.0,9.0,7.0,3.0,2.0,0.0,8.0,5.0,2.0,1.0,15.0,3.0,15.0,5.0
340.82880533524695,13.0,1.0,8.0,2.0,14.0,1.0,3.0,10.0,14.0,3.0,2.0,2.0,3.0,7.0,7.0,4.0,7.0,5.0,5.0,9.0,7.0,3.0,2.0,0.0,8.0,4.0,9.0,1.0,15.0,3.0,15.0,5.0
201.2908221041587,13.0,1.0,14.0,2.0,3.0,1.0,3.0,10.0,14.0,3.0,8.0,2.0,3.0,7.0,7.0,4.0,7.0,3.0,5.0,9.0,7.0,3.0,10.0,0.0,8.0,2.0,12.0,1.0,15.0,3.0,15.0,5.0
123.68241548481254,13.0,3.0,8.0,2.0,14.0,1.0,3.0,10.0,14.0,3.0,8.0,2.0,3.0,7.0,7.0,4.0,7.0,5.0,5.0,9.0,7.0,3.0,8.0,0.0,8.0,4.0,13.0,5.0,15.0,3.0,15.0,5.0
170.50434530228134,13.0,1.0,8.0,2.0,14.0,1.0,3.0,10.0,14.0,3.0,8.0,1.0,3.0,3.0,7.0,4.0,7.0,5.0,15.0,9.0,7.0,3.0,8.0,0.0,8.0,4.0,13.0,5.0,15.0,3.0,15.0,5.0
145.14795474291927,13.0,3.0,10.0,2.0,14.0,6.0,3.0,10.0,14.0,3.0,8.0,2.0,3.0,7.0,7.0,4.0,7.0,4.0,15.0,9.0,7.0,3.0,8.0,0.0,8.0,4.0,13.0,1.0,15.0,3.0,15.0,5.0
122.5525111161522,13.0,1.0,8.0,2.0,14.0,1.0,3.0,10.0,14.0,3.0,8.0,1.0,3.0,7.0,7.0,0.0,7.0,5.0,5.0,9.0,7.0,3.0,8.0,0.0,8.0,4.0,13.0,1.0,15.0,3.0,15.0,5.0
304.74208764737216,13.0,12.0,14.0,2.0,14.0,6.0,3.0,10.0,14.0,3.0,8.0,1.0,3.0,7.0,7.0,4.0,7.0,5.0,5.0,9.0,7.0,3.0,8.0,0.0,8.0,4.0,12.0,8.0,15.0,3.0,13.0,5.0
351.1516537411647,13.0,1.0,8.0,14.0,14.0,6.0,3.0,10.0,14.0,3.0,8.0,12.0,3.0,7.0,7.0,4.0,7.0,4.0,5.0,9.0,7.0,3.0,8.0,0.0,8.0,4.0,13.0,1.0,15.0,3.0,7.0,5.0
132.34026931464345,13.0,2.0,8.0,2.0,14.0,1.0,3.0,10.0,14.0,3.0,8.0,2.0,3.0,7.0,7.0,7.0,7.0,5.0,15.0,9.0,7.0,3.0,8.0,0.0,8.0,4.0,13.0,1.0,15.0,3.0,15.0,5.0
148.5273234411231,13.0,0.0,14.0,2.0,14.0,1.0,3.0,10.0,14.0,3.0,8.0,5.0,3.0,11.0,7.0,0.0,7.0,5.0,15.0,9.0,7.0,3.0,8.0,0.0,8.0,4.0,13.0,1.0,15.0,3.0,13.0,5.0
131.73277329493686,13.0,0.0,8.0,2.0,14.0,1.0,3.0,10.0,14.0,3.0,8.0,2.0,3.0,11.0,7.0,7.0,7.0,5.0,15.0,9.0,7.0,3.0,8.0,0.0,8.0,4.0,13.0,1.0,15.0,3.0,7.0,5.0
211.19458053004936,13.0,1.0,14.0,2.0,14.0,1.0,3.0,10.0,14.0,3.0,8.0,12.0,3.0,7.0,7.0,0.0,7.0,5.0,5.0,9.0,7.0,3.0,8.0,0.0,8.0,2.0,13.0,1.0,15.0,3.0,15.0,5.0
157.65518244916862,13.0,1.0,8.0,2.0,14.0,1.0,3.0,10.0,14.0,2.0,8.0,2.0,3.0,3.0,7.0,0.0,7.0,5.0,5.0,9.0,7.0,3.0,8.0,0.0,8.0,4.0,13.0,1.0,15.0,3.0,15.0,5.0
281.7813616299011,13.0,1.0,14.0,2.0,14.0,6.0,3.0,10.0,14.0,3.0,8.0,2.0,3.0,7.0,7.0,0.0,7.0,5.0,5.0,9.0,7.0,3.0,8.0,0.0,8.0,4.0,13.0,1.0,15.0,15.0,7.0,5.0
159.00147234998346,13.0,1.0,14.0,2.0,14.0,1.0,3.0,10.0,14.0,3.0,8.0,2.0,3.0,3.0,7.0,0.0,7.0,5.0,5.0,9.0,7.0,3.0,8.0,0.0,8.0,4.0,13.0,1.0,15.0,3.0,15.0,5.0
131.77832158550237,13.0,1.0,8.0,2.0,14.0,1.0,3.0,10.0,14.0,3.0,8.0,2.0,3.0,7.0,7.0,0.0,7.0,5.0,5.0,9.0,7.0,0.0,8.0,0.0,8.0,4.0,13.0,1.0,15.0,3.0,15.0,5.0
175.40421418208933,13.0,1.0,8.0,2.0,14.0,1.0,3.0,10.0,14.0,3.0,8.0,2.0,3.0,3.0,7.0,0.0,7.0,5.0,15.0,9.0,7.0,3.0,8.0,0.0,8.0,5.0,13.0,1.0,15.0,3.0,14.0,5.0
123.25978149360202,13.0,0.0,8.0,2.0,14.0,1.0,3.0,10.0,14.0,3.0,8.0,1.0,3.0,7.0,7.0,4.0,7.0,5.0,15.0,9.0,7.0,3.0,8.0,0.0,8.0,4.0,13.0,1.0,15.0,3.0,15.0,5.0
292.3323441234241,13.0,12.0,8.0,2.0,14.0,1.0,3.0,10.0,14.0,3.0,8.0,6.0,3.0,7.0,7.0,4.0,7.0,5.0,5.0,9.0,7.0,3.0,15.0,0.0,8.0,10.0,13.0,1.0,15.0,3.0,15.0,5.0
218.1574017844882,13.0,3.0,8.0,2.0,14.0,1.0,3.0,10.0,14.0,2.0,8.0,2.0,3.0,7.0,7.0,4.0,7.0,5.0,5.0,9.0,7.0,3.0,8.0,13.0,8.0,4.0,13.0,1.0,15.0,3.0,15.0,5.0
319.54712010055374,13.0,1.0,8.0,2.0,14.0,1.0,3.0,10.0,14.0,13.0,8.0,12.0,3.0,7.0,7.0,4.0,7.0,5.0,5.0,9.0,7.0,3.0,8.0,0.0,8.0,4.0,13.0,1.0,15.0,3.0,15.0,5.0
122.84802610552408,13.0,1.0,8.0,2.0,14.0,1.0,3.0,10.0,14.0,3.0,8.0,6.0,3.0,7.0,7.0,4.0,7.0,5.0,5.0,9.0,7.0,3.0,8.0,0.0,15.0,4.0,13.0,1.0,15.0,3.0,15.0,5.0
251.7992369331185,13.0,1.0,8.0,2.0,14.0,1.0,3.0,10.0,14.0,7.0,8.0,12.0,3.0,7.0,7.0,4.0,7.0,5.0,15.0,9.0,7.0,3.0,8.0,0.0,8.0,4.0,13.0,1.0,10.0,3.0,14.0,5.0
122.21548189294356,13.0,1.0,8.0,2.0,14.0,1.0,3.0,10.0,14.0,3.0,8.0,1.0,3.0,7.0,7.0,4.0,7.0,5.0,15.0,9.0,7.0,1.0,8.0,0.0,8.0,4.0,13.0,1.0,15.0,3.0,2.0,13.0
285.9938909599897,13.0,1.0,8.0,2.0,14.0,1.0,3.0,10.0,14.0,15.0,8.0,1.0,3.0,7.0,7.0,4.0,7.0,5.0,5.0,9.0,7.0,3.0,8.0,0.0,8.0,4.0,13.0,1.0,15.0,3.0,6.0,5.0
211.9304477410891,13.0,1.0,8.0,2.0,14.0,1.0,3.0,10.0,14.0,5.0,8.0,1.0,14.0,7.0,7.0,4.0,7.0,5.0,15.0,9.0,7.0,6.0,8.0,0.0,8.0,4.0,13.0,1.0,10.0,8.0,9.0,5.0
119.02117800687014,13.0,1.0,8.0,2.0,14.0,1.0,3.0,10.0,14.0,3.0,8.0,1.0,3.0,7.0,7.0,4.0,7.0,4.0,5.0,9.0,7.0,3.0,8.0,0.0,8.0,4.0,13.0,1.0,15.0,3.0,6.0,5.0
178.36623891975262,13.0,1.0,8.0,2.0,14.0,6.0,3.0,10.0,14.0,4.0,8.0,4.0,3.0,7.0,7.0,4.0,7.0,8.0,15.0,9.0,7.0,3.0,8.0,0.0,8.0,4.0,13.0,5.0,15.0,3.0,6.0,5.0
212.3370824738177,13.0,1.0,8.0,2.0,14.0,1.0,3.0,10.0,14.0,9.0,8.0,1.0,3.0,7.0,7.0,4.0,7.0,8.0,15.0,9.0,7.0,3.0,8.0,0.0,8.0,4.0,13.0,1.0,15.0,3.0,12.0,5.0
220.34370898255838,13.0,1.0,13.0,2.0,14.0,1.0,3.0,10.0,14.0,3.0,8.0,12.0,3.0,7.0,7.0,4.0,7.0,4.0,15.0,9.0,7.0,3.0,8.0,0.0,8.0,4.0,13.0,1.0,15.0,3.0,7.0,5.0
162.3774955892855,13.0,1.0,8.0,2.0,14.0,6.0,3.0,10.0,14.0,3.0,8.0,6.0,3.0,7.0,7.0,4.0,7.0,5.0,15.0,9.0,7.0,6.0,8.0,0.0,8.0,4.0,13.0,1.0,15.0,3.0,6.0,5.0
117.11635068019665,13.0,1.0,8.0,2.0,14.0,1.0,3.0,10.0,15.0,3.0,8.0,1.0,3.0,7.0,7.0,4.0,7.0,4.0,5.0,9.0,7.0,3.0,13.0,0.0,8.0,4.0,13.0,1.0,15.0,3.0,7.0,5.0
150.96505562087296,11.0,5.0,8.0,2.0,14.0,1.0,3.0,10.0,14.0,3.0,8.0,1.0,3.0,7.0,7.0,4.0,7.0,5.0,5.0,11.0,7.0,3.0,8.0,0.0,8.0,2.0,13.0,1.0,15.0,3.0,15.0,5.0
169.67520108562465,13.0,1.0,8.0,10.0,14.0,1.0,3.0,10.0,14.0,3.0,8.0,1.0,3.0,7.0,7.0,4.0,7.0,5.0,5.0,9.0,7.0,3.0,8.0,0.0,8.0,4.0,13.0,1.0,15.0,3.0,15.0,5.0
325.16803469148334,13.0,12.0,8.0,2.0,14.0,6.0,3.0,10.0,14.0,3.0,8.0,12.0,3.0,7.0,7.0,4.0,7.0,5.0,5.0,9.0,7.0,3.0,8.0,0.0,8.0,4.0,13.0,1.0,15.0,3.0,15.0,5.0
180.84609172866374,13.0,0.0,8.0,2.0,14.0,1.0,3.0,2.0,14.0,3.0,8.0,2.0,3.0,7.0,7.0,4.0,7.0,5.0,5.0,9.0,7.0,3.0,8.0,0.0,8.0,4.0,13.0,1.0,15.0,3.0,6.0,5.0
177.7209340449712,13.0,1.0,13.0,2.0,14.0,6.0,3.0,10.0,14.0,3.0,8.0,1.0,3.0,7.0,7.0,4.0,2.0,5.0,5.0,9.0,7.0,3.0,8.0,0.0,8.0,5.0,13.0,1.0,15.0,3.0,15.0,5.0
115.65942229732602,13.0,1.0,8.0,2.0,14.0,1.0,3.0,10.0,14.0,3.0,8.0,0.0,3.0,7.0,7.0,4.0,7.0,5.0,5.0,9.0,7.0,3.0,8.0,0.0,8.0,4.0,13.0,1.0,15.0,3.0,15.0,5.0
204.9075508319007,7.0,1.0,8.0,2.0,14.0,1.0,3.0,10.0,14.0,3.0,8.0,12.0,3.0,7.0,7.0,4.0,7.0,5.0,5.0,9.0,7.0,3.0,8.0,0.0,8.0,4.0,13.0,1.0,15.0,3.0,15.0,5.0
120.1020561179619,13.0,3.0,8.0,2.0,14.0,1.0,3.0,10.0,14.0,3.0,7.0,5.0,3.0,7.0,7.0,4.0,7.0,5.0,5.0,9.0,7.0,3.0,8.0,0.0,8.0,4.0,13.0,1.0,15.0,3.0,15.0,5.0
173.3305386752448,7.0,1.0,8.0,2.0,14.0,1.0,3.0,11.0,3.0,3.0,8.0,1.0,3.0,7.0,7.0,4.0,7.0,5.0,5.0,9.0,7.0,3.0,8.0,0.0,8.0,4.0,12.0,1.0,15.0,3.0,15.0,5.0
199.8022950828624,7.0,3.0,8.0,2.0,14.0,1.0,3.0,10.0,14.0,3.0,8.0,12.0,3.0,7.0,7.0,4.0,9.0,4.0,5.0,9.0,7.0,3.0,8.0,0.0,8.0,4.0,13.0,1.0,15.0,3.0,15.0,5.0
246.99593462914603,13.0,1.0,8.0,2.0,14.0,1.0,3.0,10.0,14.0,3.0,8.0,6.0,3.0,7.0,7.0,7.0,7.0,14.0,5.0,9.0,7.0,3.0,8.0,0.0,8.0,4.0,13.0,1.0,15.0,3.0,15.0,5.0
182.6646208224196,13.0,1.0,8.0,2.0,14.0,1.0,3.0,10.0,14.0,3.0,8.0,6.0,3.0,7.0,7.0,4.0,7.0,4.0,11.0,9.0,7.0,3.0,13.0,0.0,8.0,5.0,13.0,1.0,15.0,3.0,15.0,5.0
128.0630896038016,13.0,1.0,8.0,2.0,14.0,1.0,3.0,10.0,14.0,3.0,8.0,1.0,9.0,7.0,7.0,4.0,7.0,4.0,5.0,9.0,7.0,3.0,8.0,0.0,8.0,4.0,13.0,1.0,15.0,3.0,15.0,5.0
147.77183220948498,13.0,1.0,8.0,2.0,14.0,6.0,3.0,10.0,14.0,3.0,8.0,0.0,9.0,7.0,7.0,4.0,7.0,5.0,5.0,9.0,7.0,3.0,8.0,0.0,8.0,4.0,13.0,1.0,15.0,3.0,15.0,5.0
161.44791483182718,13.0,1.0,8.0,2.0,14.0,6.0,3.0,10.0,14.0,3.0,8.0,1.0,3.0,7.0,7.0,4.0,7.0,5.0,5.0,9.0,7.0,3.0,8.0,0.0,8.0,4.0,13.0,1.0,15.0,9.0,15.0,5.0
